"peak","gene","score"
"chr11-60455251-60456168","MS4A1",0.459641820381009
"chr9-37408873-37409799","PAX5",0.44219199797327
"chr1-178605685-178606556","RALGPS2",0.428284398051841
"chr1-157806488-157807383","FCRL1",0.416672248917184
"chr9-37374669-37375576","PAX5",0.411975953424862
"chr9-37324122-37324936","PAX5",0.396574921182959
"chr9-36993650-36994557","PAX5",0.387481285467983
"chr8-11545433-11546343","BLK",0.364764250452119
"chr11-60476793-60477701","MS4A1",0.363287443891142
"chr11-60498524-60499348","MS4A1",0.360552224456908
"chr2-100247278-100248169","AFF3",0.359894499315294
"chr4-101806741-101807578","BANK1",0.353756151348909
"chr17-36066287-36067186","CCL5",0.35230721867402
"chr9-37034090-37034923","PAX5",0.346004782834073
"chr10-70603404-70604108","PRF1",0.3435380656847
"chr14-99262151-99263053","BCL11B",0.337977973916466
"chr19-41876957-41877634","CD79A",0.33752653123358
"chr9-37370857-37371704","PAX5",0.336495077445851
"chr8-11491708-11492616","BLK",0.335724586081524
"chr8-24366993-24367888","ADAM28",0.335068010616312
"chr6-150600331-150601096","PLEKHG1",0.329538897347001
"chr15-57299568-57300495","LINC00926",0.328875852175363
"chr6-150622715-150623603","PLEKHG1",0.326537723993586
"chr19-35330225-35331115","CD22",0.32623458501136
"chr2-100395051-100395861","AFF3",0.324877358274636
"chr3-31951943-31952833","OSBPL10",0.32255876522905
"chr10-48671256-48672151","WDFY4",0.322051154884807
"chr14-100375043-100375845","WARS",0.31995949733402
"chr14-103118778-103119687","TNFAIP2",0.319214386254198
"chr9-107489469-107490362","KLF4",0.319210007525348
"chr1-178605685-178606556","ANGPTL1",0.31534095974412
"chr2-85693902-85694778","GNLY",0.314474411787541
"chr14-99603925-99604794","BCL11B",0.31438931790317
"chr10-20003561-20004367","PLXDC2",0.313884343127219
"chr5-111223848-111224738","CAMK4",0.311916949104512
"chr6-90296495-90297323","BACH2",0.310563216671443
"chr11-60931736-60932503","MS4A1",0.310042363721683
"chr19-42364898-42365803","CD79A",0.309535038735169
"chr1-157726513-157727410","FCRL1",0.309164655501699
"chr11-2836868-2837782","CDKN1C",0.308578648788476
"chr22-33567993-33568839","LARGE1",0.307731812824493
"chr5-134086685-134087592","TCF7",0.305742829942981
"chr4-101790355-101791215","BANK1",0.304183049570402
"chr14-99271805-99272719","BCL11B",0.302855395083991
"chr4-90126940-90127832","CCSER1",0.302405542649085
"chr2-100393891-100394705","AFF3",0.300835616536931
"chr5-158774989-158775892","EBF1",0.298463303598606
"chr14-24633901-24634799","GZMH",0.297353357588642
"chr5-35854078-35854845","IL7R",0.296842869101427
"chr4-40576786-40577705","RBM47",0.2958040828083
"chr7-106424687-106425587","NAMPT",0.295547215840854
"chr12-24378532-24379439","SOX5",0.290660510715802
"chr8-55885347-55886231","LYN",0.289144676579645
"chr2-86786003-86786631","CD8A",0.288529232339328
"chr19-51372468-51373378","NKG7",0.288025625332956
"chr6-69881352-69882208","COL19A1",0.285889441453525
"chr9-37293668-37294547","PAX5",0.285853241940694
"chr20-32154901-32155818","HCK",0.285565108942785
"chr1-178581111-178581994","RALGPS2",0.284649566390623
"chr2-86785395-86785893","CD8B",0.283348367213502
"chr2-100142170-100143051","AFF3",0.283306079516266
"chr9-37369407-37370248","PAX5",0.282067010635835
"chr20-47740456-47741335","SULF2",0.281585773342537
"chr17-35890480-35891380","CCL5",0.28044554397828
"chr8-55930206-55931081","LYN",0.279841010426048
"chr19-2710162-2711018","GNG7",0.279787508350714
"chr6-150599271-150600181","PLEKHG1",0.279438224752357
"chr19-2663859-2664788","GNG7",0.278588717699087
"chr2-86785395-86785893","CD8A",0.278276777447114
"chr4-108355329-108356213","LEF1",0.275166613194632
"chr17-36066287-36067186","CCL4",0.273652754275125
"chr9-107637391-107638290","KLF4",0.273042032945296
"chr19-2680582-2681179","GNG7",0.272208780165453
"chr10-48667798-48668693","WDFY4",0.270986736912648
"chr6-90274172-90275075","BACH2",0.270644338609322
"chr5-158820682-158821524","EBF1",0.269239594472405
"chr2-218370283-218371165","SLC11A1",0.268567237864323
"chr17-35879952-35880835","CCL5",0.268518443735664
"chr13-74133711-74134574","KLF12",0.267301823771247
"chr4-108172787-108173619","LEF1",0.267286655710506
"chr2-86825763-86826655","CD8A",0.266874385487117
"chr3-32438742-32439662","OSBPL10",0.266382931050463
"chr10-70610349-70611215","PRF1",0.265701005648915
"chr6-32636874-32637784","HLA-DQA1",0.264795177755664
"chr5-158953695-158954593","EBF1",0.263990396564672
"chr5-95261261-95262171","MCTP1",0.263980877701153
"chr6-33029148-33030010","HLA-DQA1",0.263708620157402
"chr1-178579257-178580155","RALGPS2",0.263465281890827
"chr1-157806488-157807383","FCRL2",0.263191118681126
"chr7-106365014-106365925","NAMPT",0.262890571051944
"chr15-57284250-57285115","LINC00926",0.262682386832572
"chr6-127971733-127972654","THEMIS",0.261985171963725
"chr4-108036001-108036912","LEF1",0.261949975445513
"chr14-95713698-95714617","TCL1A",0.261827125783742
"chr19-42129171-42130058","CD79A",0.261349139678591
"chr4-108168434-108169315","LEF1",0.260613968239165
"chr2-86825763-86826655","CD8B",0.259292080012164
"chr11-60985918-60986814","CD6",0.25886535627796
"chr4-108171246-108172092","LEF1",0.25847356566388
"chr1-157783628-157784464","FCRL1",0.258463823090056
"chr4-101813378-101814251","BANK1",0.25806214858478
"chr4-108072008-108072930","LEF1",0.257418163714406
"chr5-158898127-158898997","EBF1",0.256541181588333
"chr17-10063509-10064398","GAS7",0.255956406726837
"chr6-33029148-33030010","HLA-DRB1",0.255646444602776
"chr12-10128412-10129279","CLEC7A",0.254532211793167
"chr10-96244159-96245058","BLNK",0.253276211081307
"chr5-88826888-88827783","MEF2C",0.252823155040048
"chr2-86786003-86786631","CD8B",0.252549687413286
"chr2-86790609-86791430","CD8A",0.252417356631289
"chr2-218381671-218382577","SLC11A1",0.251337309592463
"chr2-235669112-235669986","AGAP1",0.251162459335398
"chr14-61280437-61281268","PRKCH",0.250617262541261
"chr2-144660733-144661576","ZEB2",0.250437858373237
"chr1-235945975-235946858","LYST",0.249881952963171
"chr11-65776006-65776722","NEAT1",0.249499803434289
"chr3-31980489-31981279","OSBPL10",0.249162328569991
"chr20-24960677-24961559","CST7",0.249003152987449
"chr12-32485380-32486299","FGD4",0.248566231786445
"chr14-61342229-61343114","PRKCH",0.247715526378835
"chr14-24633901-24634799","GZMB",0.247006813561081
"chr14-61337539-61338425","PRKCH",0.246925895451951
"chr11-104163721-104164615","PDGFD",0.246709323734065
"chr8-102097488-102098388","NCALD",0.246574469777779
"chr1-91555802-91556701","TGFBR3",0.246126785818185
"chr8-55939464-55940331","LYN",0.24602695263388
"chr2-40479825-40480733","SLC8A1",0.245362964128502
"chr17-48441065-48441955","SKAP1",0.24471128411348
"chr4-108113026-108113933","LEF1",0.244617717516645
"chr14-98984399-98985289","BCL11B",0.244295942274169
"chr5-83306356-83307257","VCAN",0.244052320544362
"chr22-33920662-33921525","LARGE1",0.243781000590871
"chr14-99229945-99230809","BCL11B",0.243718541550782
"chr9-134371501-134372353","RXRA",0.243289004041619
"chr22-50542310-50543166","TYMP",0.243263064557852
"chr19-2681305-2682103","GNG7",0.242703113688103
"chr6-33029148-33030010","HLA-DQB1",0.242302056681216
"chr20-32068571-32069491","HCK",0.242101807729024
"chr1-157566304-157567220","FCRL1",0.241862404771568
"chr12-31603235-31604101","DENND5B",0.241157331051152
"chr9-37196946-37197841","PAX5",0.240843156574172
"chr1-184387391-184387806","C1orf21",0.240825738265418
"chr9-37004221-37005140","PAX5",0.240755465663816
"chr7-106344714-106345380","NAMPT",0.24062793976575
"chr6-90233718-90234613","BACH2",0.240540065847037
"chr6-32636874-32637784","HLA-DRA",0.240475887925598
"chr19-7701522-7702415","FCER2",0.240177857441785
"chr17-35312775-35313657","SLFN12L",0.239931442090852
"chr7-69597828-69598721","AUTS2",0.239922229047241
"chr8-24387265-24388172","ADAM28",0.239525026426742
"chr1-202197379-202198291","LGR6",0.23950524669851
"chr11-65290458-65291341","NEAT1",0.238822727043855
"chr6-42048361-42049250","CCND3",0.238577490059348
"chr10-33715129-33716030","NRP1",0.238301889697896
"chr12-10305376-10306318","KLRD1",0.238159439370697
"chr2-227163860-227164719","COL4A4",0.237989070101039
"chr1-36203276-36204181","CSF3R",0.23756122639303
"chr22-33057942-33058824","SYN3",0.237396832454389
"chr20-40688893-40689754","MAFB",0.237163905652634
"chr14-91836126-91836967","TC2N",0.236465617763503
"chr8-11537433-11538369","BLK",0.235873790677058
"chr4-108433519-108434450","LEF1",0.235808643355033
"chr4-101699308-101700183","BANK1",0.235267611190984
"chr10-96700394-96701273","BLNK",0.235213359487536
"chr17-48429818-48430667","SKAP1",0.23512308113435
"chr5-134090258-134091181","TCF7",0.235103733329736
"chr12-31590651-31591575","DENND5B",0.234835459576347
"chr5-35810864-35811756","IL7R",0.234663675137633
"chr9-37251297-37252203","PAX5",0.234650890725899
"chr19-42113866-42114760","CD79A",0.234593057777126
"chr8-55972691-55973584","LYN",0.234305773797847
"chr6-167113879-167114664","CCR6",0.233974255330142
"chr11-78424480-78425326","GAB2",0.233944028424485
"chr6-69867021-69867841","COL19A1",0.233677270442255
"chr8-11538748-11539603","BLK",0.233619380656263
"chr3-35664328-35665223","ARPP21",0.233446448430417
"chr14-103122934-103123798","TNFAIP2",0.233262300153185
"chr22-41935930-41936845","TNFRSF13C",0.233171261325999
"chr2-100110350-100111233","AFF3",0.233092070901722
"chr14-99259040-99259940","BCL11B",0.232759895796332
"chr19-39398328-39398865","ZFP36",0.232627108872177
"chr6-33029148-33030010","HLA-DRB5",0.232494917942564
"chr1-178664017-178664926","RALGPS2",0.232444605634126
"chr10-71637771-71638679","PSAP",0.232302413417102
"chr6-14121606-14122523","CD83",0.232167321622084
"chr11-114065783-114066696","ZBTB16",0.231780784940713
"chr6-32636874-32637784","HLA-DRB1",0.231771254228749
"chr4-25874967-25875840","SEL1L3",0.231692923158214
"chr2-60353531-60354436","BCL11A",0.23141046801308
"chr9-37027276-37028183","PAX5",0.231207627039098
"chr6-41271729-41272630","TREM1",0.231194418363912
"chr12-10027460-10028345","CLEC7A",0.231164492308283
"chr2-229415940-229416879","PID1",0.230569458473386
"chr19-49500598-49501497","RPL13A",0.230472642431045
"chr8-11558387-11559292","BLK",0.22977173180163
"chr17-36107652-36108025","CCL5",0.229354408339681
"chr19-8640006-8640907","PRAM1",0.229276317027335
"chr15-51576670-51577563","DMXL2",0.229206193426514
"chr6-42045440-42046338","CCND3",0.229081609921652
"chr1-157773588-157774497","FCRL1",0.228605997073227
"chr14-98931740-98932591","BCL11B",0.228175137875201
"chr17-35888938-35889836","CCL5",0.227815344299776
"chr5-35830338-35831247","IL7R",0.227784922481815
"chr12-10167343-10168261","CLEC7A",0.22771361511687
"chr10-19816110-19816846","PLXDC2",0.226971885188541
"chr7-140252606-140253491","TBXAS1",0.226875809501793
"chr9-37065850-37066766","PAX5",0.226762503187382
"chr1-167517367-167518132","CD247",0.226595028752454
"chr10-20128550-20129459","PLXDC2",0.226561758697974
"chr6-32437089-32438003","HLA-DRA",0.226482329746999
"chr3-31946426-31947264","OSBPL10",0.226472547854317
"chr14-63852727-63853505","SYNE2",0.226470715881816
"chr5-142803187-142804076","ARHGAP26",0.226353895428042
"chr14-99603925-99604794","EVL",0.226320737039505
"chr1-158179350-158180201","FCRL1",0.226306308043923
"chr9-133855611-133856550","RXRA",0.226045915754788
"chr8-66467553-66468455","MYBL1",0.225888996500712
"chr19-54207817-54208730","OSCAR",0.225730732081062
"chr5-88882937-88883762","MEF2C",0.225423847149471
"chr10-96273131-96274042","BLNK",0.225211532534674
"chr2-164761011-164761895","COBLL1",0.225182693454055
"chr17-40602527-40603447","CCR7",0.22501372265012
"chr2-100250439-100251321","AFF3",0.224789771531537
"chr15-51585722-51586634","DMXL2",0.224589168751893
"chr8-11642043-11642961","BLK",0.224532779537982
"chr12-10554271-10555153","KLRK1",0.22433545994322
"chr12-122004023-122004913","BCL7A",0.224051352434888
"chr15-60844338-60845189","RORA",0.223767193325677
"chr14-99191509-99192343","BCL11B",0.223758993460089
"chr19-47388798-47389722","C5AR1",0.223734957946285
"chr15-51619119-51620017","DMXL2",0.223730334580262
"chr11-61041944-61042863","CD6",0.223239147123829
"chr4-85474790-85475691","ARHGAP24",0.222830463297025
"chr6-33027577-33028463","HLA-DQA1",0.222784687171652
"chr1-212485670-212486567","ATF3",0.222713095600212
"chr8-25243365-25244283","DOCK5",0.222583650515935
"chr19-39430465-39431384","ZFP36",0.222055141149236
"chr6-33027577-33028463","HLA-DRB1",0.221708813401834
"chr9-37036698-37037547","PAX5",0.221649325619776
"chr14-91869723-91870612","TC2N",0.221603115983496
"chr12-10303839-10304712","KLRD1",0.220975195787723
"chr5-172886814-172887658","DUSP1",0.220810966963603
"chr6-31572021-31572925","LTB",0.220512143170992
"chr14-91873222-91874080","TC2N",0.220203264759183
"chr2-86790609-86791430","CD8B",0.219403224282095
"chr15-51629338-51630239","DMXL2",0.219047169416076
"chr12-66188798-66189677","IRAK3",0.219015368029447
"chr6-32439352-32440271","HLA-DRA",0.218932924762
"chr6-33029148-33030010","HLA-DPB1",0.218550954863776
"chr22-50541477-50541988","TYMP",0.218316467956564
"chr14-100341112-100342029","WARS",0.218026972051371
"chr1-212488309-212489220","ATF3",0.21790756545366
"chr4-40600719-40601503","RBM47",0.217729880248597
"chr5-157487141-157488026","ADAM19",0.217668717402669
"chr2-142874072-142874948","KYNU",0.217577232953842
"chr6-33029148-33030010","HLA-DPA1",0.217464449580355
"chr1-69566914-69567785","LRRC7",0.217356559324896
"chr20-52973968-52974811","TSHZ2",0.217239936585368
"chr6-150641114-150642019","PLEKHG1",0.216989587299887
"chr8-102107783-102108622","NCALD",0.216786093977017
"chr20-31610368-31611287","HCK",0.216772476304713
"chr20-32052476-32053252","HCK",0.216641042809271
"chr4-85556993-85557856","ARHGAP24",0.216610562502846
"chr4-108080622-108081416","LEF1",0.216579874285474
"chr5-172799900-172800818","DUSP1",0.216531073187666
"chr6-150631281-150632110","PLEKHG1",0.216506901176555
"chr16-57646392-57647269","ADGRG1",0.216455502973081
"chr17-35214028-35214875","SLFN12L",0.216422251551797
"chr10-126469083-126469941","ADAM12",0.216258448003578
"chr12-44847671-44848541","NELL2",0.215976431370786
"chr4-148442109-148443006","NR3C2",0.21590112076815
"chr10-113178964-113179841","TCF7L2",0.215866806384923
"chr2-218733444-218734326","SLC11A1",0.215068095809358
"chr14-99266338-99267194","BCL11B",0.214888481924812
"chr1-150552049-150552940","ADAMTSL4-AS1",0.214551355629261
"chr4-1176946-1177824","SPON2",0.214516350498025
"chr6-150720542-150721411","PLEKHG1",0.214160730770364
"chr15-57281080-57281979","LINC00926",0.213879631430156
"chr1-178575449-178576349","RALGPS2",0.213858926632904
"chr15-60840617-60841512","RORA",0.213691334135782
"chr4-85607349-85608221","ARHGAP24",0.213683675273158
"chr5-83471185-83472042","VCAN",0.213559360135182
"chr4-108166512-108167160","LEF1",0.213268072796029
"chr15-28885624-28886457","APBA2",0.213046470859682
"chr12-10285705-10286575","KLRD1",0.212843077893008
"chr1-157726513-157727410","FCRL2",0.21279278579669
"chr2-164840224-164840923","COBLL1",0.212667487761147
"chr7-22712705-22713548","STEAP1B",0.212649080348406
"chr17-1607069-1607996","SLC43A2",0.212323681003503
"chr11-65487357-65488225","NEAT1",0.212239616843396
"chr4-101693876-101694794","BANK1",0.212233994116767
"chr3-31971987-31972846","OSBPL10",0.211786109588207
"chr20-47735457-47736362","SULF2",0.211767853839367
"chrX-1239465-1240380","CSF2RA",0.211719483561717
"chr6-32473001-32473641","HLA-DRA",0.211595625880414
"chr12-24416244-24417035","SOX5",0.211490456906638
"chr11-78289981-78290835","GAB2",0.211378230382913
"chr19-54207817-54208730","LILRB2",0.211132408087033
"chr17-10151763-10152676","GAS7",0.211081677768537
"chr19-53823952-53824843","OSCAR",0.210907485464861
"chr19-2485864-2486723","GNG7",0.210788759297473
"chr4-142565437-142566309","INPP4B",0.210680971626575
"chr15-57509727-57510581","LINC00926",0.210485385737779
"chr8-11533267-11534072","BLK",0.210278397207862
"chr12-31598807-31599711","DENND5B",0.21027061907869
"chr4-148445080-148445972","NR3C2",0.210247049223293
"chr9-134922319-134923141","FCN1",0.210085686019271
"chr6-32636874-32637784","HLA-DQB1",0.210051970304243
"chr4-108107764-108108652","LEF1",0.210040454449933
"chr4-40301364-40302273","RHOH",0.20989585340433
"chr16-3158378-3159294","IL32",0.209889294184809
"chr5-150398548-150399350","CD74",0.209821459169823
"chr9-37378065-37378974","PAX5",0.20964799502399
"chr6-107736467-107737350","SCML4",0.209635007888568
"chr10-97353751-97354648","RRP12",0.209590515567778
"chr5-172775229-172776129","DUSP1",0.209509151009335
"chr11-128476468-128477362","ETS1",0.209466766364487
"chr11-60457345-60458264","MS4A1",0.209448423370831
"chr10-123997381-123998295","CHST15",0.209440322145297
"chr19-3172150-3172986","GNG7",0.209315567350124
"chr14-99260721-99261536","BCL11B",0.209292495835016
"chr9-134928932-134929832","FCN1",0.208994592998323
"chr19-14784652-14785568","ADGRE5",0.208951827545393
"chr20-32112673-32113517","HCK",0.208879686304596
"chr12-10249525-10250385","KLRD1",0.208851173027007
"chr4-15961557-15962470","FGFBP2",0.208525053298255
"chr5-158812089-158812985","EBF1",0.208343065448185
"chr7-106421207-106422045","NAMPT",0.208111748397705
"chr5-83473343-83474188","VCAN",0.208015623585762
"chr1-206467701-206468607","SRGAP2",0.2080034248583
"chr2-112839189-112840095","IL1B",0.207943752063617
"chr22-35301311-35302145","TOM1",0.20778902019808
"chr20-52971848-52972705","TSHZ2",0.207783595431387
"chr17-40607695-40608651","CCR7",0.207754750362701
"chr9-37382508-37383409","PAX5",0.207736891442071
"chr6-90266730-90267606","BACH2",0.207604888468111
"chr5-134132173-134133085","TCF7",0.207602083587343
"chr14-24609490-24610348","GZMH",0.207568993284859
"chr5-158676547-158677372","EBF1",0.207449916073069
"chr16-31128609-31129478","ITGAX",0.207309615125576
"chr9-36949201-36950070","PAX5",0.207294130594224
"chr10-96287863-96288583","BLNK",0.207273790293335
"chr5-111230095-111230980","CAMK4",0.207256044431879
"chr10-60727779-60728663","ANK3",0.20720387980517
"chr6-32437089-32438003","HLA-DRB1",0.207153481677081
"chr7-28685499-28686396","CREB5",0.207130568233854
"chr3-171460061-171460926","TNIK",0.207010259462105
"chr9-37408873-37409799","ZCCHC7",0.206867564962176
"chr1-36371134-36372048","CSF3R",0.206589248806502
"chr18-2646232-2647146","EMILIN2",0.206433389222828
"chr5-159083761-159084658","EBF1",0.206293998262751
"chr22-50304201-50304954","TYMP",0.206124801010043
"chr19-43674165-43675101","PLAUR",0.205715844297423
"chr5-83368390-83368863","VCAN",0.205583551520378
"chr5-35856399-35857293","IL7R",0.205234909819101
"chr6-33027577-33028463","HLA-DQB1",0.205194816868375
"chr14-103121263-103122146","TNFAIP2",0.205015876874128
"chr9-37100491-37101406","PAX5",0.204840549908273
"chr10-95831987-95832900","BLNK",0.2047394112138
"chr4-142703664-142704562","INPP4B",0.204517487229203
"chr1-167935877-167936703","CD247",0.204421987944182
"chr6-32636874-32637784","HLA-DPB1",0.204205345071286
"chr6-17993224-17994114","KIF13A",0.204174585691995
"chr7-108456066-108456921","NRCAM",0.204120021194426
"chr4-108030065-108030939","LEF1",0.204108085547694
"chr7-22661750-22662657","STEAP1B",0.20404944578132
"chr22-17594459-17595322","MICAL3",0.204025026703511
"chr19-54905621-54906524","NCR1",0.20344530231793
"chr9-90801278-90802173","SYK",0.203355780725151
"chr18-9707749-9708656","RAB31",0.203154220211267
"chr11-61101944-61102839","CD6",0.203147865033517
"chr12-10186114-10186944","CLEC7A",0.203137738285188
"chr10-112852006-112852885","TCF7L2",0.203057274934335
"chr9-73172030-73172869","ANXA1",0.20280093331286
"chr6-127934215-127935117","THEMIS",0.202788759634737
"chr17-66331012-66331878","PRKCA",0.202732471237236
"chr4-40811914-40812599","RBM47",0.202622120139142
"chr9-107760586-107761483","KLF4",0.202483611699476
"chr12-119988561-119989455","RPLP0",0.202462115867401
"chr9-297162-297985","DOCK8",0.202454800541699
"chr1-178486480-178487411","RALGPS2",0.202451331638522
"chr6-41286394-41287271","TREM1",0.202356867056083
"chr9-113187813-113188747","SLC31A2",0.202351686757866
"chr2-172495923-172496828","ITGA6",0.202168134755089
"chr17-35895908-35896782","CCL5",0.202070398636815
"chr11-9615163-9615785","SWAP70",0.202054028955402
"chr1-167518259-167519044","CD247",0.201995887667138
"chr17-10033786-10034667","GAS7",0.20195950769019
"chr5-150429281-150430191","CD74",0.201719460475481
"chr10-31318711-31319532","ZEB1",0.201589573621782
"chr14-63864003-63864897","SYNE2",0.201468540672433
"chr6-32439352-32440271","HLA-DRB1",0.20130634531112
"chr18-3177686-3178603","EMILIN2",0.20110767681864
"chr17-35900286-35901163","CCL5",0.201048871846405
"chr5-80960101-80961019","RASGRF2",0.200962309033317
"chr22-37163859-37164775","IL2RB",0.200765225148223
"chr14-95395944-95396834","TCL1A",0.200467360507296
"chr14-75283766-75284470","FOS",0.200346872349365
"chr11-128302216-128303130","ETS1",0.200209467792106
"chr19-47309311-47310188","C5AR1",0.20003839237618
"chr5-158958005-158958917","EBF1",0.199969913710936
"chr5-142104265-142105159","NDFIP1",0.199962513418615
"chr1-183604229-183605143","NCF2",0.199810994998149
"chr4-90128253-90129060","CCSER1",0.199723878264294
"chr6-90218465-90219262","BACH2",0.199546370236722
"chr9-107674706-107675496","KLF4",0.199519706929433
"chr9-107548076-107548971","KLF4",0.199515904865335
"chr11-61021436-61022323","CD6",0.199427530403788
"chr17-47829609-47830453","TBX21",0.199351111649984
"chr19-49555734-49556588","NOSIP",0.199238277541667
"chr20-32062508-32063353","HCK",0.199015998991165
"chr14-91880728-91881618","TC2N",0.198996686649615
"chr17-82126428-82127353","CD7",0.19896955213922
"chr1-36374361-36375070","CSF3R",0.198913040284805
"chr12-10307494-10308284","KLRD1",0.198872021672725
"chr4-101862324-101863201","BANK1",0.198801580318225
"chr2-16656653-16657528","FAM49A",0.198760717331809
"chr10-69065507-69066355","SRGN",0.198727808878997
"chr5-142095412-142096320","NDFIP1",0.198638654778091
"chr9-107675701-107676580","KLF4",0.198460882650075
"chr6-33570693-33571643","RPS18",0.198424762688715
"chr14-61452234-61453119","PRKCH",0.19833206564442
"chr7-36283403-36284290","AOAH",0.197922047863242
"chr4-40621428-40622319","RBM47",0.197877805222976
"chr8-47737772-47738690","CEBPD",0.197806241278786
"chr5-157252804-157253701","ITK",0.197728000157062
"chr3-111674084-111675008","CD96",0.19769814360301
"chr10-70616586-70617473","PRF1",0.197621521760381
"chr17-27244613-27245619","WSB1",0.197541064355532
"chr7-28799886-28800793","CPVL",0.197527188577425
"chr1-24910850-24911749","RUNX3",0.197274198421451
"chr12-9764551-9765435","CD69",0.197244039028981
"chr1-167491898-167492808","CD247",0.19704590849944
"chr2-86793460-86794316","CD8A",0.197013492195056
"chr10-113151081-113152004","TCF7L2",0.196686335206421
"chr6-69886938-69887733","COL19A1",0.196531676072197
"chr6-144149912-144150816","STX11",0.196246751902423
"chr12-10602523-10603345","KLRD1",0.19609995424202
"chr20-20259260-20260170","RIN2",0.196008461988651
"chr15-57259280-57260151","LINC00926",0.195910750178342
"chr2-86793460-86794316","CD8B",0.195889078641851
"chr8-125971689-125972588","LINC00861",0.195797703165406
"chr2-86808121-86808920","CD8A",0.195744030413953
"chr15-51622499-51623319","DMXL2",0.195466812554048
"chr15-28890558-28891479","APBA2",0.195460852423775
"chr9-107483803-107484576","KLF4",0.195439735089458
"chr2-70029610-70030518","MXD1",0.195312482973056
"chr12-10027460-10028345","CLEC12A",0.195217105704478
"chr2-218744973-218745806","SLC11A1",0.195076562497259
"chr14-91405032-91405961","TC2N",0.195026738045124
"chr1-192813296-192814099","RGS2",0.194896397517572
"chr4-184896648-184897566","ACSL1",0.194767305013909
"chr6-7962955-7963879","TXNDC5",0.194722582115562
"chr10-113169758-113170677","TCF7L2",0.194535982947547
"chr11-60633580-60634423","MS4A1",0.194488943069158
"chr1-158930197-158931056","PYHIN1",0.194393662936414
"chr1-157552015-157552857","FCRL1",0.194310082171611
"chr19-54207817-54208730","LILRB3",0.194179694057445
"chr1-36486365-36487260","CSF3R",0.194162552364852
"chr2-144659422-144660249","ZEB2",0.194158329962719
"chr13-99087313-99088187","DOCK9",0.194129022058103
"chr20-24948732-24949611","CST7",0.19404417858223
"chr17-67440760-67441680","PITPNC1",0.193955006713595
"chr2-60439124-60440032","BCL11A",0.193917316982107
"chr1-184386647-184387285","C1orf21",0.193891771062216
"chr10-125161023-125161948","CTBP2",0.193631910880496
"chr5-35822262-35823114","IL7R",0.193349391820226
"chr19-8640006-8640907","MYO1F",0.193096878514009
"chr17-36107652-36108025","CCL4",0.192928503768798
"chr9-81655724-81656439","TLE1",0.192764576610114
"chr6-32437089-32438003","HLA-DQB1",0.19274560248578
"chr7-101717493-101718373","CUX1",0.192644016459674
"chr5-157265683-157266534","ITK",0.192642475090034
"chr12-9827000-9827869","KLRF1",0.192483916121651
"chr10-114540972-114541878","ABLIM1",0.192414855855566
"chr14-75144728-75145638","FOS",0.192403109781388
"chr8-11589167-11590055","BLK",0.192308225747505
"chr19-54207817-54208730","MYADM",0.192262273880717
"chr5-159052512-159053232","EBF1",0.19224642615926
"chr6-32636874-32637784","HLA-DRB5",0.192076290164035
"chr6-150689927-150690741","PLEKHG1",0.19206614055084
"chr9-120735127-120736043","MEGF9",0.191775415539644
"chr22-50537934-50538689","TYMP",0.191578656808308
"chr14-100553853-100554759","WARS",0.191572405571156
"chr4-40731513-40732373","RBM47",0.191404235357241
"chr7-5423625-5424531","TNRC18",0.191338389174655
"chr6-150765053-150765947","PLEKHG1",0.191276638381921
"chr2-218377827-218378716","SLC11A1",0.19127024997269
"chr7-28408814-28409720","CREB5",0.191216020157859
"chr1-150552049-150552940","CTSS",0.191203762284638
"chr4-151015173-151016116","LRBA",0.191171166782971
"chr17-78252092-78252943","TNRC6C",0.19105761846752
"chr6-127918306-127919237","THEMIS",0.190650746564226
"chr6-33027577-33028463","HLA-DPB1",0.190628382756702
"chr19-2332055-2332920","GNG7",0.190590233317597
"chr11-14554691-14555588","PDE3B",0.190476479678927
"chr1-69648206-69649112","LRRC7",0.190448921845257
"chr14-61335665-61336552","PRKCH",0.190179261102595
"chr6-32439352-32440271","HLA-DQB1",0.190155279938564
"chr9-124223102-124223996","DENND1A",0.190139110683301
"chr5-35858874-35859754","IL7R",0.189951126689701
"chr10-71888489-71889409","PSAP",0.189929154109797
"chr18-46397768-46398636","RNF165",0.189818989723074
"chr10-113093850-113094742","TCF7L2",0.18979195909333
"chr10-48684589-48685326","WDFY4",0.189695361912751
"chr19-54803174-54803941","NCR1",0.189651973400271
"chr10-112835874-112836772","TCF7L2",0.189523255203164
"chr6-152634523-152635405","SYNE1",0.189314891575431
"chr5-80957777-80958685","RASGRF2",0.189305148303369
"chr14-91415790-91416688","TC2N",0.189100194384866
"chr1-24372821-24373720","CNR2",0.189038650958496
"chr12-10128412-10129279","CLEC12A",0.188965531817191
"chr1-23619263-23620168","RPL11",0.188904001413485
"chr20-32034439-32035295","HCK",0.188872727742299
"chr4-142566893-142567747","INPP4B",0.188863557498113
"chr8-55883668-55884509","LYN",0.188851293346606
"chr10-69047827-69048703","SRGN",0.188826705827353
"chr12-9827000-9827869","KLRD1",0.18876877673624
"chr14-95695659-95696542","TCL1A",0.188756012384194
"chr19-35328693-35329591","CD22",0.188728038614041
"chr19-2324784-2325627","GNG7",0.188606925178386
"chr8-55879382-55880221","LYN",0.188550942067879
"chr4-153652319-153653092","TLR2",0.188544786917574
"chr1-27862919-27863840","FGR",0.188488301436364
"chr2-85701217-85702091","GNLY",0.188454659505132
"chr12-66187596-66188214","IRAK3",0.188322056596335
"chr2-229330693-229331605","PID1",0.188262261842957
"chr12-10167343-10168261","CLEC12A",0.188232218627271
"chr6-107824034-107824956","SCML4",0.188229857368229
"chr22-31345646-31346520","PIK3IP1",0.187998231716371
"chr2-33530613-33531519","RASGRP3",0.187977129590985
"chr11-61971509-61972345","FTH1",0.18786758831998
"chr11-60357539-60358440","MS4A1",0.187842867832679
"chr10-72088255-72089092","SPOCK2",0.187690558019366
"chr6-90375469-90376385","BACH2",0.18762740673491
"chr1-241356541-241357332","RGS7",0.187623597805664
"chr14-73463198-73464093","NUMB",0.187574850260396
"chr6-32439352-32440271","HLA-DQA1",0.187541618577562
"chr5-159332698-159333476","EBF1",0.187385669678497
"chr22-39532414-39533296","RPL3",0.187281819552096
"chr22-31278733-31279644","PIK3IP1",0.187120309490908
"chr10-97365485-97366368","RRP12",0.187093018706725
"chr11-114073550-114074479","ZBTB16",0.18707424061513
"chr15-28948357-28949215","APBA2",0.186990604672751
"chr2-234496665-234497501","ARL4C",0.186950063517518
"chr12-9751606-9752440","CD69",0.186889209335123
"chr7-150427397-150428276","LINC00996",0.186856771644071
"chr5-150406830-150407642","CD74",0.186820108618213
"chr19-14784652-14785568","ADGRE2",0.186735123493796
"chr5-61275574-61276467","ZSWIM6",0.186637132778386
"chr4-101126876-101127785","BANK1",0.186508675522673
"chr10-114526449-114527319","ABLIM1",0.186467195323203
"chr17-82317092-82317979","CD7",0.186449118678863
"chr6-111086963-111087868","SLC16A10",0.186339875210216
"chr18-55988277-55989174","TCF4",0.186305860759588
"chr20-24953447-24954330","CST7",0.186292321926764
"chr12-44827750-44828629","NELL2",0.186277002489736
"chr14-75615015-75615883","FOS",0.186210666566965
"chr22-39661970-39662865","GRAP2",0.186175123879406
"chr6-90315325-90316190","BACH2",0.186160444489077
"chr19-54247696-54248604","OSCAR",0.185997512805608
"chr6-14123434-14124340","CD83",0.185953888742425
"chr19-51386743-51387552","NKG7",0.185779492393794
"chr17-27244613-27245619","KSR1",0.185751470063483
"chr1-12183938-12184863","TNFRSF1B",0.18559287804955
"chr19-8195030-8195878","FCER2",0.185503108176475
"chr11-128525245-128526147","ETS1",0.185413216100391
"chr9-123174589-123175451","STRBP",0.185397006482481
"chr11-118088275-118089179","JAML",0.18538836275684
"chr1-212608241-212609093","ATF3",0.185378174599342
"chr11-61954876-61955645","FTH1",0.185177738264801
"chr1-150322354-150323003","ADAMTSL4-AS1",0.18489941640479
"chr7-69824110-69825007","AUTS2",0.184879263402741
"chr10-48677802-48678699","WDFY4",0.184870593867053
"chr11-47390790-47391680","SPI1",0.184792858878566
"chr19-47315042-47315959","C5AR1",0.184760848706927
"chr2-191150577-191151439","STAT4",0.18454396667635
"chr22-38953719-38954616","APOBEC3A",0.184539428340971
"chr5-172361269-172362178","DUSP1",0.184169130812669
"chr1-243850190-243851023","AKT3",0.184103960506275
"chr1-158113165-158114048","FCRL1",0.184034050149472
"chr12-9009834-9010731","A2M",0.184025172190076
"chr2-47072573-47073329","TTC7A",0.183796564976109
"chr19-50415439-50416243","SPIB",0.183779121716021
"chr22-40324365-40325173","GRAP2",0.183774753569155
"chr9-107480145-107481009","KLF4",0.183712252934535
"chr11-66257054-66257926","PACS1",0.183573201005888
"chr19-8423596-8424403","PRAM1",0.183513047349544
"chr10-128064376-128065279","PTPRE",0.183494189159622
"chr12-69039640-69040540","LYZ",0.183447749255463
"chr2-112836372-112837274","IL1B",0.183379947827261
"chr6-32473001-32473641","HLA-DRB1",0.183198424385448
"chr13-99434138-99435051","DOCK9",0.183108783304217
"chr12-9760684-9761272","CD69",0.183009211412012
"chr19-54373490-54374378","OSCAR",0.182966223315818
"chr14-91867136-91867997","TC2N",0.182777557793507
"chr2-217934393-217935147","SLC11A1",0.182700929980698
"chr7-22709489-22710281","STEAP1B",0.182628666611965
"chr22-18004901-18005817","MICAL3",0.182534698560846
"chr6-32589385-32590284","HLA-DRA",0.182531910155803
"chr17-10156670-10157563","GAS7",0.182502913022079
"chr17-3966501-3967313","P2RX5",0.182472262190758
"chr12-44876094-44876881","NELL2",0.182383951531183
"chr8-25184220-25185125","DOCK5",0.18232680373598
"chr6-33027577-33028463","HLA-DRB5",0.182249627646254
"chr9-107513223-107514126","KLF4",0.182171045355109
"chr9-37374669-37375576","ZCCHC7",0.182170964405727
"chr9-37002184-37003107","PAX5",0.182155124478447
"chr20-44586017-44586891","PKIG",0.182102811506596
"chr6-32636874-32637784","HLA-DPA1",0.182035716604846
"chr11-60485671-60486564","MS4A1",0.181959615795914
"chr9-107644764-107645667","KLF4",0.181806778922891
"chr2-227163860-227164719","COL4A3",0.181780597688968
"chr6-150633872-150634672","PLEKHG1",0.181741114728267
"chr6-32437089-32438003","HLA-DQA1",0.181731441925038
"chr18-45103137-45104060","SETBP1",0.181625778171131
"chr5-9362934-9363787","SEMA5A",0.181605273523441
"chr9-16871381-16872247","BNC2",0.181593668888425
"chr9-16884671-16885516","BNC2",0.181573208353546
"chr1-178608123-178609025","RALGPS2",0.181497218352688
"chr7-100368900-100369786","PILRA",0.181477552273409
"chr2-144414189-144415036","ZEB2",0.181453101281876
"chr6-11350045-11350956","TMEM170B",0.181236786451893
"chr9-107976519-107977421","KLF4",0.181171053624099
"chr1-167489268-167490122","CD247",0.181127293410339
"chr20-47767975-47768896","SULF2",0.180991707763801
"chr8-11494177-11494976","BLK",0.180821667821425
"chr5-143002370-143003288","ARHGAP26",0.180776054046433
"chr1-183590263-183591130","NCF2",0.180637603696155
"chr8-11530589-11531460","BLK",0.180499528729999
"chr1-23728289-23729148","CNR2",0.180390134998466
"chr11-9745276-9746172","SWAP70",0.180210806314921
"chr8-124728133-124729004","MTSS1",0.180147914964177
"chr1-192936370-192937269","RGS2",0.180088198499886
"chr2-60840628-60841526","BCL11A",0.179811096865803
"chr14-61670817-61671716","PRKCH",0.17979760034907
"chr19-2223698-2224535","GNG7",0.179687159132381
"chr17-40582069-40582970","CCR7",0.179570758789296
"chr2-85684448-85685283","GNLY",0.179529725899773
"chr14-75298689-75299548","FOS",0.179333290380091
"chr4-40710434-40711212","RBM47",0.179324097260327
"chr9-37390523-37391422","PAX5",0.179240845706912
"chr2-60352209-60352916","BCL11A",0.179135125651701
"chr6-32589385-32590284","HLA-DRB1",0.179077961021127
"chr16-31354463-31355334","ITGAX",0.179036854225688
"chr5-83312388-83313295","VCAN",0.178976909761986
"chr22-23752289-23753022","VPREB3",0.178921234532942
"chr1-157806488-157807383","FCRL3",0.178897042778544
"chr3-16285927-16286760","OXNAD1",0.178885852215286
"chr19-3788859-3789737","MATK",0.17885691034074
"chr1-157566304-157567220","FCRL2",0.178799439840425
"chr4-86593860-86594706","PTPN13",0.178684445512741
"chr3-16300785-16301668","OXNAD1",0.178671852493676
"chr1-157806488-157807383","FCRL5",0.178607755055775
"chr15-68631298-68632214","CORO2B",0.178586613544354
"chr4-184850876-184851737","ACSL1",0.178402005533062
"chr9-91197068-91197876","SYK",0.178351992075764
"chr1-178581111-178581994","ANGPTL1",0.178312396725236
"chr10-33133883-33134772","ITGB1",0.178298983094846
"chr2-99140923-99141840","MGAT4A",0.178257911394323
"chr4-84966338-84967209","WDFY3",0.178199641857016
"chr1-24502427-24503181","RCAN3",0.178177437128695
"chr9-123340260-123341070","STRBP",0.178162166838682
"chr12-10279695-10280578","KLRD1",0.178116096111953
"chr2-40394287-40395087","SLC8A1",0.17805438317171
"chr22-18057313-18057978","MICAL3",0.177988729738716
"chr13-41456956-41457865","RGCC",0.17797248004781
"chr9-134372770-134373528","RXRA",0.177900845332084
"chr1-178724756-178725674","RALGPS2",0.177874782529882
"chr5-157265683-157266534","CYFIP2",0.17781598085002
"chr12-10497360-10498251","KLRK1",0.177814306019079
"chr12-9647708-9648631","CD69",0.177786050414084
"chr6-33027577-33028463","HLA-DOB",0.177677221778194
"chr5-142798159-142799047","ARHGAP26",0.177673988572172
"chr6-127900693-127901613","THEMIS",0.177655003852704
"chr10-70602464-70603259","PRF1",0.177626351254505
"chr5-172881627-172882543","DUSP1",0.177593675499262
"chr15-38652767-38653640","RASGRP1",0.177451557164083
"chr5-157193470-157194379","ITK",0.177446390277776
"chr5-95081275-95082139","MCTP1",0.177436824335735
"chr13-31950939-31951851","FRY",0.177317672162117
"chr6-33029148-33030010","HLA-DMA",0.177315685693908
"chr8-125941812-125942733","LINC00861",0.177282157428461
"chr1-156114124-156115057","LMNA",0.177271384055988
"chr4-184856011-184856922","ACSL1",0.177116990499297
"chr4-108049172-108050060","LEF1",0.177062653445842
"chr3-122769200-122770113","PARP14",0.177004775718663
"chr14-21085116-21086019","ARHGEF40",0.176924556170287
"chr9-113125152-113126071","SLC31A2",0.176735991902188
"chr5-157172102-157173019","ITK",0.176576015651283
"chr9-123343311-123343952","STRBP",0.176539384000691
"chr12-10249525-10250385","KLRF1",0.17650801697033
"chr19-8423596-8424403","MYO1F",0.176469788022955
"chr1-23554512-23555403","RPL11",0.176431227425812
"chr4-108028968-108029740","LEF1",0.176406404109772
"chr8-11507804-11508698","BLK",0.176279115292351
"chr11-61332731-61333642","CD6",0.176108404692607
"chr19-37928233-37929148","SIPA1L3",0.176058656301339
"chr9-37187375-37188251","PAX5",0.175996522914402
"chr17-10021040-10021915","GAS7",0.175883374202533
"chr11-65150470-65151365","NEAT1",0.175790220794721
"chr2-161905194-161906134","SLC4A10",0.175703654272698
"chr1-91548831-91549653","TGFBR3",0.175550684493742
"chr2-100234876-100235780","AFF3",0.175485159691052
"chr5-158752124-158752978","EBF1",0.175475691869583
"chr7-106417872-106418745","NAMPT",0.175443893288087
"chr5-81006757-81007658","RASGRF2",0.175433411661172
"chr5-9545753-9546671","SEMA5A",0.175249793303016
"chr1-25065645-25066533","RUNX3",0.175232697623427
"chr10-78756506-78757408","ZMIZ1",0.175177479298085
"chr4-108359121-108359971","LEF1",0.17505420009863
"chr22-38967490-38968394","APOBEC3A",0.174921311709183
"chr2-143068225-143069130","KYNU",0.174917013784929
"chr4-40283762-40284612","RHOH",0.17488881918829
"chr5-157303522-157304450","ITK",0.174854277783845
"chr2-100113748-100114649","AFF3",0.17483620643158
"chr17-1577035-1577871","SLC43A2",0.174767019033986
"chr1-183363728-183364618","NCF2",0.174620613734577
"chr2-169604560-169605415","LRP2",0.174556177670471
"chr19-49555734-49556588","RPL13A",0.174549034951161
"chr6-11206823-11207700","TMEM170B",0.174538947937906
"chr19-42201461-42202251","POU2F2",0.174512067249827
"chr22-31286091-31286957","PIK3IP1",0.174428240533121
"chr1-17629740-17630644","ARHGEF10L",0.174405551094326
"chr19-18173094-18173997","IFI30",0.174365589766726
"chr2-229300616-229301437","PID1",0.174355370719358
"chr17-10172152-10172996","GAS7",0.174191081393509
"chr19-41945089-41945986","CD79A",0.174115464011472
"chr4-85701671-85702557","ARHGAP24",0.174082321059064
"chr16-31351880-31352750","ITGAX",0.173864606721621
"chr14-95725626-95726489","TCL1A",0.173841241961322
"chr10-6583134-6584046","PRKCQ",0.173824533738369
"chr18-2844917-2845751","EMILIN2",0.173736448607063
"chr14-24692723-24693627","GZMH",0.173731530376006
"chr12-128843624-128844373","GLT1D1",0.173713562748679
"chr9-133862484-133863408","RXRA",0.173639995937357
"chr8-37900312-37901003","RAB11FIP1",0.173607623828366
"chr14-24609490-24610348","GZMB",0.173586450249884
"chr22-39532414-39533296","GRAP2",0.173476599107129
"chr19-35323865-35324739","CD22",0.173429266010217
"chr6-17907393-17908267","KIF13A",0.173351495849099
"chr13-66886880-66887696","PCDH9",0.173201763911812
"chr1-157783628-157784464","FCRL2",0.173156806097342
"chr14-63857212-63858110","SYNE2",0.173042916908939
"chr1-178664017-178664926","ANGPTL1",0.172991990209224
"chr2-60413501-60414389","BCL11A",0.172970975933649
"chr4-25878417-25879274","SEL1L3",0.172951296313739
"chr7-139859934-139860801","TBXAS1",0.172871287218301
"chr1-157726513-157727410","FCRL3",0.172758545619693
"chr2-229282878-229283770","PID1",0.172532411897737
"chr19-15210026-15210931","ADGRE2",0.172433302948689
"chr5-80191894-80192636","SERINC5",0.17243230568234
"chr9-37402828-37403675","PAX5",0.172388624263481
"chr17-78592137-78593016","TIMP2",0.172347406357923
"chr6-32473001-32473641","HLA-DQB1",0.172243715583535
"chr11-128304657-128305510","ETS1",0.172221386583749
"chrX-69615585-69616437","EDA",0.172212808857543
"chr3-18444889-18445735","SATB1-AS1",0.172182486369244
"chr10-113153454-113154360","TCF7L2",0.172157669563038
"chr6-32815671-32816454","HLA-DQA1",0.172075756193814
"chr1-235879804-235880640","LYST",0.172023368749233
"chr6-90285610-90286505","BACH2",0.171948945606383
"chr18-9827956-9828853","RAB31",0.171771808399895
"chr5-80152628-80153386","SERINC5",0.171718173415008
"chr5-157485778-157486731","ADAM19",0.171684081839014
"chr3-31981412-31982027","OSBPL10",0.171605887829925
"chr19-35484411-35485321","CD22",0.171489290943323
"chr10-113320787-113321655","TCF7L2",0.171202806021194
"chr19-53823952-53824843","MYADM",0.171187780764055
"chr19-54247696-54248604","MYADM",0.171152261553143
"chr3-122233149-122233962","PARP14",0.171148047809197
"chr9-107750478-107751333","KLF4",0.171144676322087
"chr6-62285780-62286657","KHDRBS2",0.171083627741732
"chr10-71828879-71829777","PSAP",0.171074115113732
"chr9-37324122-37324936","ZCCHC7",0.171063182542307
"chr6-150632671-150633428","PLEKHG1",0.171035747474913
"chr17-3693519-3694385","P2RX5",0.171021000849707
"chr2-229408326-229409093","PID1",0.171017478600106
"chr13-114148243-114149140","RASA3",0.170987443356568
"chr17-78252092-78252943","TMC8",0.170940210716364
"chr10-124144852-124145754","CHST15",0.170921392456719
"chr19-35316450-35317154","CD22",0.170848289577147
"chr8-18082857-18083526","ASAH1",0.170762740845046
"chr2-60971379-60972112","BCL11A",0.170749064653831
"chr2-100104467-100105364","AFF3",0.170713687966394
"chr4-40563563-40564406","RBM47",0.170698854594665
"chr13-40187063-40187875","FOXO1",0.170646785496279
"chr3-72101962-72102796","LINC00877",0.170634613815857
"chr22-18000998-18001945","MICAL3",0.170529077630802
"chr4-101842851-101843736","BANK1",0.170426099819401
"chr14-75301485-75302380","FOS",0.1703538659091
"chr4-153661140-153662030","TLR2",0.170352128901337
"chr6-33620796-33621715","RPS18",0.170187341010583
"chr17-48439701-48440495","SKAP1",0.170176818875005
"chr10-79083961-79084828","ZMIZ1",0.170043784527483
"chr2-86807161-86807956","CD8A",0.169943258615546
"chr10-128050708-128051497","PTPRE",0.169906531688928
"chr1-27885463-27886053","FGR",0.169870755197331
"chr22-17964338-17965250","MICAL3",0.169649528313938
"chr1-27625911-27626730","FGR",0.169631989843506
"chr1-178579257-178580155","ANGPTL1",0.169615674394989
"chr22-41919321-41920274","TNFRSF13C",0.169609073134672
"chr2-84845847-84846745","TRABD2A",0.16949915499249
"chr2-234292186-234293030","ARL4C",0.169498581984279
"chr5-150410349-150411088","CD74",0.169468767001088
"chr2-218045996-218046850","SLC11A1",0.169432222289561
"chr9-107465366-107466227","KLF4",0.169411377436759
"chr2-16653489-16654342","FAM49A",0.169396810865552
"chr14-75188365-75189268","FOS",0.169356744880373
"chr2-85853122-85853663","GNLY",0.16933105690699
"chr22-46433332-46434034","CELSR1",0.169287515217872
"chr18-63161473-63162315","BCL2",0.169231463655282
"chrX-23786459-23787189","SAT1",0.169149055553425
"chr10-96726576-96727492","BLNK",0.169014771593106
"chr4-148052217-148053109","NR3C2",0.168846756851099
"chr9-37386826-37387688","PAX5",0.168834012256368
"chr11-61120479-61121361","CD6",0.168816612979844
"chr6-32437089-32438003","HLA-DRB5",0.168774447345641
"chr19-53823952-53824843","LILRB3",0.168702248766657
"chr20-32050923-32051727","HCK",0.168641686972905
"chr2-95076471-95077352","MAL",0.168614964555695
"chr6-15066515-15067419","JARID2",0.168583623779116
"chr7-90708617-90709485","CDK14",0.168524247460837
"chr16-73068455-73069379","ZFHX3",0.16851829362474
"chr20-53001565-53002106","TSHZ2",0.168427562167337
"chr21-29183771-29184668","BACH1",0.168425108497591
"chr13-74287630-74288467","KLF12",0.168413220669354
"chr7-36742648-36743521","AOAH",0.168275392303852
"chr3-71372713-71373610","FOXP1",0.168270158971729
"chr17-40565057-40565940","CCR7",0.16819400958676
"chr1-25774648-25775534","LDLRAP1",0.168075191248236
"chr16-3503289-3504185","IL32",0.167955842208351
"chr17-82200549-82201434","CD7",0.167918461646992
"chr10-128053863-128054776","PTPRE",0.167893651750628
"chr14-61443992-61444893","PRKCH",0.167843385284844
"chr17-1607069-1607996","ABR",0.16775979388065
"chr2-86807161-86807956","CD8B",0.167690997965231
"chr18-9774961-9775829","RAB31",0.167629703138978
"chr19-703567-704496","ARID3A",0.167621506002394
"chr1-192954612-192955520","RGS2",0.167600035651886
"chr3-31947579-31948475","OSBPL10",0.167565536483171
"chr4-15963077-15963888","FGFBP2",0.167442727968365
"chr9-20314732-20315635","MLLT3",0.167437145780968
"chr17-36082339-36083172","CCL5",0.167423850597608
"chr17-76191617-76192477","RNF157",0.167331565207984
"chr3-72100462-72101320","LINC00877",0.167104554750329
"chr4-1203452-1204262","SPON2",0.166977607834863
"chr3-11077246-11078135","ATG7",0.16694502380052
"chr19-37978727-37979500","SIPA1L3",0.166922552180934
"chr11-111367669-111368507","POU2AF1",0.166901173491669
"chr14-98223502-98224409","LINC01550",0.166802157785655
"chr2-235710214-235711145","AGAP1",0.166768974102327
"chr1-157566304-157567220","FCRL5",0.166696720711555
"chr6-32439352-32440271","HLA-DRB5",0.16662556932013
"chr10-3720291-3721195","KLF6",0.166624366345411
"chr12-9009834-9010731","PZP",0.166616083025641
"chr6-33018680-33019545","HLA-DQA1",0.16656916513926
"chr7-100371961-100372808","PILRA",0.16656329281109
"chr14-75427519-75428389","FOS",0.166493165286826
"chr1-178618890-178619779","RALGPS2",0.166486541806811
"chr19-45514824-45515713","FOSB",0.166459569182318
"chr10-71597916-71598806","PSAP",0.166458309846564
"chr6-32689991-32690727","HLA-DQA1",0.166450143071918
"chr2-60355784-60356676","BCL11A",0.166418367381841
"chr14-75297088-75298024","FOS",0.166330819152118
"chr2-45729635-45730525","PRKCE",0.166296788273411
"chr6-32589385-32590284","HLA-DQB1",0.166275492952842
"chr16-10876608-10877526","CIITA",0.166256796833309
"chr22-25563524-25564238","GRK3",0.166221939590634
"chr8-24293578-24294484","ADAM28",0.166170961399132
"chr10-48672577-48673442","WDFY4",0.166055781860112
"chr6-33018680-33019545","HLA-DRB1",0.165975091595062
"chr15-94304886-94305781","MCTP2",0.165916034562926
"chr20-50274658-50275568","CEBPB",0.165898349505339
"chr2-86808121-86808920","CD8B",0.165862178770705
"chr22-17241729-17242614","IL17RA",0.165829608936078
"chr9-107989274-107990154","KLF4",0.165755106176465
"chr6-33073244-33074127","HLA-DQB1",0.165635348738017
"chr9-133845123-133846028","RXRA",0.165621342087408
"chr19-7868954-7869897","RPS28",0.165475399137769
"chr11-73152618-73153442","FCHSD2",0.165458198262654
"chr20-1944840-1945767","SIRPB2",0.165443915300903
"chr12-52060073-52060998","NR4A1",0.165427784302312
"chr12-9647708-9648631","CLEC2D",0.165334437802825
"chr20-51404390-51405281","NFATC2",0.165333474240098
"chr19-54207817-54208730","NLRP12",0.165320576549145
"chr2-8425197-8425996","LINC00299",0.165307354655849
"chr19-49500598-49501497","RPS11",0.165262160060209
"chr10-71805553-71806447","PSAP",0.165187017712762
"chr4-142847007-142847820","INPP4B",0.165130087959456
"chr17-1586810-1587718","SLC43A2",0.165104077869874
"chr7-66758663-66759566","RABGEF1",0.165032534699787
"chr12-69347961-69348804","LYZ",0.164998827705333
"chr4-142354783-142355702","INPP4B",0.164976917481984
"chr17-1467671-1468551","SLC43A2",0.16492847201412
"chr4-142406840-142407742","INPP4B",0.16479780841126
"chr19-18374089-18374984","IFI30",0.164767191923928
"chr13-73715278-73716166","KLF12",0.164747198773759
"chr10-6542904-6543699","PRKCQ",0.164590035989588
"chr21-41167566-41168484","BACE2",0.164561039132429
"chr1-100452358-100453266","CDC14A",0.164506427676466
"chr17-16980940-16981713","TNFRSF13B",0.164465810512963
"chr5-157180377-157181294","ITK",0.164459323183131
"chr5-180069565-180070387","RNF130",0.164381084782895
"chr2-172427101-172427907","ITGA6",0.164373673971473
"chr14-61388259-61389137","PRKCH",0.164366607057726
"chr8-102122968-102123583","NCALD",0.164329685264318
"chr5-158884881-158885779","EBF1",0.164287197824133
"chr9-73168252-73169090","ANXA1",0.164281052248332
"chr5-157271525-157272425","CYFIP2",0.164255755679029
"chr14-99241001-99241813","BCL11B",0.164241410693468
"chr11-66312209-66313156","PACS1",0.164199449803595
"chr17-35529585-35530427","CCL5",0.16417178927158
"chr20-25321216-25322108","CST7",0.164155356638803
"chr8-66490494-66491407","MYBL1",0.164122560070198
"chr9-87792609-87793406","DAPK1",0.164103851776125
"chr15-38564439-38565125","RASGRP1",0.164070664385151
"chr6-127950913-127951754","THEMIS",0.164048632153093
"chr2-229313351-229314236","PID1",0.163965699528552
"chr2-60317647-60318524","BCL11A",0.163913156914178
"chr15-52012907-52013842","DMXL2",0.163908252334074
"chr17-67474980-67475877","PITPNC1",0.163877378878417
"chr11-61083338-61084158","CD6",0.163836385515625
"chr5-80181354-80182178","SERINC5",0.163677321473072
"chr9-72925238-72926107","ANXA1",0.163653113320889
"chr6-33073244-33074127","HLA-DQA1",0.163581836181106
"chr22-50542310-50543166","SCO2",0.16357821649391
"chr19-35085731-35086583","CD22",0.163513579744555
"chr6-33027577-33028463","HLA-DPA1",0.163470641176098
"chr17-40612614-40613520","CCR7",0.163437515767615
"chr4-184329761-184330651","ACSL1",0.163332799677693
"chr1-158179350-158180201","FCRL2",0.163316783918815
"chr1-247359956-247360772","NLRP3",0.163314203981643
"chr4-139872059-139872962","MAML3",0.163247770555077
"chr9-109971999-109972902","PALM2-AKAP2",0.163213590512672
"chr15-91942712-91943619","SLCO3A1",0.163160611941254
"chr6-32816685-32817553","HLA-DQA1",0.163078553837647
"chr19-54900862-54901771","FCAR",0.163031637610536
"chr15-28973867-28974781","APBA2",0.163008576404176
"chr5-175853359-175854255","HRH2",0.162971622641671
"chr1-178418334-178419146","RALGPS2",0.162963624802683
"chr19-6056953-6057875","RFX2",0.162959302744076
"chr9-16870113-16870939","BNC2",0.162905957118044
"chr13-46377199-46377959","RUBCNL",0.162831376085914
"chr16-57589132-57589863","ADGRG1",0.162796168041432
"chr19-53829732-53830632","MYADM",0.162751710452343
"chr5-180975086-180975978","BTNL9",0.162732180654589
"chr2-95025392-95026329","MAL",0.162698831204268
"chr3-111541682-111542586","CD96",0.16265065226359
"chr19-54804097-54804892","NCR1",0.162637335120694
"chr13-40485397-40486319","FOXO1",0.162631914556122
"chr1-12152997-12153892","TNFRSF1B",0.162616948379632
"chr10-93386634-93387557","MYOF",0.16252685080409
"chr1-27904257-27905143","FGR",0.162492059197578
"chr4-40238573-40239440","RHOH",0.162484220244707
"chr7-36749096-36749963","AOAH",0.162466001800702
"chr2-136136000-136136902","CXCR4",0.162423383397764
"chr15-94272209-94273125","MCTP2",0.162409767493913
"chr11-61025955-61026809","CD6",0.162401526572777
"chr9-36993650-36994557","ZCCHC7",0.162385667495958
"chr9-37034090-37034923","ZCCHC7",0.162370697605771
"chr1-158924436-158925270","PYHIN1",0.162296624547028
"chrX-1316288-1317201","CSF2RA",0.162259868322554
"chr5-172409880-172410741","DUSP1",0.162232856515766
"chr11-60377729-60378168","MS4A6A",0.162184505634123
"chr2-172223259-172224148","ITGA6",0.162156101169219
"chr1-235892716-235893575","LYST",0.162121082612302
"chr22-37162262-37163173","IL2RB",0.162104740508972
"chr8-141137713-141138627","DENND3",0.162086786862514
"chr17-77958075-77958960","TNRC6C",0.162080978332486
"chr4-141311403-141312255","IL15",0.162069657396851
"chr19-18392179-18393099","IFI30",0.16203086784267
"chr3-72082142-72083041","LINC00877",0.162014542944579
"chr11-66371386-66372262","PACS1",0.16197043209197
"chr19-45455802-45456648","FOSB",0.161961336544426
"chr18-44759045-44759928","SETBP1",0.161954859521402
"chr10-33117563-33118452","ITGB1",0.161953632674934
"chr12-10130974-10131771","CLEC7A",0.161925021067774
"chr18-46009151-46010025","PSTPIP2",0.161903034929053
"chr6-32589385-32590284","HLA-DQA1",0.161879133575301
"chr19-58097873-58098760","RPS5",0.161864700784499
"chr14-98189266-98190134","LINC01550",0.161822370388661
"chr11-117841805-117842672","JAML",0.161755465133369
"chr1-11790596-11791506","TNFRSF1B",0.161740464150218
"chr15-98648010-98648881","IGF1R",0.161730225496207
"chr11-61961633-61962460","FTH1",0.161702576195002
"chr8-65951473-65952376","PDE7A",0.161683233203272
"chr10-71890013-71890773","PSAP",0.161598932632051
"chr11-73384758-73385615","FCHSD2",0.161539318456326
"chr6-150574280-150575162","PLEKHG1",0.161449209119823
"chr4-40196496-40197329","RHOH",0.161408907559661
"chr12-40208487-40209376","LRRK2",0.161403201429936
"chr19-7337385-7338285","FCER2",0.161401705212593
"chr11-14764902-14765787","PDE3B",0.161386661038978
"chr9-107487053-107487835","KLF4",0.16137264676147
"chr11-60684166-60684926","MS4A1",0.161250179682878
"chr12-10397212-10398014","KLRK1",0.161100024494245
"chr19-38046019-38046924","SIPA1L3",0.161096217070116
"chr8-24385984-24386678","ADAM28",0.161092884120959
"chr3-134794794-134795627","EPHB1",0.161056765702611
"chr22-46280739-46281627","TTC38",0.161018772588247
"chr1-157709185-157709852","FCRL1",0.161000725092433
"chr5-142880905-142881588","ARHGAP26",0.160915848721922
"chr7-101370533-101371448","COL26A1",0.160862863397846
"chr19-14510529-14511459","ADGRE5",0.160771790998703
"chr9-27598854-27599738","C9orf72",0.160757431797496
"chr1-154328236-154329140","RPS27",0.160671090415141
"chr2-95074337-95075251","MAL",0.160650998780213
"chr17-10036301-10037179","GAS7",0.160638962157839
"chr19-49500598-49501497","NOSIP",0.160634567933461
"chr9-73151405-73152300","ANXA1",0.160588332223464
"chr6-33343580-33344436","RPS18",0.160576986522188
"chr10-93363728-93364625","MYOF",0.160571404301223
"chr8-47627431-47628343","CEBPD",0.160543991863882
"chr9-20622120-20622924","MLLT3",0.160537246711113
"chr2-84841340-84842239","TRABD2A",0.160523169999288
"chr6-11323372-11324287","TMEM170B",0.160514815651496
"chr1-212634870-212635734","ATF3",0.160514485022132
"chr17-16971713-16972628","TNFRSF13B",0.160490654738495
"chr8-24330214-24331108","ADAM28",0.160460678295116
"chr7-108463365-108464254","NRCAM",0.160447646210143
"chr1-206922854-206923724","FCMR",0.160421771319536
"chr6-33018680-33019545","HLA-DQB1",0.160414933764626
"chr19-53823952-53824843","LILRB2",0.160376144814811
"chr7-22694351-22695275","STEAP1B",0.160251190309329
"chr19-49567813-49568678","RPL13A",0.16022621948826
"chr10-12074801-12075676","USP6NL",0.160123950245994
"chr6-32473001-32473641","HLA-DRB5",0.16011927485837
"chr19-7750996-7751869","FCER2",0.160079902535295
"chr16-72931436-72932461","ZFHX3",0.160027392948712
"chr2-166375533-166376422","SCN9A",0.159952557344308
"chr19-54906929-54907659","NCR1",0.159935356757965
"chr3-111609960-111610866","CD96",0.159930643615068
"chr10-19826563-19827389","PLXDC2",0.159912243151185
"chr3-11273761-11274598","ATG7",0.159885652321753
"chr11-76630200-76630817","ACER3",0.159785149346466
"chr12-46214791-46215650","SLC38A1",0.159746173810281
"chr20-5647679-5648581","GPCPD1",0.159667843822509
"chr19-703567-704496","CFD",0.159644624084321
"chr2-60446435-60447308","BCL11A",0.159595131946137
"chr7-47969832-47970713","TNS3",0.159588364735111
"chr20-23655588-23656462","CST3",0.159584506771591
"chr21-29099661-29100527","BACH1",0.159570818903144
"chr10-79331473-79332346","ZMIZ1",0.159555495951675
"chr8-80099538-80100177","TPD52",0.159553650787534
"chr4-105144904-105145691","TET2",0.159478230149132
"chr6-90080686-90081560","BACH2",0.159471818823295
"chr19-49339978-49340890","CD37",0.159356573539504
"chr8-102123709-102124467","NCALD",0.159325673130251
"chr4-75099103-75099978","PARM1",0.159311764777332
"chr11-86486358-86487254","PRSS23",0.159263901266009
"chr1-167516338-167517079","CD247",0.159246398791093
"chr9-134936487-134937389","FCN1",0.159190116440761
"chr2-136117740-136118551","CXCR4",0.159161836711912
"chr12-55929115-55930002","RPL41",0.159140754204033
"chr15-57527179-57528090","LINC00926",0.159133046072215
"chr14-97977825-97978629","LINC01550",0.159126438378478
"chr8-47600463-47601343","SPIDR",0.159107477685508
"chr1-91885717-91886547","TGFBR3",0.159104998648342
"chr11-72743575-72744504","FCHSD2",0.159090365453257
"chr2-172462865-172463745","ITGA6",0.159063531263537
"chr19-54572416-54573211","OSCAR",0.159029567011646
"chr2-69985467-69986372","MXD1",0.159015797269132
"chr1-157704647-157705541","FCRL1",0.158986328010978
"chr7-87474322-87475222","ABCB4",0.158966010546794
"chr9-36995682-36996611","PAX5",0.158926157102433
"chr19-54047349-54048256","OSCAR",0.158918917688126
"chr1-161705225-161706113","FCRLA",0.158892091013412
"chr6-142944260-142944937","HIVEP2",0.1588638703641
"chr10-6529972-6530851","PRKCQ",0.158852646817243
"chr12-49233556-49234170","TUBA1A",0.158836339359805
"chr22-50541477-50541988","SCO2",0.158813226906115
"chr19-8208952-8209844","RPS28",0.158789110356241
"chr22-37149599-37150514","IL2RB",0.158784948118396
"chr3-73448526-73449420","PDZRN3",0.15877777791865
"chr17-10013180-10014054","GAS7",0.158776830051583
"chr18-63199577-63200510","BCL2",0.158712232517004
"chr22-17795599-17796485","MICAL3",0.158696019347042
"chr11-86800016-86800913","PRSS23",0.158695362538514
"chr17-36072252-36073167","CCL5",0.158683189784501
"chr2-165149136-165150031","COBLL1",0.158636005067191
"chr3-50573471-50574296","CISH",0.158622886469673
"chr11-61912283-61913173","FTH1",0.15861848643711
"chr21-41229544-41230398","BACE2",0.15856705800627
"chr17-35537323-35538171","SLFN12L",0.158541588908398
"chr11-61041944-61042863","CD5",0.158456716362899
"chr1-27862919-27863840","THEMIS2",0.158324919501418
"chr11-118051242-118052155","CD3D",0.15831293099075
"chr12-10397212-10398014","KLRD1",0.158270246411871
"chr4-48138739-48139600","TXK",0.158264978468336
"chr11-128341126-128341975","ETS1",0.158258608680297
"chr20-32040032-32040927","HCK",0.158212180984428
"chr12-10303839-10304712","KLRF1",0.158167212308744
"chr2-84693893-84694797","TRABD2A",0.158152711057165
"chr5-157233357-157234192","ITK",0.158135359986323
"chr9-37372032-37372665","PAX5",0.158109304440646
"chr6-36853087-36853967","FGD2",0.158052787703924
"chr9-123607890-123608755","STRBP",0.157940781804329
"chr20-52972939-52973783","TSHZ2",0.157906995678747
"chr19-53829732-53830632","LILRB3",0.157903094328619
"chr22-35352329-35353217","TOM1",0.157852340772933
"chr5-83376884-83377767","VCAN",0.157840339965127
"chr14-95327648-95328465","TCL1A",0.157771256042556
"chr22-18024124-18024971","MICAL3",0.157760651980395
"chr2-152499626-152500512","FMNL2",0.157749301536661
"chr4-15659581-15660464","FBXL5",0.157743557350702
"chr12-44863627-44864518","NELL2",0.157699429561714
"chr17-66246064-66246971","PRKCA",0.157690698969808
"chr2-197869399-197870309","PLCL1",0.157671931288897
"chr10-48802311-48803217","WDFY4",0.1576467224601
"chr7-80721549-80722349","CD36",0.157638247626477
"chr6-14108707-14109609","CD83",0.157629834721176
"chr12-32483321-32484165","FGD4",0.157619709637893
"chr11-118316400-118317287","CD3E",0.157578977805978
"chr6-32668046-32668961","HLA-DQA1",0.157500235222914
"chr11-61963062-61963956","FTH1",0.157465978562786
"chr5-157159070-157159893","ITK",0.15746539771647
"chr2-218332959-218333773","SLC11A1",0.157460634877991
"chr14-95664254-95665128","TCL1A",0.157429543350145
"chr12-116551729-116552626","MED13L",0.157394881136802
"chr1-182149107-182150018","GLUL",0.157389198034827
"chr1-162411715-162412598","SH2D1B",0.157363084728856
"chr1-100439883-100440762","CDC14A",0.157338540533234
"chr12-89768897-89769799","ATP2B1",0.157325334191555
"chr10-97376165-97377049","RRP12",0.157256759283436
"chr12-26156047-26156903","SSPN",0.157177709361846
"chr1-157819698-157820590","FCRL1",0.157168669382488
"chr8-124761613-124762514","MTSS1",0.15713543855625
"chr3-122233149-122233962","CD86",0.157104704926062
"chr10-69045305-69046177","SRGN",0.157098446925727
"chr9-123234682-123235429","STRBP",0.157089601260702
"chr9-36765675-36766580","PAX5",0.157031616805047
"chr12-9009834-9010731","KLRG1",0.156971341223426
"chr14-61403130-61404041","PRKCH",0.156957731778567
"chr6-150691266-150692120","PLEKHG1",0.156954983769644
"chr4-40672551-40673484","RBM47",0.156932258260677
"chr17-67452536-67453450","PITPNC1",0.156805924299291
"chr11-118338370-118339256","CD3D",0.156765288345897
"chr1-157773588-157774497","FCRL2",0.156759618804867
"chr14-52267302-52268105","PTGDR",0.15675278057462
"chr19-8484066-8484983","PRAM1",0.156716178208704
"chr15-91921193-91922100","SLCO3A1",0.156653898322643
"chr7-47474931-47475814","TNS3",0.156651914074218
"chr20-40497959-40498830","MAFB",0.156514605167422
"chr3-46110637-46111577","CCR1",0.156475790228659
"chr1-27862919-27863840","PTAFR",0.156456563171969
"chr2-26008681-26009559","RAB10",0.156451313035408
"chr12-24414192-24415106","SOX5",0.156444435182186
"chr7-150668176-150669104","GIMAP7",0.156348609934561
"chr22-40289764-40290699","GRAP2",0.156336294965228
"chr1-61742080-61742960","PATJ",0.15622125840072
"chr20-57679946-57680749","PMEPA1",0.156209785944303
"chr19-47388798-47389722","NAPA",0.156188501038723
"chr10-72248398-72249178","SPOCK2",0.156134756570951
"chr1-25774648-25775534","MAN1C1",0.156048261566166
"chr5-134079579-134080423","TCF7",0.156031196657572
"chr22-39900593-39901491","GRAP2",0.155965075562792
"chr12-89162468-89163384","DUSP6",0.155946785745499
"chr2-218360151-218361066","SLC11A1",0.155945126920408
"chr14-75282716-75283583","FOS",0.155932781406238
"chr9-78103720-78104642","GNAQ",0.15592405761281
"chr10-48576889-48577796","WDFY4",0.155853174435988
"chr5-172798234-172799100","DUSP1",0.15584389573928
"chr1-246961718-246962611","NLRP3",0.15583281522822
"chr14-24611988-24612859","GZMH",0.155823774250355
"chr4-142700407-142701206","INPP4B",0.155823033113163
"chr4-74932740-74933550","PARM1",0.15577225141969
"chr18-32760126-32760988","KLHL14",0.155698557633462
"chr5-150412442-150413364","CD74",0.155687118433765
"chr14-100557485-100558376","WARS",0.155661899566474
"chr1-178925693-178926540","RALGPS2",0.15564020553006
"chr15-52100514-52101344","DMXL2",0.155596832007762
"chr6-32636874-32637784","HLA-DOB",0.155592458798132
"chr2-191206347-191207283","STAT4",0.155592068370463
"chr2-144701042-144701817","ZEB2",0.155550192313429
"chr17-3910993-3911905","P2RX5",0.155538002838679
"chr12-10068514-10069320","CLEC7A",0.155530396371835
"chr4-108045354-108046193","LEF1",0.155528177275664
"chr11-61972607-61973320","FTH1",0.155522563701223
"chr7-79451893-79452804","MAGI2-AS3",0.155445168711651
"chr10-71637771-71638679","CDH23",0.155435667970698
"chr4-153651348-153652191","TLR2",0.155327828766592
"chr12-10186114-10186944","CLEC12A",0.155317523124615
"chr11-61814890-61815772","FTH1",0.155307497363165
"chr5-35779979-35780854","IL7R",0.155285776859871
"chr9-37198419-37199335","PAX5",0.155277528608092
"chr17-27532248-27533029","WSB1",0.155241994547741
"chr6-107822834-107823477","SCML4",0.155148709469921
"chr5-126987845-126988703","MARCH3",0.155080477854435
"chr11-118316400-118317287","CD3D",0.155050901897279
"chr7-77238408-77239304","FGL2",0.155033200815756
"chr16-57802046-57802953","ADGRG1",0.155016546037028
"chr19-3065398-3066295","GNG7",0.15498285868374
"chr11-60985918-60986814","CD5",0.154968272833098
"chr9-78237914-78238799","CEP78",0.154904986007861
"chr3-172129818-172130450","FNDC3B",0.154900539838613
"chr6-37155202-37156080","CPNE5",0.154834088293657
"chr1-178575449-178576349","ANGPTL1",0.15482719285742
"chr12-10305376-10306318","KLRF1",0.154826816955231
"chr10-112663141-112664121","TCF7L2",0.15482553158579
"chr8-124751409-124752360","MTSS1",0.154792422872948
"chr11-118398565-118399450","CD3D",0.154709183611366
"chr9-37370857-37371704","ZCCHC7",0.154674492408501
"chr2-234290381-234291255","ARL4C",0.154673815953491
"chr12-10558958-10559849","KLRK1",0.154641163459214
"chr6-33073244-33074127","HLA-DRB1",0.154613855289049
"chr19-2677748-2678668","GNG7",0.154612713951619
"chr10-69051071-69051901","SRGN",0.154501369939002
"chr5-111232414-111233261","CAMK4",0.154412089197922
"chr21-29163088-29163893","BACH1",0.154325931826966
"chr1-100445335-100446224","CDC14A",0.154272250034399
"chr20-19736817-19737723","RIN2",0.154263409898989
"chr8-47734820-47735666","CEBPD",0.154256482269979
"chr18-5515096-5516016","EPB41L3",0.154200758191294
"chr10-6606876-6607784","PRKCQ-AS1",0.154129443446671
"chr13-66794131-66795026","PCDH9",0.154092361887401
"chr12-110913199-110914116","HVCN1",0.154021333061138
"chr6-11731851-11732775","TMEM170B",0.15400739846504
"chr9-107488085-107488819","KLF4",0.154002611897523
"chr20-40583212-40584105","MAFB",0.154001830071997
"chr8-30099623-30100532","LEPROTL1",0.153992915425017
"chr10-33150635-33151543","ITGB1",0.153973967954325
"chr1-247358680-247359497","NLRP3",0.153943708481772
"chr1-157575469-157576319","FCRL1",0.153924517556199
"chr6-14093882-14094725","CD83",0.153897064636348
"chr19-41875134-41876045","RPS19",0.153895871134529
"chr19-54373490-54374378","LILRB2",0.153883168851024
"chr18-9851238-9852136","RAB31",0.153869069232921
"chr6-32945189-32945993","HLA-DQA1",0.153814591457477
"chr19-8567478-8568311","MYO1F",0.153780856317086
"chr19-54209457-54210244","OSCAR",0.153747123100823
"chr14-52175723-52176607","PTGDR",0.153729873350357
"chr16-10752826-10753744","CIITA",0.153725572055247
"chr17-67421672-67422532","PITPNC1",0.153679741507282
"chr19-53829732-53830632","OSCAR",0.153670377558819
"chr18-5466022-5466923","EPB41L3",0.153606761538342
"chr5-157481118-157481976","ADAM19",0.153546801156807
"chr19-38006129-38007014","SIPA1L3",0.153542828081234
"chr6-32815671-32816454","HLA-DRB1",0.153492251687355
"chr6-32815671-32816454","HLA-DRA",0.153487994875589
"chr19-54019941-54020790","OSCAR",0.153471208229081
"chr8-89974333-89975200","RIPK2",0.153434097885568
"chr15-90190733-90191406","SEMA4B",0.153352383221877
"chr18-44678812-44679639","SETBP1",0.15335217139512
"chr14-103108606-103109448","TNFAIP2",0.153342741354924
"chr6-32473001-32473641","HLA-DQA1",0.153282668821122
"chr1-27631299-27632152","FGR",0.153275254415796
"chr5-157252804-157253701","CYFIP2",0.153256168069987
"chr6-150684471-150685359","PLEKHG1",0.153250371131465
"chr9-87479514-87480402","DAPK1",0.153227256179583
"chr19-14402046-14402953","ADGRE5",0.153216148063216
"chr2-229270834-229271701","PID1",0.153193867081812
"chr8-24033031-24033882","ADAM28",0.153184414826045
"chr10-71753321-71754188","PSAP",0.153169871072144
"chr2-54787610-54788548","EML6",0.153141277709786
"chr9-123233807-123234556","STRBP",0.153127766257967
"chr19-54207817-54208730","LILRB1",0.153118733968995
"chr8-24260387-24261223","ADAM28",0.153081697910176
"chr17-3558413-3559240","P2RX5",0.153050294925482
"chr4-105060422-105061221","TET2",0.152964356540777
"chr6-33073244-33074127","HLA-DPB1",0.152953716345144
"chr22-25419220-25420070","GRK3",0.152939907261416
"chr11-118304274-118305196","CD3G",0.152912863291651
"chr5-132294982-132295796","IRF1",0.152904298336143
"chr2-164951716-164952531","SLC38A11",0.152903729835864
"chr6-107716467-107717366","SCML4",0.15283437470693
"chr11-118338370-118339256","CD3G",0.152775450905458
"chr22-35601975-35602850","TOM1",0.152707044928616
"chr5-159155871-159156325","EBF1",0.152695754100965
"chr7-87475579-87476369","ABCB4",0.152675814472256
"chr7-151923040-151923859","PRKAG2",0.152646209363964
"chr12-10303839-10304712","KLRK1",0.152623158978304
"chr1-206464340-206465255","SRGAP2",0.152612343936561
"chr4-108070507-108071345","LEF1",0.152527845978751
"chr20-19974836-19975710","RIN2",0.152506326896916
"chr5-80135955-80136809","SERINC5",0.152506302166804
"chr7-150974249-150975148","GIMAP7",0.152452008052695
"chr10-6591822-6592660","PRKCQ",0.152426700084425
"chr21-29089828-29090681","BACH1",0.152395207607532
"chr18-32884308-32885198","KLHL14",0.152385696824721
"chr17-40598709-40599590","CCR7",0.152256076991782
"chr10-124290961-124291874","CHST15",0.152236483978803
"chr4-970067-970971","SPON2",0.152187418322403
"chr2-203933768-203934647","ICOS",0.152127939011694
"chr17-63925352-63926219","CD79B",0.152100947634305
"chr14-65412255-65413154","FUT8",0.152099420901337
"chr18-73073419-73074296","NETO1",0.152036412014113
"chr5-135456004-135456911","H2AFY",0.152010960253159
"chr1-109822152-109822991","SORT1",0.151997495830141
"chr11-118338370-118339256","CD3E",0.15199746335336
"chr5-146751535-146752432","PPP2R2B",0.151989208495
"chr6-32604395-32604778","HLA-DRA",0.151984577260749
"chr12-21657393-21658255","LDHB",0.151980131489202
"chr15-38651192-38652053","RASGRP1",0.151896638057492
"chr11-60912000-60912890","CD6",0.151877547516725
"chr17-63922263-63923077","CD79B",0.151861108955118
"chr6-32815671-32816454","HLA-DOB",0.151838924378504
"chr11-60185009-60185884","MS4A6A",0.151783519641104
"chr6-47360215-47360994","TNFRSF21",0.15177607102083
"chr11-118051242-118052155","CD3E",0.151721081950635
"chr8-102106430-102107245","NCALD",0.151676741779679
"chr9-134458995-134459867","FCN1",0.151667788227345
"chr17-36103128-36104016","CCL5",0.15164768656848
"chr1-24506583-24507324","RCAN3",0.151631479967975
"chr10-95755113-95755966","ENTPD1",0.151609695214499
"chr12-31636286-31637200","DENND5B",0.15160618028917
"chr3-146544185-146545076","PLSCR1",0.151596390919464
"chr1-150552049-150552940","MCL1",0.151579036426623
"chr2-98448145-98449041","MGAT4A",0.151572542312735
"chr19-54694414-54695306","NCR1",0.151562148631431
"chr10-125158731-125159674","CTBP2",0.151549943418291
"chr12-10312186-10313067","KLRD1",0.151539911922353
"chr6-33057086-33057991","HLA-DRB1",0.151507904562983
"chr1-235971454-235972344","LYST",0.151487809762053
"chr1-206672807-206673682","SRGAP2",0.151470391426678
"chr5-80153508-80154221","SERINC5",0.15145911694045
"chr19-543546-544460","GZMM",0.151438454113916
"chr10-113180416-113181233","TCF7L2",0.151435938430268
"chr10-6583134-6584046","PRKCQ-AS1",0.15143554663865
"chr4-129342574-129343456","SCLT1",0.151335578752152
"chr1-157595080-157595987","FCRL1",0.1513332569019
"chr10-71867971-71868875","PSAP",0.151287456916558
"chr12-89756446-89757328","ATP2B1",0.15125231562872
"chr2-20224990-20225819","SDC1",0.151208625693203
"chr8-126558062-126558879","PCAT1",0.151169057405948
"chr2-86805803-86806630","CD8A",0.151127264620156
"chr2-60554995-60555776","BCL11A",0.151094612927944
"chr10-44967847-44968716","ALOX5",0.151090020820094
"chr4-15771129-15771994","FGFBP2",0.151088191130509
"chr17-3913735-3914537","P2RX5",0.151026249518233
"chr4-15689553-15690358","FBXL5",0.150970636815768
"chr22-35328195-35329101","TOM1",0.150968668782935
"chr16-10891390-10892275","CIITA",0.15087281858476
"chr2-98771538-98772416","MGAT4A",0.150860619414104
"chr11-65565768-65566659","CTSW",0.150818972020757
"chr14-70882769-70883683","SIPA1L1",0.150800798931108
"chr5-146878331-146879111","PPP2R2B",0.150798791519229
"chr17-36188683-36189548","CCL5",0.150798288581332
"chr11-9568670-9569513","SWAP70",0.150792114668866
"chr1-36299744-36300580","CSF3R",0.150784660064274
"chr18-2846575-2847454","EMILIN2",0.150703523540274
"chr11-76629326-76630078","ACER3",0.15065067532848
"chr8-89728826-89729727","RIPK2",0.150501509526149
"chr5-177306771-177307656","HK3",0.150494673543862
"chr10-17216071-17216926","VIM",0.15048736855721
"chr8-47600463-47601343","CEBPD",0.150485997574234
"chr9-82127775-82128650","TLE1",0.150453956880846
"chr19-2698620-2699445","GNG7",0.150453245668239
"chr12-128854051-128854772","GLT1D1",0.150435813266754
"chr17-74531901-74532772","CD300E",0.150397110913579
"chr12-54984478-54985300","TESPA1",0.150333970663008
"chr9-120783456-120784356","MEGF9",0.15032720854409
"chr1-150162829-150163697","ADAMTSL4-AS1",0.150266219482328
"chr10-33114171-33115067","ITGB1",0.150261472267614
"chr12-126771978-126772893","LINC00944",0.150151168896982
"chr12-10197605-10198487","KLRD1",0.150126133939595
"chr6-32604395-32604778","HLA-DQA1",0.150102858336085
"chr1-192580337-192581106","RGS1",0.150070313975886
"chr15-28919131-28919943","APBA2",0.150045270805661
"chr2-191148499-191149383","STAT4",0.150044304570384
"chr19-49567813-49568678","NOSIP",0.15002171023661
"chr12-68159370-68160280","IFNG",0.149975720617565
"chr16-29339014-29339924","CD19",0.149933486474347
"chr1-157575469-157576319","FCRL5",0.14990356388109
"chr14-100373432-100374276","WARS",0.149903105142215
"chr5-172412533-172413413","DUSP1",0.149795502407222
"chr22-50308391-50309129","TYMP",0.149776710541558
"chr1-32249674-32250599","LCK",0.149774457944829
"chr4-25862516-25863386","SEL1L3",0.149773010233738
"chr2-237662392-237663297","LRRFIP1",0.149763448558175
"chr12-10671953-10672886","KLRK1",0.149648865328425
"chr4-101084282-101085193","BANK1",0.149589646535173
"chr4-16898393-16899190","LDB2",0.14958538048587
"chr4-184848258-184849154","ACSL1",0.149569009184616
"chr18-69935126-69936029","CD226",0.149547236503284
"chr6-163404628-163405431","QKI",0.14953791870146
"chr20-40339753-40340641","MAFB",0.149456965311689
"chr6-87718751-87719638","AKIRIN2",0.149433630072481
"chr15-38685732-38686643","RASGRP1",0.1494009986577
"chr20-32205115-32205956","HCK",0.149362365680282
"chr17-78442410-78443321","TIMP2",0.149318414546728
"chr11-47387775-47388699","SPI1",0.149318067717244
"chr14-103418166-103418970","TNFAIP2",0.149315129653653
"chr11-65546202-65547094","FAU",0.149203064480235
"chr1-212671055-212671938","ATF3",0.149187784026515
"chr22-40116511-40117397","GRAP2",0.149144834055831
"chr2-164754116-164755037","COBLL1",0.149135501500118
"chr10-93554619-93555547","MYOF",0.149121723289256
"chr2-203706138-203707029","CD28",0.149115408385086
"chr22-50304201-50304954","SCO2",0.149101895215763
"chr10-127880375-127881251","PTPRE",0.149056816906198
"chr19-54873732-54874603","FCAR",0.149039242967325
"chr13-99314507-99315385","DOCK9",0.149029471542865
"chr2-106095549-106096406","NCK2",0.148969496417661
"chr1-77281692-77282516","AK5",0.148950081326792
"chr16-10868313-10869231","CIITA",0.148945847773899
"chr20-57702814-57703684","PMEPA1",0.148919290092139
"chr12-10285705-10286575","KLRF1",0.148903687617275
"chr19-54316623-54317542","OSCAR",0.148760191790423
"chr20-40506311-40507228","MAFB",0.148742019223953
"chr6-32636874-32637784","HLA-DMB",0.148704765133676
"chr11-130123824-130124724","APLP2",0.148668406133804
"chr14-95697551-95698419","TCL1A",0.148634793027454
"chr1-150613224-150614144","ADAMTSL4-AS1",0.148628501832837
"chr5-88889120-88890014","MEF2C",0.148580936276656
"chr2-218047460-218048331","SLC11A1",0.14856770970734
"chr19-54100414-54101291","OSCAR",0.148542160440577
"chr4-141328819-141329692","IL15",0.148541392777629
"chr1-226739057-226739935","ITPKB",0.148526724879037
"chr3-125632751-125633663","OSBPL11",0.148439689069972
"chr4-107824505-107825371","SGMS2",0.148437201162576
"chr7-90737028-90737930","CDK14",0.148433650414933
"chr19-2968933-2969784","GNG7",0.148267990354917
"chr8-125950861-125951752","LINC00861",0.148107701285021
"chr21-41366392-41367264","MX2",0.148071963199031
"chr1-158176158-158176912","FCRL1",0.14802938654829
"chr17-67398463-67399382","PITPNC1",0.148009691375859
"chr5-157222268-157223200","ITK",0.147938868287668
"chr6-7916707-7917600","TXNDC5",0.147859239615489
"chr20-1946458-1947282","SIRPB2",0.147848184162566
"chr4-108355329-108356213","LEF1-AS1",0.147746237735393
"chr19-54373490-54374378","LILRB3",0.147741339204843
"chr6-11525549-11526468","TMEM170B",0.147720848992602
"chr2-136131857-136132592","CXCR4",0.147710972238765
"chr4-142696360-142697143","INPP4B",0.147701599890428
"chr9-68640212-68641126","PIP5K1B",0.147669396565121
"chr6-36752850-36753688","FGD2",0.14766755521573
"chr19-45075052-45075940","FOSB",0.147613072120286
"chr5-157571055-157571981","ADAM19",0.147564441733535
"chr6-72621766-72622630","KCNQ5",0.147537270051885
"chr6-163354897-163355716","QKI",0.147503108159426
"chr12-44835495-44836307","NELL2",0.147432804523256
"chr5-149680459-149681338","CSF1R",0.147327939475989
"chr9-27701430-27702260","C9orf72",0.147319456229483
"chr1-58883137-58884023","JUN",0.147302581216149
"chr16-57889379-57890122","ADGRG1",0.147290675818801
"chr8-89836768-89837687","RIPK2",0.147183146714437
"chr10-61999944-62000853","ARID5B",0.147175562097443
"chr11-118699413-118700051","CD3E",0.147166105528633
"chr19-14776447-14777343","ADGRE2",0.147147510421674
"chr4-48133750-48134671","TXK",0.147044435888486
"chr19-54903794-54904742","NCR1",0.146962814468854
"chr8-58790594-58791495","TOX",0.146889529201866
"chr16-89723481-89724295","RPL13",0.146786828384147
"chr4-1201341-1201715","SPON2",0.146785033565024
"chr15-38670357-38671205","RASGRP1",0.146750700976567
"chr19-38033815-38034459","SIPA1L3",0.146698278150381
"chr19-10522917-10523835","S1PR5",0.146696004776799
"chr20-20254854-20255741","RIN2",0.146695781412795
"chr12-69008396-69009210","LYZ",0.146688458397007
"chr7-150489516-150490401","TMEM176B",0.146638565488557
"chr7-87498694-87499544","ABCB4",0.146625260864419
"chr6-32689991-32690727","HLA-DRA",0.146560423830037
"chr4-108072008-108072930","LEF1-AS1",0.146530078674857
"chr1-116769400-116770300","CD2",0.146515993254692
"chr16-31253393-31254295","ITGAX",0.146495131334829
"chr18-44680283-44681069","SETBP1",0.146488121342202
"chr11-118304274-118305196","CD3D",0.146405888734086
"chr13-73765657-73766429","KLF12",0.146375160168288
"chr6-150167606-150168520","PLEKHG1",0.146287571072184
"chr1-206516039-206516906","SRGAP2",0.146286089231245
"chr20-51400105-51401013","NFATC2",0.14625360599642
"chr19-18397239-18398125","IFI30",0.146249496268213
"chr19-54900862-54901771","TMEM150B",0.146242349347952
"chr4-139674989-139675836","MAML3",0.14624013722873
"chr1-24486084-24486971","RCAN3",0.146239528841713
"chr1-150322354-150323003","MCL1",0.146232332062748
"chr10-93515552-93516400","MYOF",0.146161256202498
"chr20-51127913-51128758","KCNG1",0.146112239422321
"chr4-101355176-101355803","BANK1",0.146102802513798
"chr13-31846261-31847123","FRY",0.146088958639731
"chr7-106346391-106347248","NAMPT",0.14607186264175
"chr6-33029148-33030010","HLA-DMB",0.146031724069219
"chr3-160801421-160802324","PPM1L",0.146030811907303
"chr18-32803237-32804137","KLHL14",0.146013282590485
"chr1-61782446-61783328","PATJ",0.146004669670877
"chr3-72086324-72087237","LINC00877",0.145988109356292
"chr9-109974111-109975016","PALM2-AKAP2",0.145972336647139
"chr22-33523117-33523927","LARGE1",0.145909742520113
"chr11-96105212-96106128","MAML2",0.145905538563438
"chr22-41478376-41479200","TNFRSF13C",0.14588436944315
"chr19-49468764-49469631","RPL13A",0.145868215950411
"chr6-32689991-32690727","HLA-DRB1",0.145827727672953
"chr10-11677870-11678701","USP6NL",0.145796607192319
"chr19-2627112-2628041","GNG7",0.145761337931108
"chr17-2083406-2084301","SLC43A2",0.145761168486697
"chr11-111417007-111417754","POU2AF1",0.145760092423973
"chr17-39755775-39756610","IKZF3",0.145744175401165
"chr9-91798276-91799225","ROR2",0.145662615803249
"chr4-40561976-40562796","RBM47",0.145638267813574
"chr6-163356223-163357039","QKI",0.145612931036757
"chr12-121276711-121277714","P2RX7",0.145598817019169
"chr5-181050698-181051562","BTNL9",0.145586281430216
"chr6-35731397-35732276","RPL10A",0.145576073719139
"chr8-124789856-124790685","MTSS1",0.145570394350536
"chr12-69007098-69007889","LYZ",0.145550014837031
"chr2-172495923-172496828","PDK1",0.145507606461462
"chr11-73189077-73189967","FCHSD2",0.145447822655951
"chr10-45375833-45376699","ALOX5",0.145358570601122
"chr4-101855831-101856727","BANK1",0.145358075067539
"chr6-37029078-37029982","FGD2",0.145288658911455
"chr14-105926104-105926933","FAM30A",0.145276870676012
"chr3-122074479-122075378","CD86",0.145236405229754
"chr22-33271132-33272037","SYN3",0.145215224110724
"chr3-16377053-16377917","OXNAD1",0.145157130980284
"chr5-89396578-89397412","MEF2C",0.145152878745135
"chr8-80158083-80158936","TPD52",0.145065880387304
"chr18-55423280-55424114","TCF4",0.145061132355661
"chr3-11288770-11289685","ATG7",0.145059202037086
"chr4-108113026-108113933","LEF1-AS1",0.145038131804907
"chr4-108036001-108036912","LEF1-AS1",0.145036131031364
"chr9-621081-622025","DOCK8",0.145018623933273
"chr1-178542266-178543195","RALGPS2",0.145008943248549
"chr17-63931963-63932809","CD79B",0.144970278114914
"chr19-50344528-50345430","SPIB",0.144938058018554
"chr9-134365946-134366838","RXRA",0.144875638973492
"chr5-89271482-89272119","MEF2C",0.144867514805271
"chr17-75737865-75738764","GRB2",0.144808474005986
"chr12-10305376-10306318","KLRK1",0.144783321005425
"chr2-100417062-100417947","AFF3",0.144780172144919
"chr11-117835853-117836717","JAML",0.14470703103494
"chr3-11225414-11226226","ATG7",0.144684178911198
"chr2-60972231-60972772","BCL11A",0.14467402597544
"chr22-33575899-33576787","LARGE1",0.144667980653037
"chr19-47369802-47370710","C5AR1",0.14465227908488
"chr2-165192977-165193874","COBLL1",0.14464514836452
"chr13-109389617-109390530","IRS2",0.144615411918698
"chr12-8057607-8058498","LINC00937",0.144582270200692
"chr11-60570671-60571579","MS4A1",0.14456290733632
"chr19-43692563-43693450","PLAUR",0.14453877320286
"chr17-35875310-35876205","CCL5",0.144505694014084
"chr5-150489669-150490538","CD74",0.144504401195029
"chr19-2720886-2721774","GNG7",0.144451989700063
"chr1-17635514-17636402","ARHGEF10L",0.144375279724147
"chr11-118304274-118305196","CD3E",0.144327503874775
"chr21-41678705-41679579","MX2",0.144322343933776
"chr19-54756052-54756914","NCR1",0.144252305959217
"chr15-94306560-94307417","MCTP2",0.144247921387745
"chr17-47700696-47701574","TBX21",0.144207397600204
"chr6-32945189-32945993","HLA-DRB1",0.144205785846378
"chr19-54247696-54248604","LILRB2",0.144193613695568
"chr12-9741487-9742392","CD69",0.144153939269116
"chr5-159198157-159199031","EBF1",0.144144878644122
"chr14-95703966-95704884","TCL1A",0.144130747820502
"chr9-136045837-136046736","NACC2",0.144126558821628
"chr11-118316400-118317287","CD3G",0.144108349815084
"chr1-23912976-23913877","CNR2",0.144105618864514
"chr19-43669865-43670691","PLAUR",0.144074594425572
"chr2-241035791-241036209","SNED1",0.14406457697437
"chr14-54782606-54783524","GCH1",0.144060938915826
"chr1-91948278-91949137","TGFBR3",0.144050689308398
"chr10-12264085-12264964","CAMK1D",0.144001876627881
"chr1-183609020-183609912","NCF2",0.143986428005094
"chr1-157783628-157784464","FCRL5",0.14397646583821
"chr2-235666134-235667007","AGAP1",0.143952888627892
"chr2-46966945-46967819","TTC7A",0.143939029380671
"chr19-16896816-16897684","MYO9B",0.14393828261167
"chr22-50304201-50304954","PLXNB2",0.143895106595608
"chr7-69664321-69665115","AUTS2",0.143833072109167
"chr2-73877139-73878050","TET3",0.143832446129283
"chr20-1943404-1944242","SIRPB2",0.143823641692857
"chr19-14510529-14511459","ADGRE2",0.14381977745798
"chr1-27885463-27886053","THEMIS2",0.14379958174207
"chr7-80722633-80723378","CD36",0.1437994923016
"chr9-73147452-73148341","ANXA1",0.143793793614505
"chr22-41951894-41952740","TNFRSF13C",0.143715523343688
"chr6-32589385-32590284","HLA-DRB5",0.143714224864834
"chr13-28100104-28100968","FLT3",0.143686960437083
"chr10-113273088-113274010","TCF7L2",0.143684186770212
"chr6-37007256-37008121","FGD2",0.143682330589582
"chr14-101721772-101722690","PPP2R5C",0.143609373501803
"chr19-54247696-54248604","LILRB3",0.143590367912261
"chr5-143117858-143118691","ARHGAP26",0.14357926068715
"chr2-86783715-86784575","CD8A",0.143577643132266
"chr5-157596231-157597109","ADAM19",0.1435170484765
"chr19-50459867-50460619","SPIB",0.143511886260627
"chr11-68009878-68010766","UNC93B1",0.143410146191924
"chr9-123326400-123327306","STRBP",0.14337332593833
"chr11-60396447-60397326","MS4A1",0.143340310972433
"chr3-151265634-151266525","P2RY14",0.143294035137974
"chr5-9538247-9539157","SEMA5A",0.143280121362508
"chr11-128289995-128290841","ETS1",0.143259149238519
"chr9-109914165-109915019","PALM2-AKAP2",0.143235598058109
"chr19-18478608-18479467","IFI30",0.143186637546141
"chr17-59515670-59516531","VMP1",0.143179803204375
"chr11-60363477-60364056","MS4A1",0.143166338778859
"chr2-134262519-134263349","MGAT5",0.143086730690135
"chr1-157562245-157563098","FCRL1",0.143024819096214
"chr6-41182471-41183257","TREM1",0.143018257737361
"chr10-48574104-48574964","WDFY4",0.142962804832296
"chr6-32689991-32690727","HLA-DPB1",0.142893020439376
"chr9-20209349-20210183","MLLT3",0.142875313519703
"chr22-38941335-38942224","APOBEC3A",0.142870929012022
"chr19-53823952-53824843","NLRP12",0.142841084588403
"chr11-128471145-128471893","ETS1",0.142814595143042
"chr9-20321457-20322355","MLLT3",0.142807315139418
"chr7-22726457-22727388","STEAP1B",0.142787372400634
"chr2-106094166-106094942","NCK2",0.142746936391435
"chr6-32815671-32816454","HLA-DPB1",0.142732636103843
"chr20-19915181-19916080","RIN2",0.142654436121624
"chr8-55880390-55881117","LYN",0.14264329187259
"chr10-89888524-89889330","LINC01374",0.142608068588464
"chr10-72334737-72335570","SPOCK2",0.1425945262823
"chr6-33057086-33057991","HLA-DQB1",0.142532957697122
"chr17-59725427-59726326","VMP1",0.142531984340955
"chr22-46768268-46769122","CELSR1",0.142531765292368
"chr3-31951943-31952833","ZNF860",0.142440904132162
"chr20-59149577-59150489","ZNF831",0.142404553514006
"chr2-161900361-161900784","SLC4A10",0.142382797668763
"chr6-132354279-132355157","STX7",0.142360459240961
"chr20-32111452-32112205","HCK",0.142333477466055
"chr5-150142623-150143523","CSF1R",0.142328319971589
"chr17-1039297-1040170","ABR",0.142325774217937
"chr6-33027577-33028463","HLA-DMB",0.142255929681016
"chr19-14521816-14522728","TECR",0.142253054661596
"chr6-32604395-32604778","HLA-DRB1",0.142248951257153
"chr7-139722995-139723804","TBXAS1",0.142230366625023
"chr11-65610733-65611607","NEAT1",0.142218218926443
"chr5-55023770-55024599","GZMK",0.142196391495523
"chr10-6529972-6530851","PRKCQ-AS1",0.142157825548096
"chr16-84805983-84806858","COTL1",0.142144795732968
"chr1-202201064-202201932","LGR6",0.142111730994928
"chr9-68704824-68705686","PIP5K1B",0.142062672296347
"chr20-48359667-48360372","LINC00494",0.142040841096852
"chr10-6542904-6543699","PRKCQ-AS1",0.142007614853771
"chr3-122063925-122064785","CD86",0.142001929715852
"chr19-48511498-48512403","RPL18",0.141987712376297
"chr6-33018680-33019545","HLA-DRB5",0.141982377001921
"chr20-43681811-43682658","MYBL2",0.141969763196746
"chr19-41945089-41945986","RPS19",0.141961854224821
"chr18-23970155-23971080","TTC39C",0.14195776345731
"chr20-53214915-53215724","TSHZ2",0.141957696543114
"chr16-84199608-84200507","COTL1",0.141951939556097
"chr6-32816685-32817553","HLA-DRB1",0.14194891328448
"chr8-66589256-66590116","MYBL1",0.141940671213921
"chr6-32689991-32690727","HLA-DOB",0.141908570245239
"chr16-73153846-73154769","ZFHX3",0.141886868328164
"chr19-35448530-35449387","TYROBP",0.141818814589846
"chr18-23992335-23993252","TTC39C",0.141811479229889
"chr2-84515959-84516864","TRABD2A",0.14180954841531
"chr3-111547472-111548347","CD96",0.141786173317627
"chr1-157724864-157725692","FCRL1",0.141780207939345
"chr6-11323372-11324287","NEDD9",0.141715310655559
"chr11-118342299-118343146","CD3D",0.141710191770329
"chr6-144156045-144156913","STX11",0.141666614009341
"chr2-40451745-40452500","SLC8A1",0.141658009738467
"chr1-8946305-8947147","CA6",0.141657045968388
"chr9-107587156-107588096","KLF4",0.141551197538197
"chr20-47727265-47728183","SULF2",0.141447503580558
"chr1-247445639-247446532","NLRP3",0.141408139679677
"chr4-40124443-40125328","RHOH",0.141401159921566
"chr6-32945189-32945993","HLA-DQB1",0.14133666286725
"chr6-32815671-32816454","HLA-DQB1",0.141333203196687
"chr1-92784754-92785614","EVI5",0.141325932752658
"chr19-54209457-54210244","LILRB3",0.141299066587751
"chr9-37256227-37257148","PAX5",0.141190453387067
"chr5-149680459-149681338","PPARGC1B",0.141189513531099
"chr14-91418762-91419536","TC2N",0.141158226803001
"chr11-61004349-61005196","CD6",0.141113385883069
"chr6-137717177-137718073","TNFAIP3",0.141063281883462
"chr4-108160789-108161647","LEF1",0.141060498070841
"chr5-83320746-83321578","VCAN",0.141041938876568
"chr7-69953262-69954148","AUTS2",0.140986432922102
"chr11-118343910-118344797","CD3G",0.14097611707396
"chr8-24297516-24298363","ADAM28",0.140964329403808
"chr1-150322354-150323003","CTSS",0.140963190956424
"chr10-71817668-71818540","PSAP",0.140916323537901
"chr14-98443825-98444745","LINC01550",0.140891180349142
"chr2-234422655-234423558","ARL4C",0.14087842488732
"chr17-63461548-63462237","CD79B",0.140869231113021
"chr22-50542310-50543166","PLXNB2",0.140863463070876
"chr19-54916680-54917505","NCR1",0.140845050929349
"chr7-139732059-139732832","TBXAS1",0.140825341472103
"chr12-89756446-89757328","DUSP6",0.140825186648326
"chr13-110160137-110160933","IRS2",0.140779815546441
"chr17-1577035-1577871","ABR",0.140772420142956
"chr1-158978467-158979381","PYHIN1",0.140764898316863
"chr7-90596023-90596803","CDK14",0.140747896043926
"chr12-101743616-101744479","CHPT1",0.140723961579299
"chr2-234032228-234033145","ARL4C",0.140707811939514
"chr11-568160-569085","RPLP2",0.140547123705372
"chr12-55929115-55930002","RPS26",0.140514004895191
"chr6-33027577-33028463","HLA-DMA",0.140464402199658
"chr16-10912353-10913237","CIITA",0.140459829347964
"chr2-86794757-86795509","CD8B",0.1404555617605
"chr8-11479926-11480814","BLK",0.140452086362959
"chr22-39920647-39921479","GRAP2",0.140402105669046
"chr19-8484066-8484983","MYO1F",0.140361315835171
"chr10-3852177-3853010","KLF6",0.140346853821123
"chr6-32636874-32637784","HLA-DMA",0.140340685483833
"chr9-123268264-123269186","STRBP",0.140298660888511
"chr2-60549970-60550872","BCL11A",0.140261120604458
"chr14-54446959-54447863","GCH1",0.140227239388419
"chr12-8951755-8952496","A2M",0.140206414690807
"chr1-119647849-119648754","NOTCH2",0.140188193315255
"chr11-86503824-86504742","PRSS23",0.140187157652949
"chr3-134918187-134919057","EPHB1",0.140182886545473
"chr2-86861450-86862303","CD8A",0.140181194478503
"chr4-102390188-102391099","MANBA",0.140138428059076
"chr17-48427391-48428283","SKAP1",0.140042660532242
"chr5-140321549-140322438","CD14",0.140036163262149
"chr1-159008478-159009210","PYHIN1",0.140020588961998
"chr4-40601628-40602295","RBM47",0.140005101969591
"chr8-24324464-24325381","ADAM28",0.139991094934829
"chr2-46984925-46985753","TTC7A",0.139967057529596
"chr17-76199187-76200073","RNF157",0.13995682015717
"chr12-65881827-65882640","IRAK3",0.139881542153997
"chr19-54270996-54271757","OSCAR",0.139855904992589
"chr12-126768297-126769191","LINC00944",0.139830055387477
"chr4-140790649-140791499","TBC1D9",0.139790002469574
"chr20-51540956-51541878","NFATC2",0.139725142942727
"chr17-40605123-40605997","CCR7",0.139700778106088
"chr8-11269114-11270044","BLK",0.139700076027652
"chr19-49026815-49027688","CCDC155",0.139693187707323
"chr6-33018680-33019545","HLA-DPA1",0.139637267972736
"chr19-4104632-4105493","MATK",0.139632364113428
"chr1-157773588-157774497","FCRL5",0.13961703213502
"chr2-164866149-164867059","COBLL1",0.139605594378544
"chr16-12459147-12459676","CPPED1",0.139593471768781
"chr5-35816781-35817636","IL7R",0.139553181093145
"chr2-70018815-70019725","MXD1",0.139547179928549
"chr15-28941783-28942532","APBA2",0.13941965644
"chr14-24627086-24627911","GZMB",0.139387712519725
"chr1-154954959-154955726","PBXIP1",0.139360864275983
"chr11-77448741-77449620","PAK1",0.139325672916047
"chr9-37027276-37028183","ZCCHC7",0.139259116497293
"chr7-22551568-22552458","STEAP1B",0.139246809467117
"chr7-36263903-36264787","AOAH",0.139225923972206
"chr19-2652303-2653167","GNG7",0.139149005693807
"chr6-146543194-146544106","RAB32",0.13914489175773
"chr9-113187813-113188747","FKBP15",0.139091583766451
"chr11-118820583-118821437","CXCR5",0.139089430334881
"chr12-10121085-10121837","CLEC7A",0.139065704852516
"chr12-9761372-9761735","CD69",0.139063582002019
"chr5-150102643-150103530","CSF1R",0.13904055569026
"chr1-157585672-157586605","FCRL1",0.139014552858608
"chr2-85704637-85705408","GNLY",0.139004686374128
"chr11-114059090-114060006","ZBTB16",0.138881676810052
"chr2-33484397-33485288","RASGRP3",0.138863092655307
"chr10-48634045-48634957","WDFY4",0.13885047120208
"chr2-136118962-136119776","CXCR4",0.138815491500047
"chr3-4502850-4503716","ITPR1",0.138812300299294
"chr9-124218409-124219327","DENND1A",0.138808074584158
"chr11-118699413-118700051","CD3D",0.138765994289992
"chr9-110128601-110129506","PALM2-AKAP2",0.138761332472691
"chr12-23536083-23536983","SOX5",0.138747184509562
"chr17-74690210-74691105","CD300E",0.138730009927789
"chr3-16309300-16310193","OXNAD1",0.138716299912604
"chr11-118051242-118052155","CD3G",0.13870632400067
"chr1-6460081-6460930","TNFRSF25",0.138676758590023
"chr9-87554727-87555584","DAPK1",0.138637827972924
"chr2-20438163-20438958","RHOB",0.138600207444706
"chr10-84333778-84334695","CCSER2",0.138563596228357
"chr9-37037789-37038222","PAX5",0.138551628644797
"chr11-65452907-65453760","NEAT1",0.138484466633325
"chr12-8618898-8619789","LINC00937",0.138479569961867
"chr6-62013469-62014375","KHDRBS2",0.138478403453356
"chr6-17993224-17994114","KDM1B",0.138474735049738
"chr10-6201248-6201988","PRKCQ-AS1",0.13845616121757
"chr3-18438298-18439213","SATB1-AS1",0.1384236591715
"chr19-51784714-51785619","FPR1",0.138378933074867
"chr3-18444889-18445735","SATB1",0.138315287915769
"chr2-151363433-151364342","TNFAIP6",0.138313784209104
"chr14-54857663-54858561","GCH1",0.138284361301435
"chr8-25234719-25235548","DOCK5",0.138243969716552
"chr19-54019941-54020790","MYADM",0.138229528381835
"chr2-86821088-86822021","CD8A",0.138217231517711
"chr5-88733978-88734882","MEF2C",0.138210982573094
"chr11-117906951-117907853","JAML",0.138195437418904
"chr2-203740836-203741656","CD28",0.138192929754556
"chrX-1336091-1336933","CSF2RA",0.138157998487483
"chr13-99218716-99219624","DOCK9",0.138139462669371
"chr3-46089204-46090012","CCR1",0.138084060547042
"chr11-83062942-83063813","RAB30",0.138080331363163
"chr17-35890480-35891380","CCL4",0.138077267740743
"chr5-122701874-122702605","SNX2",0.138065565044172
"chr19-45442612-45443375","FOSB",0.138032491306572
"chr7-150755213-150756128","GIMAP7",0.138007854769635
"chr5-150081608-150082507","CD74",0.13797626661058
"chr19-7345270-7346162","FCER2",0.137902596483904
"chr11-44600913-44601736","CD82",0.137895106893969
"chr3-31916979-31917610","OSBPL10",0.137892045613759
"chr6-167112624-167113386","CCR6",0.13788135721725
"chr1-192951797-192952669","RGS2",0.137876078804455
"chr1-92315698-92316582","TGFBR3",0.137864283042086
"chr12-10410999-10411904","KLRK1",0.137840260492739
"chr7-102064426-102065332","CUX1",0.13779929452684
"chr8-59119309-59120115","TOX",0.137775800559046
"chr1-161216800-161217658","FCER1G",0.137678637479261
"chr2-86783715-86784575","CD8B",0.137670414672492
"chr13-66995082-66995897","PCDH9",0.137664751696456
"chr8-58801133-58802016","TOX",0.137645434328035
"chr18-63157360-63158203","BCL2",0.137571179292658
"chr10-97405781-97406555","RRP12",0.137545175879917
"chr22-39951449-39952254","GRAP2",0.137542889737571
"chr5-131280906-131281777","RAPGEF6",0.137536404074583
"chr8-37590997-37591969","RAB11FIP1",0.137535230003582
"chr6-69866159-69866856","COL19A1",0.137503613830729
"chr6-148656772-148657682","SASH1",0.137471084088591
"chr6-111759585-111760484","FYN",0.137460137498546
"chr11-60909980-60910857","MS4A1",0.137435086410245
"chr6-144149912-144150816","UTRN",0.137378713728961
"chr1-206802973-206803889","FCMR",0.137354357881975
"chr1-167445821-167446589","CD247",0.137290941656716
"chr10-8332027-8332938","GATA3",0.137289427410821
"chr10-102815793-102816694","NT5C2",0.13727026699824
"chr22-39292286-39293171","APOBEC3A",0.137262267402879
"chr10-8416057-8416972","GATA3",0.13717972674194
"chr3-195100738-195101659","ACAP2",0.137168823275142
"chr1-27904257-27905143","PTAFR",0.137165864544492
"chr6-14921772-14922633","JARID2",0.137096282051359
"chr19-54312395-54313201","LILRB2",0.137089890203236
"chr12-79690487-79691417","PAWR",0.137073947673251
"chr9-123225077-123225990","STRBP",0.137062335578411
"chr7-22661750-22662657","AC002480.2",0.137050189016928
"chr13-27449891-27450831","RPL21",0.13704270573724
"chr12-10481577-10482463","KLRK1",0.137022165618845
"chr5-56058559-56059421","IL6ST",0.137015795172973
"chr14-50038381-50039274","SOS2",0.136994642549218
"chrX-1504973-1505657","CSF2RA",0.136958395222334
"chr1-36203276-36204181","AGO4",0.136903438245104
"chr2-239465181-239466072","HDAC4",0.136883453742186
"chr7-77409904-77410818","FGL2",0.136862030330837
"chr12-119988561-119989455","BICDL1",0.136845131898453
"chr5-147782304-147783178","JAKMIP2",0.136844910479794
"chr12-89333585-89334488","DUSP6",0.136829824954111
"chr4-108106795-108107416","LEF1",0.1367850353383
"chr10-113303034-113303443","TCF7L2",0.136784773233527
"chr8-11652865-11653737","BLK",0.136747078516739
"chr19-43681561-43682432","PLAUR",0.136734509651319
"chr11-65639407-65640228","PACS1",0.136733069044919
"chr10-112949674-112950524","TCF7L2",0.136713690084293
"chr4-73740115-73740981","CXCL8",0.136654867479179
"chr20-59159205-59160085","ZNF831",0.136620907475959
"chr3-146541923-146542804","PLSCR1",0.136610860095651
"chr9-128026026-128026914","FAM102A",0.136549159470863
"chr8-127668598-127669491","AC108925.1",0.136543952650754
"chr1-8926708-8927485","CA6",0.136499081747572
"chr3-171457828-171458581","TNIK",0.136474833816209
"chr13-48782995-48783899","RB1",0.136468822881738
"chr6-89034303-89035197","UBE2J1",0.136467756018325
"chr11-61021436-61022323","CD5",0.136462602023599
"chr8-66610088-66610904","MYBL1",0.136433387214333
"chr9-37369407-37370248","ZCCHC7",0.136422848505204
"chr19-54100414-54101291","LILRB2",0.136385809698318
"chr10-124306588-124307487","CHST15",0.136372940251452
"chr15-98647063-98647746","IGF1R",0.136371492885809
"chr6-7916707-7917600","BMP6",0.136369910730148
"chr14-75221902-75222804","FOS",0.136363619273392
"chr12-31589499-31590393","DENND5B",0.136360125457473
"chr2-156405328-156406235","NR4A2",0.136344441605756
"chr12-93772783-93773706","PLXNC1",0.136297088257762
"chr12-89768897-89769799","DUSP6",0.136294762247975
"chr10-45380004-45380723","ALOX5",0.136278335012362
"chr10-95290599-95291496","PDLIM1",0.136255880157218
"chr4-40197762-40198521","RHOH",0.136246558726552
"chr8-11250760-11251634","BLK",0.136223061747795
"chr6-32816685-32817553","HLA-DRA",0.136221999194328
"chr7-47669219-47670093","TNS3",0.136169284184964
"chr6-10855098-10855922","SYCP2L",0.136163309697603
"chr7-100373129-100373924","PILRA",0.136158872611083
"chr2-213103935-213104742","IKZF2",0.136158629608642
"chr13-34941903-34942763","NBEA",0.136118035708631
"chr12-10497360-10498251","KLRD1",0.136083247473498
"chr4-101852936-101853681","BANK1",0.136070040737637
"chr2-234483560-234484412","ARL4C",0.136028738172986
"chr18-55780092-55780891","TCF4",0.136028510278216
"chr8-47737772-47738690","SPIDR",0.136009967889259
"chr6-41723207-41724114","TREM1",0.136009093618196
"chr6-106974623-106975365","CD24",0.136006725468068
"chr12-103495131-103495997","C12orf42",0.135978705388701
"chr19-7656831-7657719","INSR",0.135952044936511
"chr17-74528274-74529187","CD300E",0.1359516837331
"chr11-65418606-65419466","NEAT1",0.135949287222125
"chr19-54804097-54804892","KIR3DL1",0.135931530547053
"chr6-123803437-123804222","NKAIN2",0.135927028692638
"chr5-14871488-14872384","ANKH",0.13589627659804
"chr9-111078230-111079120","LPAR1",0.13584379011991
"chr17-59804718-59805602","VMP1",0.135812861667224
"chr17-74512358-74513258","CD300E",0.135740941554021
"chr11-10581340-10582232","SBF2",0.135737823434294
"chr22-40334584-40335447","GRAP2",0.135727428024351
"chr6-17993224-17994114","RNF144B",0.135701963869658
"chr6-32589385-32590284","HLA-DPB1",0.135643987832182
"chr6-62298496-62299394","KHDRBS2",0.135640730385652
"chr20-37270278-37271186","SAMHD1",0.135636127516547
"chr1-11960591-11961407","TNFRSF1B",0.135588238609567
"chr1-28112579-28113451","FGR",0.135555918855691
"chr9-124392121-124392936","DENND1A",0.135531634951311
"chr6-11731851-11732775","NEDD9",0.13548294920009
"chr2-8282311-8283142","LINC00299",0.13546337199256
"chr18-9771078-9771927","RAB31",0.135462098058609
"chr12-92995272-92996163","C12orf74",0.135458433813376
"chr21-33393988-33394879","IFNGR2",0.13539710244867
"chr1-178486480-178487411","ANGPTL1",0.135363447623913
"chr19-41875134-41876045","CD79A",0.135271133509438
"chr2-213118886-213119750","IKZF2",0.135237966438126
"chr7-79451893-79452804","MAGI2",0.135230768896324
"chr1-169692605-169693508","SELL",0.135178874842575
"chr21-42062193-42063081","UBASH3A",0.13516337446188
"chr13-114142429-114143300","RASA3",0.135161386370261
"chr17-36089802-36090735","CCL3",0.135158359650702
"chr1-32107698-32108524","LCK",0.135119822130826
"chr4-108043291-108044050","LEF1",0.135063891631466
"chr2-86805803-86806630","CD8B",0.135053628687925
"chr8-38957245-38958150","PLEKHA2",0.135014024026164
"chr3-69738985-69739858","FRMD4B",0.134986165830166
"chr22-17994460-17995244","MICAL3",0.134948926009009
"chr2-109031530-109032448","EDAR",0.134922006471086
"chr11-47514663-47515505","SPI1",0.134915992109637
"chr8-24309898-24310790","ADAM28",0.134903484210416
"chr15-57591445-57592352","LINC00926",0.134898013736218
"chr19-53829732-53830632","NLRP12",0.134885034799215
"chr11-102474218-102475114","BIRC3",0.134838006813963
"chr4-108171246-108172092","LEF1-AS1",0.134830940490048
"chr1-156126008-156126794","LMNA",0.134734297958427
"chr14-97602486-97603413","LINC01550",0.134731488830386
"chr6-32689991-32690727","HLA-DQB1",0.134725817940808
"chr17-67434954-67435687","PITPNC1",0.134720082942921
"chr10-95837514-95838364","BLNK",0.134696146186802
"chr2-45728238-45729080","PRKCE",0.134671902018216
"chr19-42129171-42130058","POU2F2",0.134661549795373
"chr9-107749498-107750294","KLF4",0.134655231886261
"chr10-6591822-6592660","PRKCQ-AS1",0.134599068720667
"chr10-96737061-96737953","BLNK",0.134572255215186
"chr5-159051090-159051922","EBF1",0.134550184679515
"chr22-50537934-50538689","SCO2",0.134515818597036
"chr6-32689991-32690727","HLA-DRB5",0.134504124893406
"chr17-7214142-7214974","ACAP1",0.134440311120568
"chr11-60459260-60459981","MS4A1",0.134423070593654
"chr2-88838015-88838891","EIF2AK3",0.13442063305152
"chr19-42121454-42122280","POU2F2",0.134413714248527
"chr19-50896468-50897301","SPIB",0.134405826140418
"chr20-57400863-57401734","PMEPA1",0.134380998495947
"chr14-68967779-68968681","ACTN1",0.134339516459514
"chr4-140756681-140757401","TBC1D9",0.134335390110899
"chr1-186849396-186850189","PLA2G4A",0.13426514456083
"chr19-54373490-54374378","FCAR",0.13424688515245
"chr6-32816685-32817553","HLA-DQB1",0.134234627554175
"chr1-157704647-157705541","FCRL3",0.134231257276917
"chr19-54209457-54210244","MYADM",0.134206753771973
"chr2-46970312-46971202","TTC7A",0.134173935446793
"chr20-52975226-52976035","TSHZ2",0.134169458412485
"chr2-16861233-16861992","FAM49A",0.134121077754458
"chrX-1504122-1504853","CSF2RA",0.134104355013215
"chr4-108116574-108117279","LEF1",0.134103562415037
"chr8-89759048-89759830","RIPK2",0.134101523622678
"chr16-57646392-57647269","ADGRG5",0.134018319800556
"chr2-86794757-86795509","CD8A",0.134002209342335
"chr8-116949544-116950367","SLC30A8",0.133950705879926
"chr15-64179930-64180825","SNX22",0.133945018665642
"chr3-172129818-172130450","TNFSF10",0.133942149734296
"chr2-197804163-197804987","PLCL1",0.133933594083454
"chr6-159983575-159984389","SOD2",0.133908437709559
"chr8-118508982-118509890","SAMD12",0.13387939392265
"chr14-105931733-105932605","FAM30A",0.133875585813728
"chr12-7752309-7753106","CLEC4C",0.133803925346784
"chr12-82965868-82966767","TMTC2",0.133759163589071
"chr10-45380004-45380723","RASSF4",0.133716475384983
"chr2-86809472-86810207","CD8A",0.133705861210837
"chr8-47627431-47628343","SPIDR",0.133688561985554
"chr11-128469830-128470626","ETS1",0.133666914122774
"chr2-241036321-241036974","SNED1",0.133662066785849
"chr6-32943981-32944807","HLA-DRB1",0.133651655821132
"chr13-46386899-46387790","RUBCNL",0.133625242632491
"chr11-61949293-61950161","FTH1",0.133621753960365
"chr20-19759595-19760414","RIN2",0.133617985103222
"chr2-70135619-70136490","AAK1",0.133605266390417
"chr19-37922790-37923683","SIPA1L3",0.13359864285181
"chr3-191295724-191296631","CCDC50",0.133591847130905
"chr4-108433519-108434450","LEF1-AS1",0.133586383572571
"chr11-60378258-60378689","MS4A6A",0.133558193287515
"chr15-91860974-91861841","SLCO3A1",0.133541515046674
"chr1-157700451-157701288","FCRL3",0.133536113795965
"chr10-33028368-33029205","ITGB1",0.13348061296219
"chr2-231383367-231384288","NMUR1",0.133409646588063
"chr9-133855611-133856550","SLC2A6",0.133369396627461
"chr10-70672045-70672952","PRF1",0.133311215830172
"chr10-87657259-87658146","PAPSS2",0.133288829199882
"chr22-17106535-17107454","IL17RA",0.133276539636383
"chr10-113319915-113320555","TCF7L2",0.133274835092713
"chr10-12243556-12244460","CAMK1D",0.133263877734126
"chr17-66673414-66674309","PRKCA",0.133234008216643
"chr11-118142599-118143472","JAML",0.133230787081689
"chr1-178608123-178609025","ANGPTL1",0.133212213952648
"chr1-157849183-157850029","FCRL1",0.133197821646476
"chr6-11350045-11350956","NEDD9",0.133184825269213
"chr4-89283397-89284311","GPRIN3",0.133157871257965
"chr12-10182373-10183252","CLEC12A",0.133145733442993
"chr11-9738875-9739766","SWAP70",0.133135862219738
"chr6-17907393-17908267","RNF144B",0.133078813299687
"chr1-186680031-186680895","PLA2G4A",0.133068153997432
"chr11-118343910-118344797","CD3D",0.133020134757166
"chr19-50346978-50347892","SPIB",0.13301580252467
"chr10-33136083-33136794","ITGB1",0.132988601527497
"chr8-11016112-11016991","XKR6",0.132972560970403
"chr13-112767680-112768565","ATP11A",0.132965288070059
"chr12-8052452-8053340","LINC00937",0.132957628558588
"chr6-90083686-90084565","BACH2",0.132944389035534
"chr22-31497254-31497840","PIK3IP1",0.132938394293159
"chr13-99360931-99361840","DOCK9",0.132932812713098
"chr14-52247784-52248696","PTGDR",0.132895298045423
"chr17-27540241-27541145","WSB1",0.13287992145787
"chr22-31292113-31292971","PIK3IP1",0.132857582685337
"chr4-39166002-39166827","TMEM156",0.132814847402156
"chr11-73289082-73289901","FCHSD2",0.132803284476251
"chr14-92247061-92247968","SLC24A4",0.132789767205162
"chr10-48655932-48656814","WDFY4",0.132768054725702
"chr8-80100287-80100685","TPD52",0.132763069650582
"chr4-3485053-3485586","DOK7",0.132743453523273
"chr10-97390004-97390776","RRP12",0.132728030743009
"chr15-94230996-94231908","MCTP2",0.132712229802431
"chr7-26864279-26865191","SKAP2",0.1326985155103
"chr16-86018225-86019116","IRF8",0.132681825306323
"chr1-24502427-24503181","NIPAL3",0.132660975441834
"chr9-107638855-107639560","KLF4",0.132655942591856
"chr19-47388798-47389722","DHX34",0.13256658828913
"chr6-32816685-32817553","HLA-DRB5",0.132547213825517
"chr12-128771429-128772329","GLT1D1",0.132500117505133
"chr19-45040313-45041043","FOSB",0.132484810340036
"chr5-159039928-159040797","EBF1",0.132472363825273
"chr11-14237318-14238237","RRAS2",0.132470223355134
"chr18-812044-812899","ENOSF1",0.132420832118302
"chr19-54207817-54208730","LILRB4",0.132376742801764
"chr1-67307220-67308180","IL12RB2",0.132345073017323
"chr19-14776447-14777343","ADGRE5",0.132337673532879
"chr4-151015173-151016116","RPS3A",0.132292535625856
"chr2-60873134-60873977","BCL11A",0.13226564398894
"chr12-121144338-121145027","P2RX7",0.132256758178835
"chr12-10397212-10398014","KLRC3",0.132227664770327
"chr2-6913466-6914328","RNF144A",0.132207604450734
"chr9-37302039-37302915","PAX5",0.132205977547077
"chr17-77666592-77667519","TMC8",0.132163614614572
"chr2-8511830-8512702","LINC00299",0.132157365674852
"chr8-37575226-37575961","RAB11FIP1",0.132144863790189
"chr20-2292503-2293404","SIRPA",0.132113623425552
"chr1-160795613-160796532","LY9",0.132045966603622
"chr1-161216800-161217658","FCGR2A",0.132038190832597
"chr1-69568046-69568874","LRRC7",0.131993557096304
"chr20-36808530-36809434","SAMHD1",0.131989977839475
"chr8-11201200-11202022","XKR6",0.131989612169289
"chr11-65424882-65425686","FAU",0.131962985964393
"chr2-230447652-230448571","SP140",0.131960025388531
"chr17-1586810-1587718","ABR",0.131939755483218
"chr8-18069058-18069970","ASAH1",0.131935662604793
"chr18-6414179-6415113","L3MBTL4",0.131910439513282
"chr1-24915355-24916138","RUNX3",0.131904343878627
"chr14-105817767-105818654","FAM30A",0.131862234126948
"chr5-60943363-60944102","ZSWIM6",0.131849928623349
"chr6-142900439-142901338","HIVEP2",0.131848223419577
"chr2-47034079-47034873","TTC7A",0.131833746740641
"chr16-3076729-3077587","IL32",0.131828596701098
"chr6-42387083-42387970","CCND3",0.131824747294244
"chr11-61101944-61102839","CD5",0.131819879155377
"chr17-77666592-77667519","TNRC6C",0.131788772754472
"chr9-123338959-123339853","STRBP",0.131788469824611
"chr17-63697545-63698372","CD79B",0.131724011250688
"chr4-40630357-40631136","RBM47",0.131669817661614
"chr7-94907437-94908295","PPP1R9A",0.131631327869927
"chr14-95706980-95708024","TCL1A",0.131625401004228
"chr3-71841945-71842844","LINC00877",0.131601451278044
"chr19-54270996-54271757","LILRB2",0.131597754587752
"chr19-54952239-54953149","FCAR",0.131562023434757
"chr6-35601496-35602387","RPL10A",0.131525082550318
"chr1-157726513-157727410","FCRL5",0.131512648823436
"chr5-88828864-88829739","MEF2C",0.131509725991637
"chr8-60792550-60793451","CHD7",0.131493869493526
"chr12-111170302-111171190","SH2B3",0.131485004245921
"chr6-32589385-32590284","HLA-DPA1",0.131454105810145
"chr2-142877217-142877989","KYNU",0.131416582896467
"chr6-32945189-32945993","HLA-DRB5",0.131413675528254
"chr19-42363395-42364221","CD79A",0.131411905194716
"chr17-35467672-35468493","CCL5",0.131392738133875
"chr9-27600093-27600931","C9orf72",0.131350297000275
"chr8-58991485-58992365","TOX",0.131344088495024
"chr8-30133527-30134441","LEPROTL1",0.13133549491591
"chr9-136564352-136565254","NACC2",0.13131720623828
"chr1-154157490-154158360","RPS27",0.13129993710706
"chr11-61025955-61026809","CD5",0.13127424868986
"chr2-143128730-143129588","ARHGAP15",0.13122871857408
"chr10-113033751-113034620","TCF7L2",0.131208227385762
"chr22-33519139-33519906","LARGE1",0.13120783307496
"chr12-9009834-9010731","LINC00612",0.13116575489593
"chr22-44709739-44710354","PRR5",0.131149621931265
"chr10-88792419-88793297","ANKRD22",0.131099502810383
"chr20-5675257-5676083","GPCPD1",0.131064449791861
"chr3-171813777-171814684","FNDC3B",0.131032475482775
"chr6-144159473-144160274","STX11",0.131030448990228
"chr15-59412675-59413577","MYO1E",0.131030049056216
"chr17-67433825-67434659","PITPNC1",0.131027135075857
"chr3-113532130-113532963","SIDT1",0.131021604239654
"chr6-167121824-167122705","CCR6",0.130958799177834
"chr4-151407496-151408157","FAM160A1",0.130945852654873
"chr2-95023044-95023858","MAL",0.130883815492044
"chr12-52045543-52046419","NR4A1",0.130878551359125
"chr11-111378898-111379779","POU2AF1",0.13087443592667
"chr19-54312395-54313201","LILRB3",0.130856741194754
"chr7-22356653-22357446","RAPGEF5",0.130836228154741
"chr14-101819373-101820184","PPP2R5C",0.130797537407826
"chr16-31116085-31116658","ITGAX",0.130783328670525
"chr6-41280415-41281304","TREM1",0.130771543512454
"chr2-86861450-86862303","CD8B",0.130768764778124
"chr3-171966867-171967762","FNDC3B",0.130756592924112
"chr1-158931239-158931954","PYHIN1",0.130753950072308
"chr12-6426757-6427603","CD27",0.130749708119139
"chr7-102441413-102442303","ORAI2",0.130708129051503
"chr4-101262512-101263325","BANK1",0.130688397667034
"chr14-71363011-71363907","SIPA1L1",0.130647740586497
"chr19-47383137-47384027","C5AR1",0.130611568399106
"chr9-91197068-91197876","NFIL3",0.130575319816453
"chr11-3014071-3014978","NAP1L4",0.130553111833419
"chr6-36682535-36683413","CPNE5",0.130492473247989
"chr4-105113553-105114445","TET2",0.130458960115106
"chr4-85725538-85726398","ARHGAP24",0.130453524849541
"chr1-151825785-151826646","RORC",0.130426446833451
"chr10-96673248-96674176","PIK3AP1",0.130417793289289
"chr6-32271169-32272064","HLA-DQA1",0.130405530573035
"chr2-71474091-71474960","DYSF",0.130400073519778
"chr1-162413581-162414511","SH2D1B",0.130397829222393
"chr12-111359248-111360130","CUX2",0.130378472100159
"chr14-77565315-77566200","SPTLC2",0.130368085826768
"chr6-33073244-33074127","HLA-DPA1",0.130357552167667
"chr12-9764551-9765435","CLEC2D",0.130347086816311
"chr1-159430753-159431623","FCER1A",0.130342868382319
"chr12-116336401-116337299","MED13L",0.13031267151853
"chr19-7491938-7492824","INSR",0.130294507764051
"chr6-137823790-137824711","TNFAIP3",0.130280987476386
"chr2-100380942-100381842","AFF3",0.130254186375923
"chr2-203867326-203868221","ICOS",0.130251234687848
"chr7-17009055-17009959","AHR",0.130243476866851
"chr1-157566304-157567220","FCRL3",0.130237592135454
"chr1-150160183-150161050","ADAMTSL4-AS1",0.130206477991042
"chr2-213147249-213148095","IKZF2",0.130195066697972
"chr4-48137547-48138323","TXK",0.130148349035206
"chr6-137870476-137871400","TNFAIP3",0.130147643024844
"chr1-53135470-53136299","SLC1A7",0.130142960582866
"chr7-16770633-16771510","TSPAN13",0.130091513601935
"chr11-33211030-33211957","HIPK3",0.130084528764517
"chr12-10068514-10069320","CLEC12A",0.130060201597512
"chr8-141327112-141328009","DENND3",0.130051300284043
"chr14-100677439-100678225","WARS",0.130036851704854
"chr6-137880922-137881712","TNFAIP3",0.130034675330079
"chr17-67725168-67726086","PITPNC1",0.130032169954562
"chr1-161083173-161084092","FCGR2A",0.130010169096935
"chr19-35909090-35909965","TYROBP",0.129982173253629
"chr4-140755735-140756544","TBC1D9",0.129979134681755
"chr17-27530722-27531614","KSR1",0.129971333429751
"chr15-60787870-60788669","RORA",0.129959899750081
"chr19-54451044-54451948","LILRB2",0.129941842214208
"chr3-40971308-40972205","CTNNB1",0.129940721887403
"chr1-27943185-27944044","FGR",0.129892424655634
"chr6-32666265-32667157","HLA-DQA1",0.129884804957141
"chr9-20640207-20641136","MLLT3",0.129844838397537
"chr20-32063723-32064422","HCK",0.129837183003397
"chr19-49473799-49474727","NOSIP",0.129822583703358
"chr8-80146674-80147458","TPD52",0.129821361999779
"chr12-10293297-10294185","KLRK1",0.129810880394495
"chr6-41228382-41229139","TREM1",0.129806584053842
"chr5-157283138-157284036","ADAM19",0.129799441058622
"chr19-54222506-54223423","OSCAR",0.129778067547428
"chr7-2757867-2758740","TTYH3",0.129777506856106
"chr17-44279433-44280334","GRN",0.129760548576526
"chr6-32604395-32604778","HLA-DQB1",0.129735634120013
"chr19-14127857-14128673","ADGRE5",0.129663430176477
"chr19-54047349-54048256","MYADM",0.129661220818587
"chr6-148747528-148748384","UST",0.1296606993283
"chr6-144161712-144162511","STX11",0.129654157998228
"chr15-59399218-59400078","MYO1E",0.129639230035916
"chr9-20242543-20243428","MLLT3",0.129631228830389
"chr12-10197605-10198487","KLRF1",0.129629595754383
"chr16-12801435-12802238","CPPED1",0.129624568184957
"chr1-1216752-1217590","TNFRSF18",0.129623615510303
"chr11-112880172-112881048","NCAM1",0.129622159585112
"chr1-109820907-109821737","SORT1",0.129608164669444
"chr13-67230078-67230938","PCDH9",0.129590357818515
"chr8-19496799-19497688","CSGALNACT1",0.129550082295241
"chr17-35898196-35899024","CCL5",0.129535176703604
"chr2-71065107-71065620","DYSF",0.129500666201775
"chr7-49579235-49580138","VWC2",0.129498244163975
"chr6-33057086-33057991","HLA-DPB1",0.129460984011682
"chr2-184598392-184599163","ZNF804A",0.129456735432809
"chr4-129327443-129328305","SCLT1",0.129440891962825
"chr22-46587356-46588176","CELSR1",0.129406364230601
"chr1-116738643-116739464","CD2",0.129372686532246
"chr12-47391330-47392183","PCED1B",0.129367801735847
"chr12-10673735-10674629","KLRK1",0.129349259842176
"chr19-54662484-54663343","LILRB2",0.12932603161221
"chr19-54316623-54317542","LILRB3",0.129292529147463
"chr2-182077458-182078329","PPP1R1C",0.129286750092896
"chr3-105752712-105753576","CBLB",0.129281893644966
"chr10-96720254-96721089","BLNK",0.129281697996095
"chr11-65308144-65308983","NEAT1",0.129274384607118
"chr13-23759203-23759922","LINC00327",0.129255604041202
"chr12-89160322-89161183","DUSP6",0.129236566911491
"chr5-150409704-150410234","CD74",0.129236198285976
"chr5-149677498-149678393","CSF1R",0.129232625540152
"chr10-70558943-70559875","PRF1",0.129217284095717
"chr6-32815671-32816454","HLA-DRB5",0.129186607091257
"chr6-32945189-32945993","HLA-DPA1",0.129186340763463
"chr2-68387228-68388146","PLEK",0.12915982149272
"chr1-241330560-241331434","RGS7",0.129157729478174
"chr19-47324198-47325099","C5AR1",0.129134812894584
"chr8-24414722-24415629","ADAM28",0.129108396986907
"chr2-217902392-217903285","SLC11A1",0.129098517809253
"chr3-13012287-13013031","IQSEC1",0.129095339575595
"chr20-1820452-1821349","SIRPB2",0.129084777043739
"chr6-17907393-17908267","KDM1B",0.129054906861651
"chr12-10303839-10304712","KLRC2",0.128974213849619
"chr1-35799992-35800916","AGO4",0.128965471137789
"chr6-127967406-127968280","THEMIS",0.128964156530992
"chr17-27540241-27541145","KSR1",0.128964047610413
"chr20-4829265-4830084","RASSF2",0.128958791491663
"chr19-41810725-41811595","POU2F2",0.128951618489821
"chr4-1087088-1088003","SPON2",0.128938096009253
"chr21-46425396-46426247","DIP2A",0.128828280878502
"chr14-54782606-54783524","SAMD4A",0.128810856159061
"chr1-158113165-158114048","FCRL2",0.128808401798111
"chr13-74131848-74132699","KLF12",0.128800796914633
"chr20-51542270-51543177","NFATC2",0.128753376626203
"chr6-13427911-13428779","GFOD1",0.128742932356212
"chr12-10671953-10672886","KLRD1",0.128726050097309
"chr12-69337835-69338687","LYZ",0.128725589635112
"chr9-109918216-109919061","PALM2-AKAP2",0.128704685093482
"chr22-38957077-38957942","APOBEC3A",0.128682040988368
"chr1-67332775-67333681","IL12RB2",0.128653561030492
"chr22-46373042-46373757","TTC38",0.128650602202229
"chr12-32482007-32482780","FGD4",0.128628165985346
"chr2-152497234-152498144","FMNL2",0.128586666109281
"chr9-113148899-113149727","SLC31A2",0.128538391326971
"chr19-14603738-14604595","CLEC17A",0.128536453195602
"chr11-9855484-9856381","SWAP70",0.128500282460299
"chr12-105358544-105359444","SLC41A2",0.128485816967548
"chr3-101873286-101874180","NFKBIZ",0.12846992399328
"chr11-2826186-2826962","CDKN1C",0.128462622461935
"chr5-159100035-159100893","EBF1",0.128407115428592
"chr1-158809721-158810467","MNDA",0.128402233455884
"chr17-58278704-58279581","TEX14",0.12837390499379
"chr8-30133527-30134441","SARAF",0.128362569112832
"chr17-10019645-10020548","GAS7",0.128356523574339
"chr2-16862354-16863148","FAM49A",0.12835097944021
"chr15-100940683-100941443","LRRK1",0.128334642729303
"chr11-61688575-61689424","FTH1",0.128328449133423
"chr19-48332601-48333436","RPL18",0.128306793711808
"chr8-66533282-66534186","MYBL1",0.128243218183249
"chr11-85810725-85811615","SYTL2",0.128237867868745
"chr14-103117696-103118305","TNFAIP2",0.128225464967127
"chr2-203933768-203934647","CD28",0.128193073176323
"chr2-218367472-218368364","SLC11A1",0.128190400625687
"chr3-32438742-32439662","ZNF860",0.128167373365857
"chr8-30090632-30091492","SARAF",0.128160794569591
"chr17-40597038-40597768","CCR7",0.128118548829939
"chr2-60553449-60554276","BCL11A",0.128104620486188
"chr2-28715974-28716829","PPP1CB",0.128084742090317
"chr12-9650483-9651340","CD69",0.128054481859165
"chr17-40585974-40586835","CCR7",0.128030474975134
"chr10-33009959-33010808","ITGB1",0.12799451406702
"chr6-108841158-108842083","FOXO3",0.127966150171431
"chr19-49333556-49334417","CD37",0.127954753308709
"chr1-25562204-25563099","MAN1C1",0.127931495715503
"chr2-203740836-203741656","ICOS",0.127926578381838
"chr12-68962967-68963893","LYZ",0.127914242421876
"chr4-85498103-85499001","ARHGAP24",0.127905043824195
"chr2-134275091-134276000","MGAT5",0.127881630273446
"chr22-41883608-41884475","TNFRSF13C",0.127864854106924
"chr9-90799384-90800162","SYK",0.127858317539324
"chr2-86821088-86822021","CD8B",0.127856731136612
"chr17-4766092-4766894","ARRB2",0.127851866493554
"chr3-151276369-151277236","P2RY14",0.127847505010901
"chr8-29806148-29807036","LEPROTL1",0.127820043737591
"chr5-157457533-157458414","ADAM19",0.12780628265905
"chr7-80634194-80635075","CD36",0.12778925464834
"chr1-115727657-115728557","SLC22A15",0.127781316938761
"chr6-137883331-137884137","TNFAIP3",0.127777349263607
"chr2-164761011-164761895","SLC38A11",0.127751936337133
"chr16-28984563-28985472","LAT",0.127749791539786
"chr14-59870355-59871243","RTN1",0.127716405231696
"chr11-112960991-112961731","NCAM1",0.127688569921395
"chr8-47369135-47370027","CEBPD",0.127681131031758
"chr4-40314690-40315469","RBM47",0.127672141231086
"chr13-46594935-46595739","RUBCNL",0.127652604192851
"chr8-80171086-80171955","TPD52",0.127650239904478
"chr19-8637952-8638848","PRAM1",0.127645275898385
"chr9-82184292-82185163","TLE1",0.127643735983014
"chr19-7674025-7674925","INSR",0.127618467635926
"chr11-73204426-73205305","ATG16L2",0.12760212297327
"chr16-84175398-84176306","COTL1",0.127601720664406
"chr21-46425396-46426247","PRMT2",0.127600328602003
"chr4-175953732-175954634","GPM6A",0.127588637634931
"chr8-98825525-98826318","STK3",0.127588364529014
"chr20-51022752-51023638","KCNG1",0.127531616711815
"chr17-27532248-27533029","KSR1",0.127481757036272
"chr5-95283797-95284602","MCTP1",0.127473716262248
"chr2-203719746-203720638","CD28",0.127460757394435
"chr16-53456302-53457098","RBL2",0.127444013542537
"chr22-35380646-35381546","TOM1",0.127435157233998
"chr2-68390849-68391748","PLEK",0.127427574020798
"chr8-85177000-85177699","E2F5",0.127413131427132
"chr1-12180233-12180962","TNFRSF1B",0.127394860680194
"chr7-90709843-90710594","CDK14",0.127369174154455
"chr5-157540525-157541411","ADAM19",0.127363166196194
"chr15-94325132-94325808","MCTP2",0.12735280354503
"chr1-53084299-53085148","SLC1A7",0.127347279649608
"chr19-54707741-54708605","NCR1",0.127324206164545
"chr17-64174643-64175554","PECAM1",0.127295924832784
"chr10-79293596-79294510","ZMIZ1",0.127294054866783
"chr3-16290476-16291253","OXNAD1",0.127293289173646
"chr11-95688554-95689391","SESN3",0.127281704205956
"chr6-32473001-32473641","HLA-DMA",0.127280737355928
"chr10-96235844-96236705","BLNK",0.127276848296244
"chr17-64448649-64449519","PECAM1",0.127260526487768
"chr5-157729605-157730350","ADAM19",0.127250661981172
"chr11-104152731-104153622","PDGFD",0.127247007146083
"chr12-10602523-10603345","KLRK1",0.127238310697255
"chr4-25904293-25905110","SEL1L3",0.12723713906626
"chr19-54270996-54271757","LILRB3",0.127219914414719
"chr11-9688814-9689709","SWAP70",0.12719891408161
"chr8-24370800-24371661","ADAM28",0.127167417513779
"chr1-223363856-223364735","SUSD4",0.127135075886876
"chr9-133133476-133134368","RPL7A",0.127101203070743
"chr17-78882939-78883860","TIMP2",0.127091340710835
"chr8-24956118-24956915","NEFL",0.127066235293465
"chr20-38804824-38805572","PPP1R16B",0.127011025857667
"chr16-84805983-84806858","KIAA0513",0.127007966439323
"chrX-46754306-46755103","SLC9A7",0.127007287740601
"chr10-3850971-3851753","KLF6",0.127004470079249
"chr14-61332350-61333157","PRKCH",0.126976454627478
"chr12-111393499-111394414","SH2B3",0.126965968004866
"chr4-42627749-42628672","ATP8A1",0.126962609584935
"chr8-47369135-47370027","SPIDR",0.12691891061011
"chr12-47360632-47361359","PCED1B",0.126881810951196
"chr12-110647406-110648321","HVCN1",0.12685329554171
"chr1-28112579-28113451","PTAFR",0.126812685068541
"chr11-10502650-10503593","SBF2",0.126811748386636
"chr14-75341513-75342076","FOS",0.12679779689764
"chr7-26329614-26330510","SNX10",0.126797708955021
"chr1-150613224-150614144","MCL1",0.126736873819644
"chr2-30231073-30231828","LBH",0.126723136103491
"chr11-118699413-118700051","CD3G",0.126711078160231
"chr21-38831268-38832158","ETS2",0.126695907944288
"chr17-27488863-27489736","KSR1",0.126688147466244
"chr6-111096004-111096895","SLC16A10",0.126673059948278
"chr2-212958429-212959347","IKZF2",0.126600378246477
"chr6-127792375-127793261","THEMIS",0.126577711432022
"chr2-206443149-206443991","ADAM23",0.126520032997719
"chr10-71860191-71861095","PSAP",0.126519248449202
"chr11-60310387-60311250","MS4A1",0.126515987773793
"chr4-70678151-70679026","JCHAIN",0.126490733151618
"chr14-94392272-94393179","SERPINA1",0.126482277789584
"chr11-85752601-85753498","SYTL2",0.126475909284226
"chr6-33075428-33076328","HLA-DPB1",0.126468928120054
"chr2-60660878-60661785","BCL11A",0.126460777467338
"chr4-108115642-108116433","LEF1",0.126415186588559
"chr17-10062588-10063237","GAS7",0.126405234187945
"chr8-24377363-24378228","ADAM28",0.126398230343631
"chr9-37060565-37061372","PAX5",0.126389941142051
"chr17-1555816-1556641","SLC43A2",0.126385538849971
"chr10-79320864-79321751","ZMIZ1",0.126361397211507
"chr19-54019941-54020790","LILRB3",0.12634251560026
"chr16-57609401-57610312","ADGRG1",0.126302106495242
"chr12-92702601-92703467","C12orf74",0.126285840914203
"chr19-18169358-18170398","IFI30",0.126268065544921
"chr13-74069835-74070703","KLF12",0.126267568902039
"chr2-239500795-239501712","HDAC4",0.126235891915299
"chr4-25985051-25985891","SEL1L3",0.126227043171632
"chr19-53844622-53845489","NLRP12",0.126201131326738
"chr19-54803174-54803941","KIR2DL1",0.126187030825892
"chr14-97993907-97994770","LINC01550",0.12612912736449
"chr5-83474319-83474902","VCAN",0.126112104445533
"chr1-156552682-156553582","ARHGEF11",0.126104146476825
"chr3-101819573-101820443","NFKBIZ",0.126091196937648
"chr20-20260925-20261818","RIN2",0.126089785541878
"chr17-74569322-74570226","CD300E",0.126088085076023
"chr6-167094955-167095808","CCR6",0.126084588818312
"chr6-113856854-113857755","MARCKS",0.126062567683086
"chr4-184833253-184834103","ACSL1",0.126051574665473
"chr19-54643793-54644548","LILRB2",0.126020252702307
"chr2-191128043-191128899","STAT4",0.126006510401576
"chr8-22443568-22444418","PPP3CC",0.125994606946382
"chr15-89825033-89825952","ANPEP",0.125977756798585
"chr6-33057086-33057991","HLA-DPA1",0.125969453736018
"chr2-213151367-213152253","IKZF2",0.125960833222814
"chr2-134251898-134252814","MGAT5",0.125959304309834
"chr17-74238975-74239872","CD300E",0.125958966751094
"chr6-35601496-35602387","FKBP5",0.125926439518246
"chr20-1491212-1492044","SIRPB2",0.125921357425143
"chr8-37737427-37738195","RAB11FIP1",0.125919455890399
"chr12-10285705-10286575","KLRK1",0.125905423879588
"chr4-36268870-36269760","DTHD1",0.12587548066097
"chr17-27530722-27531614","WSB1",0.125869509206887
"chr1-89351436-89352322","GBP1",0.125867447677815
"chr5-80269867-80270729","SERINC5",0.125860333300203
"chr10-3773816-3774697","KLF6",0.125857542088694
"chr1-109615598-109616502","SORT1",0.125853838705854
"chr12-10409100-10409904","KLRK1",0.125816585546507
"chrX-1268409-1269251","CSF2RA",0.125804587596956
"chr20-63736053-63736922","LIME1",0.125781881785112
"chr10-96747751-96748660","BLNK",0.125775881707353
"chr3-146506324-146507227","PLSCR1",0.125755069683348
"chr8-115846311-115847173","TRPS1",0.125739522453169
"chr17-39794124-39794986","IKZF3",0.125697863205362
"chr15-89825033-89825952","ZNF710",0.125659397447002
"chr4-139208066-139208983","ELF2",0.125655935050273
"chr2-20439391-20440238","RHOB",0.125638027664971
"chr22-41928594-41929505","TNFRSF13C",0.125636261752549
"chr12-89789621-89790529","ATP2B1",0.125576028318987
"chr2-226905976-226906849","COL4A3",0.12554612026862
"chr6-108565784-108566351","FOXO3",0.125486856841998
"chr1-183279663-183280508","NCF2",0.125467844586698
"chr1-150162829-150163697","MCL1",0.12544815409356
"chr5-158995281-158996222","EBF1",0.125436414576704
"chr9-111037605-111038501","LPAR1",0.125426505160169
"chr6-32943981-32944807","HLA-DQA1",0.125408299030292
"chr16-30903503-30904284","ITGAX",0.125371260780227
"chr17-59729202-59730031","VMP1",0.125350700241634
"chr19-51395281-51396033","NKG7",0.125332679939301
"chr11-2933065-2933914","KCNQ1",0.125258257475945
"chr19-49555734-49556588","FLT3LG",0.125196378584014
"chr11-83061683-83062466","RAB30",0.125175909066208
"chr4-36189513-36190389","DTHD1",0.125155122852023
"chr12-31835019-31835938","DENND5B",0.125118838170975
"chr1-157700451-157701288","FCRL1",0.125110062207898
"chr11-60182586-60183401","MS4A6A",0.125094325493331
"chr7-77409904-77410818","PTPN12",0.125053428390085
"chr2-197847478-197848366","PLCL1",0.125045863091157
"chr11-118291391-118292090","JAML",0.125017253768546
"chr4-36281150-36282003","DTHD1",0.125010926673486
"chr2-230204756-230205666","SP140",0.125009932647227
"chr2-203936305-203937189","ICOS",0.124988078591902
"chr6-32945189-32945993","HLA-DPB1",0.124963289797358
"chr10-96673248-96674176","BLNK",0.124954035764911
"chr19-18417486-18417970","IFI30",0.124925963339118
"chr6-108622322-108623227","FOXO3",0.124910780522035
"chr19-54747379-54748277","FCAR",0.124855674570767
"chr3-12999115-13000001","IQSEC1",0.124828067488819
"chr2-159362686-159363587","BAZ2B",0.124807066318629
"chr7-29146003-29146852","CPVL",0.124805466735682
"chr11-128291683-128292518","ETS1",0.124796052144412
"chr19-54312395-54313201","OSCAR",0.124792912261401
"chr19-54606852-54607436","LILRB3",0.124785986996185
"chr1-157595080-157595987","FCRL2",0.124740145151834
"chr7-22551568-22552458","IL6",0.124730522877326
"chr15-91852825-91853776","SLCO3A1",0.124728610494973
"chr19-54270996-54271757","MYADM",0.124717156232113
"chr6-11206823-11207700","NEDD9",0.124712352907987
"chr11-118927966-118928809","RPS25",0.124706505557928
"chr11-118342299-118343146","CD3E",0.124614928734093
"chr6-127997223-127998108","THEMIS",0.124614894062042
"chr1-28139116-28139971","PTAFR",0.124598210077802
"chr2-241009652-241010571","SNED1",0.124588256137229
"chr2-3518667-3519515","RPS7",0.124580565589225
"chr1-116764306-116765193","CD2",0.124564665531603
"chr3-12681630-12682522","IQSEC1",0.124551057300251
"chr21-25298374-25299287","LINC00158",0.124515677206913
"chr13-109704911-109705694","IRS2",0.12449394329372
"chr19-14126906-14127706","ADGRE5",0.12448984448595
"chr6-150682984-150683866","PLEKHG1",0.124467411072033
"chr2-86842394-86843249","CD8A",0.124447215989822
"chr19-47310696-47311494","C5AR1",0.124442335848489
"chr1-27904257-27905143","THEMIS2",0.124423580926359
"chr19-53849030-53849854","OSCAR",0.12441791822423
"chr13-31908688-31909490","FRY",0.124415129652061
"chr19-49500598-49501497","FLT3LG",0.124397526960822
"chr19-41552426-41553266","CD79A",0.124385581819695
"chr6-32816685-32817553","HLA-DOB",0.124376606243235
"chr4-148060431-148061270","NR3C2",0.124376517525962
"chr17-77882388-77883211","TNRC6C",0.124357169816367
"chr21-33300775-33301623","IFNGR2",0.12429596549719
"chr7-90757236-90758063","CDK14",0.124295951895237
"chr6-111088258-111088986","SLC16A10",0.124288901974504
"chr12-55929115-55930002","DGKA",0.124259034527348
"chr11-14554691-14555588","PSMA1",0.124236924600282
"chr6-33061712-33062617","HLA-DRB1",0.124230329284809
"chr4-101801745-101802608","BANK1",0.124217767934674
"chr20-5642371-5643234","GPCPD1",0.124212139879312
"chr7-21965960-21966801","RAPGEF5",0.124205170279894
"chr9-128092750-128093484","FAM102A",0.12420407945775
"chr16-55444521-55445428","LPCAT2",0.124170959013221
"chr4-176002050-176002854","GPM6A",0.124164882694832
"chr4-57110050-57110911","IGFBP7",0.124162715277739
"chr16-57577586-57578423","ADGRG1",0.124138475311663
"chr9-68643570-68644491","PIP5K1B",0.124060153798733
"chr16-29339014-29339924","RABEP2",0.124022091512885
"chr3-24494823-24495729","THRB",0.12402049120385
"chr7-115229099-115230027","MDFIC",0.123989781890982
"chr11-64996535-64997437","NEAT1",0.12398553867347
"chr21-41678705-41679579","MX1",0.123975321056444
"chr11-9273304-9274192","DENND5A",0.123958899273781
"chr5-175689180-175690058","HRH2",0.123941137332966
"chr15-57586726-57587596","LINC00926",0.123934067536198
"chr2-68364792-68365650","PLEK",0.123928356297906
"chr11-78416590-78417299","GAB2",0.123924146544198
"chr19-18170620-18171380","IFI30",0.123887550176563
"chr4-108168434-108169315","LEF1-AS1",0.123883245134746
"chr7-17041065-17041966","AHR",0.123852387840548
"chr12-10300972-10301824","KLRD1",0.12379588880784
"chr1-28110873-28111791","THEMIS2",0.123777610606315
"chr17-36182851-36183683","CCL5",0.123762082614458
"chr12-121278248-121279109","CAMKK2",0.123745200998905
"chr19-54209457-54210244","LILRB2",0.12374117053945
"chr8-118548488-118549346","SAMD12",0.123684274709814
"chr18-59272227-59272936","CCBE1",0.12368425792943
"chr20-37333420-37334325","SAMHD1",0.123666807528586
"chr9-134243516-134244423","VAV2",0.123601251502442
"chr9-123658572-123659435","STRBP",0.123553912121587
"chr12-8156593-8157479","LINC00937",0.123504751723791
"chr20-5671131-5672028","GPCPD1",0.123499536619205
"chr12-10249525-10250385","KLRC2",0.123498658574363
"chr19-54100414-54101291","LILRB3",0.123488843561199
"chr2-143258163-143258992","ARHGAP15",0.12348001015748
"chr12-14980764-14981661","PLBD1",0.123469823632866
"chr1-157575469-157576319","FCRL2",0.123413448999028
"chr11-118883378-118884280","CXCR5",0.123385113025389
"chr14-73464807-73465642","NUMB",0.123381190536773
"chr11-76857648-76858525","ACER3",0.123380885201519
"chr17-39238285-39239145","RPL19",0.123374279200941
"chr22-18066099-18066952","MICAL3",0.12336747274942
"chr1-92029684-92030564","TGFBR3",0.123341726714063
"chr1-157562245-157563098","FCRL2",0.123300121945169
"chr2-134261519-134262276","MGAT5",0.123294456109955
"chr1-157709964-157710455","FCRL5",0.123290981341954
"chr6-33009132-33010016","HLA-DQA1",0.123266528702424
"chr6-33533001-33533935","RPS18",0.123252048064271
"chr6-33018680-33019545","HLA-DPB1",0.123246316833799
"chr11-128472071-128472871","ETS1",0.123146592744966
"chr5-177510407-177511307","DOK3",0.123125786061813
"chr9-110109876-110110676","PALM2-AKAP2",0.123115544408212
"chr19-2168720-2169391","MOB3A",0.123090672778351
"chr7-106247251-106248018","NAMPT",0.123081863690898
"chr19-17764866-17765754","IFI30",0.123013617315127
"chr12-121196607-121197505","P2RX7",0.123013269408594
"chr12-10279695-10280578","KLRF1",0.12299955411763
"chr14-92248477-92249311","SLC24A4",0.1229778603092
"chr4-148375867-148376720","NR3C2",0.122968003662415
"chr14-95313539-95314404","CLMN",0.122926341812421
"chr1-27885463-27886053","PTAFR",0.122900512934108
"chr2-234488703-234489590","ARL4C",0.122887531401625
"chr1-15065628-15066513","EFHD2",0.122879992359898
"chr11-65134430-65135275","FAU",0.12285959755377
"chr11-48031741-48032614","PTPRJ",0.122852886773275
"chr3-32484211-32485095","OSBPL10",0.122830594167193
"chr22-17996287-17997153","MICAL3",0.122827153135046
"chr9-111076171-111077013","LPAR1",0.12281969984832
"chr17-16987874-16988768","TNFRSF13B",0.122817914729433
"chr11-118224535-118225390","CD3G",0.122729131781661
"chr20-5065672-5066557","RASSF2",0.12271299473656
"chr6-33111909-33112820","HLA-DQA1",0.122705205295537
"chr9-81689274-81690170","TLE1",0.12269707272741
"chr2-71065107-71065620","NAGK",0.122684921146633
"chr5-132364134-132365020","IRF1",0.122669656157972
"chr2-8324102-8325011","LINC00299",0.122648987621658
"chr13-46381926-46382812","RUBCNL",0.122640866155116
"chr21-34511845-34512668","KCNE1",0.12262343142463
"chr18-10057323-10057960","RAB31",0.122604358712961
"chr2-196241999-196242925","STK17B",0.122598648577683
"chr20-40464545-40465451","MAFB",0.122594682314412
"chr19-14661160-14662064","ADGRE2",0.122579352587086
"chr12-9741487-9742392","CLEC2D",0.122574983668438
"chr9-33415210-33416114","AQP3",0.122546113735644
"chr11-108593297-108594102","ATM",0.122540791879752
"chr9-112861899-112862633","SLC31A2",0.122537378917758
"chr19-555687-556582","CFD",0.122534155067014
"chr9-112863110-112863900","SLC31A2",0.122521261188613
"chr2-136116132-136116675","CXCR4",0.122512333689652
"chr19-47388798-47389722","C5AR2",0.122486120511419
"chr11-9663681-9664555","SWAP70",0.122481238265555
"chr13-46374489-46375403","RUBCNL",0.122463642875799
"chr14-75613878-75614592","FOS",0.122453635542363
"chr2-46461503-46462321","TTC7A",0.122449863599313
"chr5-157592361-157593240","ADAM19",0.12244171579442
"chr1-179025580-179026424","RALGPS2",0.122430787764533
"chr2-230893002-230893747","ITM2C",0.122418849935686
"chr3-187065006-187065884","ST6GAL1",0.122404600434105
"chr21-43854863-43855760","AGPAT3",0.122400800279312
"chr1-178724756-178725674","ANGPTL1",0.122391141064594
"chr5-142725826-142726752","ARHGAP26",0.122364384110243
"chr19-8567478-8568311","PRAM1",0.122347833473783
"chr20-59163354-59164247","ZNF831",0.122336007864734
"chr11-118343910-118344797","CD3E",0.122332769810704
"chr17-74690210-74691105","CD300LF",0.12230589148128
"chr10-125056938-125057788","CTBP2",0.12229847148017
"chr6-6407072-6407959","LY86",0.122284678675186
"chr4-101018565-101019385","BANK1",0.122273539372228
"chr4-85603504-85604390","ARHGAP24",0.122270347137724
"chr12-10602523-10603345","KLRC2",0.122260577995128
"chr5-14154857-14155624","TRIO",0.122194232027789
"chr2-165192977-165193874","SLC38A11",0.122170055615662
"chr19-54207817-54208730","LILRA5",0.122166337892851
"chr1-36119850-36120623","CSF3R",0.122152370579178
"chr1-67226394-67227267","IL12RB2",0.122117335172285
"chr20-40571533-40572389","MAFB",0.122115687880662
"chr19-37959588-37960392","SIPA1L3",0.122112178417468
"chr21-29208268-29209192","BACH1",0.122107109042455
"chr12-10288766-10289668","KLRD1",0.122103559487551
"chr3-121997722-121998552","CD86",0.122098329777995
"chr1-91550706-91551600","TGFBR3",0.122089917964248
"chr3-4064838-4065734","ITPR1",0.122075079684844
"chr1-100351075-100351913","CDC14A",0.122051393589032
"chr12-121276711-121277714","CAMKK2",0.122046987753854
"chr20-51500270-51500976","NFATC2",0.121983716726319
"chr19-17717120-17718021","IFI30",0.121982328876568
"chr9-113151950-113152504","SLC31A2",0.121942120218146
"chr10-113303560-113304281","TCF7L2",0.12193180224414
"chr21-46633290-46634152","PRMT2",0.121929559524921
"chr11-14713548-14714465","PDE3B",0.121918250449834
"chr2-164954994-164955873","SLC38A11",0.12191130427283
"chr12-10249525-10250385","KLRK1",0.121901651935267
"chr6-159952985-159953879","SOD2",0.121898157449201
"chr17-40936289-40937186","KRT23",0.121880132990083
"chr12-10307494-10308284","KLRF1",0.121843206964531
"chr17-30954025-30954840","ADAP2",0.121824558821509
"chr12-8057607-8058498","CLEC4E",0.121798174902264
"chr6-11525549-11526468","NEDD9",0.12179010708442
"chr10-79266325-79267150","ZMIZ1",0.12178499009312
"chr3-179451083-179451963","GNB4",0.121767368419763
"chr12-6444566-6445427","CD27",0.121758591113789
"chr1-36482478-36483357","CSF3R",0.121736740228186
"chr8-66612964-66613876","MYBL1",0.121733864287302
"chr17-66399100-66399968","PRKCA",0.121733698257413
"chr19-54100414-54101291","MYADM",0.121710297407439
"chr2-8168152-8168993","LINC00299",0.121676641889345
"chr10-33132350-33133191","ITGB1",0.121669555582886
"chr12-10552784-10553577","KLRK1",0.121658646346076
"chr14-73764651-73765549","NUMB",0.121626962211561
"chr8-25239112-25239942","DOCK5",0.12162490342005
"chr11-61083338-61084158","CD5",0.12162239105123
"chr19-6066948-6067720","RFX2",0.12160251235373
"chr14-100075955-100076801","WARS",0.121558028210838
"chr16-31349959-31350813","ITGAX",0.121532184985385
"chr1-24481776-24482565","RCAN3",0.12151670987896
"chr19-54905621-54906524","KIR2DL1",0.121499509744158
"chr6-32816685-32817553","HLA-DPA1",0.121457172489941
"chr6-32816685-32817553","HLA-DPB1",0.12145199835938
"chr10-69055829-69056713","SRGN",0.121373636185309
"chr17-1590084-1590937","SLC43A2",0.121345623101203
"chr22-17243287-17244140","IL17RA",0.1213131001486
"chr1-64505199-64506029","CACHD1",0.1212979780391
"chr10-95757706-95758572","ENTPD1",0.121292099161352
"chr22-42431978-42432884","NFAM1",0.121287469800434
"chr19-54643793-54644548","LILRB3",0.121267624962528
"chr11-61080499-61081288","CD6",0.12124841804124
"chr3-42067102-42067909","TRAK1",0.121246503332415
"chr6-163754607-163755395","QKI",0.121234532925834
"chr2-88845589-88846497","EIF2AK3",0.121233986504291
"chr2-164909855-164910747","COBLL1",0.121231991053755
"chr19-41463354-41464245","CD79A",0.121199721852058
"chr4-143336157-143337040","GAB1",0.121180908707634
"chr10-71828879-71829777","CDH23",0.121147377564889
"chr3-112128678-112129578","BTLA",0.121143315102232
"chr9-110048148-110048993","PALM2-AKAP2",0.121132084278525
"chr1-28110873-28111791","PTAFR",0.12110936943375
"chr19-54606159-54606743","LILRB2",0.121096964844782
"chr22-39917525-39918287","GRAP2",0.121074979934548
"chr11-65424882-65425686","CTSW",0.121063019648721
"chr1-161359078-161359948","FCGR3A",0.121056820060244
"chr3-160837307-160838226","PPM1L",0.121031313487659
"chr8-85189750-85190660","E2F5",0.121015682688451
"chr19-7543306-7544128","INSR",0.120986795497869
"chr6-132495321-132496184","STX7",0.120972994406756
"chr1-89351436-89352322","GBP2",0.120945529277393
"chr9-75890204-75891095","PCSK5",0.120942606642566
"chr13-110520402-110521274","RAB20",0.120938151402202
"chr22-17477139-17478007","IL17RA",0.120930291975518
"chr20-40688893-40689754","TOP1",0.120924318434276
"chr11-65316463-65317062","NEAT1",0.120900777619207
"chr12-10397212-10398014","KLRC2",0.120875070509165
"chr20-1537422-1538182","SIRPB2",0.120857496020402
"chr8-24153929-24154810","ADAM28",0.120802430860607
"chr1-116737186-116738028","CD2",0.120794501889481
"chr17-5232525-5233433","SCIMP",0.120772744745036
"chr14-100297100-100297948","WARS",0.120753564793916
"chr17-47714359-47715239","TBX21",0.12072829032342
"chr8-11297229-11298129","BLK",0.120714092541558
"chr1-192817134-192818008","RGS2",0.120705599669263
"chr9-117725254-117726158","TLR4",0.120696860210932
"chr4-168503738-168504628","DDX60L",0.120692306082364
"chr6-33009132-33010016","HLA-DOB",0.120692006469743
"chr4-108080622-108081416","LEF1-AS1",0.12069115153295
"chr17-36082339-36083172","CCL4",0.120685570833111
"chr19-53829732-53830632","LILRB2",0.120674580683682
"chrX-23742865-23743738","SAT1",0.120638947301458
"chr6-33029148-33030010","HLA-DOB",0.120631059896535
"chr22-40332239-40333088","GRAP2",0.120609566998411
"chr19-54551197-54551699","NCR1",0.120607061449902
"chr8-58973659-58974508","TOX",0.120532969584357
"chr12-29389079-29389905","OVCH1",0.120494217108353
"chr10-95294944-95295853","PDLIM1",0.120491543146519
"chr3-32009752-32010580","OSBPL10",0.120475113748778
"chr12-10394214-10394868","KLRK1",0.120466513378327
"chr6-17987349-17988262","KIF13A",0.120459618722102
"chr10-6586235-6587121","PRKCQ-AS1",0.120437014095635
"chr6-33018680-33019545","HLA-DMA",0.120401062500956
"chr19-54019941-54020790","LILRB2",0.120398935398844
"chr7-112080348-112081136","DOCK4",0.120377809837549
"chr17-1575533-1576393","SLC43A2",0.120348135470269
"chr17-35879952-35880835","CCL4",0.120312908394732
"chr17-56786815-56787731","SCPEP1",0.120262283971511
"chr4-114598221-114599078","UGT8",0.120243921112624
"chr14-65287349-65288170","FUT8",0.120234964101781
"chr11-77175631-77176477","ACER3",0.120202777840591
"chr18-12308365-12308985","TUBB6",0.120195211058563
"chr6-32473001-32473641","HLA-DMB",0.120186336212712
"chr14-75340906-75341409","FOS",0.120143129624725
"chr10-44967847-44968716","RASSF4",0.120140461500135
"chr6-32636874-32637784","HLA-DQA2",0.120132587247582
"chr9-134409265-134410017","RXRA",0.120127106426359
"chr19-41887289-41888223","CEACAM21",0.12012342152324
"chr5-139669832-139670777","CXXC5",0.120103016253262
"chr19-54247696-54248604","NLRP12",0.120083868207197
"chr5-134086685-134087592","SKP1",0.120080556009728
"chr2-60391129-60391886","BCL11A",0.120073496836641
"chr22-18010649-18011469","MICAL3",0.120053867964199
"chr6-33061712-33062617","HLA-DQA1",0.120051773970368
"chr19-47363516-47364400","C5AR1",0.120018032434714
"chr1-157704647-157705541","FCRL5",0.120013274679136
"chr6-33029148-33030010","HLA-DQA2",0.120009042270808
"chr11-118398565-118399450","CD3E",0.119987000217393
"chr9-81728970-81729824","TLE1",0.119980190610096
"chr14-65846866-65847664","FUT8",0.119960662095278
"chr2-164991532-164992322","SLC38A11",0.119955792765008
"chr19-35609600-35610502","CD22",0.1199412707447
"chr2-218731341-218732180","SLC11A1",0.119913998619331
"chr1-183599948-183600809","NCF2",0.119889970111222
"chr22-35376667-35377573","TOM1",0.119879333896345
"chr19-7345270-7346162","ARHGEF18",0.119855255542828
"chr16-85061321-85062202","COTL1",0.11983318929068
"chr3-189630693-189631637","TP63",0.119830417110696
"chr3-195900355-195901258","ACAP2",0.119824011816735
"chr1-100443774-100444636","CDC14A",0.119821109683621
"chr11-86202436-86203300","PICALM",0.119806512742844
"chr6-88165978-88166758","CNR1",0.119781095989222
"chr6-22062671-22063601","SOX4",0.119776722225386
"chr19-41534818-41535737","CD79A",0.119767925507311
"chr2-8684397-8685215","ID2",0.119747882824915
"chr16-28987582-28988483","LAT",0.119724144382341
"chr19-54280445-54281381","OSCAR",0.11965637713095
"chr6-163353864-163354627","QKI",0.119645460663383
"chr17-16973540-16974407","TNFRSF13B",0.119603172328668
"chr1-27862919-27863840","SMPDL3B",0.1195672390661
"chr19-1213648-1214571","CFD",0.119561413754879
"chr7-22709489-22710281","AC002480.2",0.119538994890044
"chr1-150552049-150552940","PLEKHO1",0.119526342725439
"chr16-81478671-81479569","CMIP",0.119521902261499
"chr1-25562204-25563099","LDLRAP1",0.119497249589184
"chr1-27625911-27626730","THEMIS2",0.119485950072822
"chr8-80482388-80483301","TPD52",0.119451743595034
"chr17-74520695-74521115","CD300E",0.119432507997412
"chr1-161214803-161215599","FCER1G",0.119423958286104
"chr8-96760514-96761393","CPQ",0.119420742599663
"chr18-32880752-32881676","KLHL14",0.11940832223049
"chr17-75095899-75096801","CD300E",0.119402498498502
"chr19-54316623-54317542","MYADM",0.11939049068201
"chr10-72107127-72107945","SPOCK2",0.119338598898169
"chr1-116763105-116763917","CD2",0.119308914579025
"chr19-49555734-49556588","RPS11",0.119304044079852
"chr20-36957625-36958506","SAMHD1",0.119288188694425
"chr8-85200172-85201070","E2F5",0.119250801318001
"chr3-64224975-64225870","PRICKLE2",0.119240283184798
"chr7-3107301-3108017","AC024028.1",0.119192728977531
"chr6-32815671-32816454","HLA-DPA1",0.119183408168479
"chr2-54755500-54756385","EML6",0.119135227186629
"chr20-5674041-5674863","GPCPD1",0.119112360168163
"chr17-74545606-74546477","CD300E",0.119102236160947
"chr6-33018680-33019545","HLA-DMB",0.119095476975409
"chr20-32154901-32155818","TM9SF4",0.119047314334468
"chr22-37149599-37150514","RAC2",0.119039042219745
"chr7-7968320-7969146","GLCCI1",0.119008037215303
"chr2-69926846-69927738","MXD1",0.119001885020983
"chr16-31351880-31352750","ITGAM",0.118983301493064
"chr11-9692513-9693382","SWAP70",0.118941396780313
"chr5-150142623-150143523","PPARGC1B",0.118938575130058
"chr2-179234622-179235484","SESTD1",0.118880320751034
"chr5-171387239-171388137","NPM1",0.118877127869687
"chr19-54572416-54573211","FCAR",0.118869579855634
"chr6-18152688-18153589","KDM1B",0.11886147072217
"chr5-55061893-55062804","GZMA",0.118856744925891
"chr22-44068392-44069259","PARVB",0.118850477078793
"chr6-144181470-144182295","STX11",0.118849838678379
"chr8-11564221-11565042","BLK",0.118847679962062
"chr14-103138065-103139000","TNFAIP2",0.11884362101215
"chr3-197663-198464","CHL1",0.118825450611513
"chr9-113154545-113155230","SLC31A2",0.118802880392925
"chr14-68978918-68979779","ACTN1",0.118770741795604
"chr1-212608241-212609093","RPS6KC1",0.118749851526523
"chr22-50541477-50541988","ODF3B",0.118746837736926
"chr2-109031530-109032448","SH3RF3",0.118718807110014
"chr1-91875782-91876686","TGFBR3",0.1187090291623
"chr9-133862484-133863408","SLC2A6",0.11867092371684
"chr7-138752288-138753207","ZC3HAV1",0.118657348029261
"chr17-75570936-75571856","GRB2",0.118653646592635
"chr20-4413340-4414215","RNF24",0.118653510195623
"chr1-168543600-168544483","XCL2",0.1186286684771
"chr12-11809512-11810346","ETV6",0.118622049177296
"chr19-42553084-42553992","POU2F2",0.118561135640827
"chr3-141863219-141864126","ATP1B3",0.118492169220674
"chr12-128806928-128807855","GLT1D1",0.118416103088402
"chr11-118045990-118046861","CD3E",0.118412070713838
"chr11-67996663-67997588","TCIRG1",0.118410562430273
"chr7-108454661-108455589","NRCAM",0.118405176462447
"chr1-186680031-186680895","PTGS2",0.118403252343992
"chr10-45379150-45379869","ALOX5",0.118398461127271
"chr10-96666564-96667402","BLNK",0.118392678525135
"chr11-14380807-14381720","RRAS2",0.118389447325008
"chr6-32589385-32590284","HLA-DMA",0.118386882220084
"chr9-79868501-79869402","TLE4",0.11838302655166
"chr14-68970005-68970897","ACTN1",0.118363337524148
"chr17-3645697-3646576","P2RX5",0.118350672417256
"chr19-53851505-53852345","OSCAR",0.118338538296979
"chr1-212636417-212637325","ATF3",0.118319019773503
"chr6-32668046-32668961","HLA-DPB1",0.118301174476997
"chr13-99215196-99216068","DOCK9",0.118297241711442
"chr11-118045990-118046861","CD3D",0.1182927477147
"chr17-35900286-35901163","CCL4",0.118286148012982
"chr17-56786815-56787731","TRIM25",0.118266603263649
"chr6-88141543-88142461","CNR1",0.118265531977031
"chr17-40576054-40576887","CCR7",0.118261357002827
"chr1-183568300-183569138","NCF2",0.118253833942574
"chr1-212614169-212614969","ATF3",0.11822424880312
"chr9-87713184-87714075","DAPK1",0.118223999308711
"chr1-151001516-151002452","ADAMTSL4-AS1",0.118221693695637
"chr17-35888938-35889836","CCL4",0.11820752680713
"chr20-53070441-53071294","TSHZ2",0.118182878673016
"chr2-213125649-213126556","IKZF2",0.1181709537232
"chr10-12265521-12266350","CAMK1D",0.118167315656424
"chr22-33325260-33326137","SYN3",0.118166735746083
"chr20-46118985-46119720","CD40",0.118166099240751
"chr16-31453599-31454473","ITGAX",0.118156473803104
"chr8-124600624-124601314","MTSS1",0.118127736532946
"chr6-71248027-71248932","OGFRL1",0.118102085482971
"chr16-56261929-56262843","GNAO1",0.118043429462254
"chr19-54859162-54860039","FCAR",0.118042879969059
"chr12-10395144-10396052","KLRK1",0.118042042387382
"chr11-12124482-12125374","MICAL2",0.118033876956879
"chr5-157602192-157602920","ADAM19",0.11801382462081
"chrX-21373814-21374737","CNKSR2",0.118006698222277
"chr3-58202736-58203624","DNASE1L3",0.11800390274668
"chr1-1216752-1217590","TNFRSF4",0.118002491990406
"chr9-87725753-87726638","DAPK1",0.117989912120349
"chr1-157552015-157552857","FCRL2",0.117981666135024
"chr9-36739645-36740426","PAX5",0.117974376575905
"chr5-55037146-55038014","GZMA",0.117935757662886
"chr15-28937972-28938829","APBA2",0.11793070361514
"chr7-18221386-18222316","HDAC9",0.117915413171801
"chr12-10369561-10370398","KLRK1",0.117902246251581
"chr11-111776569-111777034","POU2AF1",0.117899906858156
"chr1-192814650-192815471","RGS2",0.117891971220342
"chr19-18401493-18402390","IFI30",0.11788434844704
"chr17-74786269-74787194","CD300E",0.117883848288682
"chr19-50414566-50415306","SPIB",0.117845218099863
"chr19-35458701-35459601","CD22",0.117845006875233
"chrX-57286290-57287155","FAAH2",0.117840706619577
"chr1-24964764-24965663","RUNX3",0.117834037995961
"chr10-12077599-12078487","USP6NL",0.117820365983578
"chr5-111233964-111234816","CAMK4",0.117810400251699
"chr22-30270587-30271504","MTMR3",0.11779552393745
"chr3-172586187-172587077","TNFSF10",0.11778330594849
"chr20-5657205-5658063","GPCPD1",0.117782562953751
"chr10-95834181-95835088","BLNK",0.117757283273784
"chr2-8678478-8679374","ID2",0.117729558040875
"chr10-90046995-90047925","LINC01374",0.11770436689254
"chr12-64714288-64715183","GNS",0.117703036169402
"chr22-39937688-39938505","GRAP2",0.117625791652199
"chr17-74528274-74529187","CD300LF",0.117609651293458
"chr11-60378258-60378689","MS4A1",0.117607236940344
"chr1-17066541-17067425","ARHGEF10L",0.117571391826927
"chr10-124037573-124038464","CHST15",0.117549665316973
"chr1-58903357-58904285","JUN",0.117512048264678
"chr22-42931253-42932112","NFAM1",0.117479076404832
"chr10-33109611-33110469","ITGB1",0.117464832853194
"chr10-96756027-96756853","BLNK",0.117459119058353
"chr9-90860525-90861424","SYK",0.117452060150224
"chr19-18374089-18374984","LRRC25",0.117435573269836
"chr10-70982332-70983106","PRF1",0.117432867549931
"chr22-41939818-41940699","TNFRSF13C",0.117426961503536
"chr5-14011217-14012091","TRIO",0.117407410029223
"chr16-11349513-11350414","CIITA",0.117406391480821
"chr11-47392811-47393686","SPI1",0.117402231046325
"chr7-22698002-22698889","STEAP1B",0.117398086405328
"chr2-172549508-172550398","ITGA6",0.11735964079455
"chr12-9650483-9651340","CLEC2D",0.117347805533177
"chr18-3593700-3594590","MYL12A",0.117347012583037
"chr6-113632118-113632908","MARCKS",0.117341779296238
"chr17-4735880-4736773","ARRB2",0.117332971339557
"chr16-85135909-85136772","KIAA0513",0.117319773233518
"chr1-12157599-12158455","TNFRSF1B",0.117287166466169
"chr12-49230509-49231417","TUBA1A",0.117269317684202
"chr12-98439679-98440560","APAF1",0.117266723492673
"chr2-58428294-58429163","LINC01122",0.117247466096367
"chr19-53851505-53852345","MYADM",0.117245488895857
"chr21-42403524-42404407","UBASH3A",0.117212629809905
"chr9-72734414-72735278","ANXA1",0.117205431589292
"chr8-25178343-25179106","DOCK5",0.117172909122753
"chr4-84753148-84754006","WDFY3",0.117161751939722
"chr3-71130295-71131210","FOXP1",0.117143980548306
"chr6-36628698-36629545","FGD2",0.117136212306377
"chr2-98656496-98657413","MGAT4A",0.117124832091752
"chr8-17026819-17027664","MICU3",0.11711449900003
"chr2-68831922-68832826","PLEK",0.117081831241973
"chr11-65639407-65640228","CTSW",0.117075166153359
"chr2-136129338-136130241","CXCR4",0.117071146766341
"chr5-17217225-17218043","BASP1",0.117066821132001
"chr13-48782995-48783899","RCBTB2",0.117053930924071
"chr10-88759410-88760325","ANKRD22",0.117049308785061
"chr2-218370283-218371165","GPBAR1",0.11702374347373
"chr7-75617475-75618403","HIP1",0.117020745016462
"chr12-89762234-89763135","ATP2B1",0.117006989344831
"chr10-96703144-96704051","BLNK",0.117005579965167
"chr11-66081217-66082122","PACS1",0.116985163898876
"chr22-35301311-35302145","APOL6",0.116984363129076
"chr6-150698159-150699029","PLEKHG1",0.116983212872132
"chr6-144153159-144153970","STX11",0.116954052156047
"chr9-134917486-134918314","FCN1",0.116897395631108
"chr10-6473446-6474288","PRKCQ",0.116884105277377
"chr10-93566302-93567087","MYOF",0.116879524942572
"chr9-111108689-111109585","LPAR1",0.116870804372359
"chr6-130131964-130132874","SAMD3",0.116869365104919
"chr12-14961223-14962033","ARHGDIB",0.116868885304842
"chr12-9615190-9616052","CD69",0.116866888147251
"chr11-14358622-14359429","RRAS2",0.116811231802863
"chr6-7900379-7901247","TXNDC5",0.11678683040906
"chr7-51156540-51157424","COBL",0.116766821839148
"chr10-11663907-11664783","USP6NL",0.11676433925753
"chr6-152170774-152171657","SYNE1",0.116733177723481
"chr16-3158378-3159294","NLRC3",0.116730262797024
"chr21-14591612-14592522","SAMSN1",0.116725911604987
"chr17-35518133-35518941","CCL5",0.116712703031628
"chr19-53554117-53555011","ZNF331",0.11670275168476
"chr2-60371790-60372652","BCL11A",0.116695120626285
"chr17-7455179-7455984","ACAP1",0.116669450662803
"chr1-150160183-150161050","PLEKHO1",0.116668808915751
"chr1-157562245-157563098","FCRL5",0.116650401877955
"chr2-74185476-74186419","TET3",0.116641867041951
"chr2-166407470-166408379","SCN9A",0.116589241473093
"chr13-28031338-28032205","FLT3",0.116587692732472
"chr21-46093613-46094428","COL6A2",0.116576754233584
"chr6-32627601-32628476","HLA-DQA1",0.116576182032502
"chr21-33198274-33199068","IFNGR2",0.116563151265316
"chr1-161083173-161084092","FCER1G",0.116518433684915
"chr19-53849030-53849854","LILRB3",0.116513381157322
"chr17-3695688-3696572","P2RX5",0.116510540088849
"chr5-176898992-176899907","HK3",0.116507005859839
"chr19-51735763-51736673","FPR1",0.11647842714363
"chr10-63702841-63703735","JMJD1C",0.116471818719534
"chr20-40690058-40690664","MAFB",0.116448327838091
"chr9-81655266-81655605","TLE1",0.116443452074175
"chr11-114131278-114132171","ZBTB16",0.116385950094587
"chr1-31826979-31827816","LCK",0.116385487435442
"chr1-172658658-172659538","FASLG",0.116366408224561
"chr1-157724864-157725692","FCRL2",0.116268848456063
"chr16-81481080-81481971","CMIP",0.116265409592478
"chr17-77963234-77964120","TNRC6C",0.116248155123602
"chr18-55268018-55268830","TCF4",0.11624303510456
"chr14-92724197-92725083","RIN3",0.116240477754779
"chr11-60366786-60367670","MS4A1",0.116233359447747
"chr5-56058559-56059421","ANKRD55",0.116220063189633
"chr12-8951755-8952496","PZP",0.116160069148041
"chr10-12074801-12075676","CAMK1D",0.116145294512083
"chr12-103455118-103456007","C12orf42",0.116117701850837
"chr1-184491331-184492214","C1orf21",0.116091682941289
"chr17-9958756-9959607","GAS7",0.116080671958035
"chr19-45454093-45454892","FOSB",0.11607043766303
"chr17-78861970-78862870","TIMP2",0.116052103608757
"chr17-27244613-27245619","LGALS9",0.116050984669502
"chr12-9829268-9830237","KLRF1",0.116049888557676
"chr20-37222788-37223698","SAMHD1",0.116046422056
"chr3-141852970-141853856","ATP1B3",0.116000389439603
"chr7-150668176-150669104","GIMAP5",0.115997334295276
"chr1-121511307-121512253","SRGAP2C",0.115992240105939
"chr19-18397239-18398125","LRRC25",0.115983620770812
"chr3-71489002-71489909","FOXP1",0.11596215114944
"chr14-56092510-56093382","PELI2",0.115951801798352
"chr15-94287521-94288424","MCTP2",0.115928623049982
"chr2-973805-974686","SNTG2",0.115928047717564
"chr19-54207817-54208730","MBOAT7",0.115894841599539
"chr7-112084250-112085144","DOCK4",0.115884001428478
"chr4-139734625-139735495","MAML3",0.115881557504405
"chr14-98018382-98019266","LINC01550",0.115846046733151
"chr3-53748580-53749395","CACNA2D3",0.115829550903912
"chr1-116986897-116987682","CD2",0.115815978379796
"chr6-7939384-7940289","BMP6",0.115803808874182
"chr17-4002002-4002891","P2RX1",0.115779943007041
"chr19-4108675-4109592","MATK",0.115778930307989
"chr6-113854639-113855546","MARCKS",0.115743511110149
"chr2-164840224-164840923","SCN3A",0.115734044738094
"chr2-218381671-218382577","GPBAR1",0.115686185438968
"chr4-142719886-142720768","INPP4B",0.115672827596991
"chr2-60581482-60582358","BCL11A",0.115667685855525
"chr3-171809727-171810531","FNDC3B",0.115641410031881
"chr10-95783608-95784272","BLNK",0.115632935610132
"chr8-38805007-38805895","PLEKHA2",0.11560846881886
"chr17-35487919-35488784","CCL5",0.115584294990434
"chr1-207336713-207337577","FCMR",0.115582350574088
"chr5-55023770-55024599","GZMA",0.115563706930707
"chr19-35448530-35449387","FFAR2",0.115562330847522
"chr11-72834683-72835600","ARAP1",0.115559401221812
"chr19-40579743-40580640","BLVRB",0.115554669054105
"chr22-41926630-41926966","TNFRSF13C",0.115554198428309
"chr11-65776006-65776722","EHBP1L1",0.115531889703979
"chr2-105738310-105739178","NCK2",0.115526103742472
"chr11-86205513-86206367","PICALM",0.115516488361893
"chr1-116808634-116809491","CD2",0.115481477407657
"chr14-95326697-95327498","TCL1A",0.115456500649343
"chr2-237725392-237726248","LRRFIP1",0.115447642588794
"chr1-115977453-115978197","SLC22A15",0.115444685759595
"chr2-203719746-203720638","ICOS",0.115443221156677
"chr15-60809182-60810050","RORA",0.115434719864997
"chr19-2227186-2228088","GNG7",0.115433482392216
"chr1-27864191-27864944","FGR",0.115411471981233
"chr8-80485194-80485952","TPD52",0.115407542835269
"chr22-37163859-37164775","RAC2",0.115385443818693
"chr16-81808741-81809648","PLCG2",0.115371360583099
"chr18-5543589-5544350","EPB41L3",0.115370398016954
"chr11-115504097-115504981","CADM1",0.115368665041679
"chr19-54373490-54374378","LILRA5",0.115334185442689
"chr2-234278564-234279437","ARL4C",0.115332427704127
"chr22-39065749-39066647","MGAT3",0.115322646011753
"chr6-107821863-107822629","SCML4",0.11530737804568
"chr19-18180691-18181578","IFI30",0.115299810483654
"chr8-47525989-47526822","CEBPD",0.11529940310089
"chr10-71867971-71868875","CDH23",0.115277708100392
"chr6-36621965-36622731","FGD2",0.11527695818288
"chr10-59709362-59710239","SLC16A9",0.115264351047344
"chr19-49567813-49568678","RPS11",0.115255267533036
"chr14-102370059-102370963","RCOR1",0.115245898220473
"chr22-33567993-33568839","LARGE-AS1",0.11524080692665
"chr22-40324365-40325173","TNRC6B",0.115193853080241
"chr3-69353300-69354213","FRMD4B",0.115190704249535
"chr20-51129024-51129829","KCNG1",0.115174101618354
"chr11-62806667-62807422","AHNAK",0.115169891250636
"chr6-113634488-113635382","MARCKS",0.11516737838273
"chr17-76256367-76257240","RNF157",0.115165503556551
"chr8-66445796-66446696","MYBL1",0.115145063091229
"chr11-61004349-61005196","CD5",0.115111665136656
"chr17-35467672-35468493","SLFN12L",0.115105193268894
"chr19-1180194-1181092","MIDN",0.115095126062191
"chr1-157773588-157774497","FCRL3",0.115088266072946
"chr20-38840608-38841504","PPP1R16B",0.115068713995253
"chr10-33115851-33116613","ITGB1",0.115048364453449
"chr22-42430262-42431124","NFAM1",0.115014464957021
"chr6-32657980-32658909","HLA-DQB1",0.114982732141159
"chr1-25796456-25797317","MAN1C1",0.114945425802391
"chr9-87516061-87516903","DAPK1",0.114925052816495
"chr1-100441388-100442280","CDC14A",0.114890595317232
"chr15-91947126-91947968","SLCO3A1",0.114870106492662
"chr2-86818696-86819516","CD8B",0.114867134627629
"chr7-111083159-111084063","LRRN3",0.114852641161742
"chr12-110620120-110620704","HVCN1",0.114847512491131
"chr5-80961722-80962517","RASGRF2",0.114832077097765
"chr19-35347408-35348271","CD22",0.114758151123097
"chr5-159098797-159099613","EBF1",0.114756021504116
"chr13-40206396-40207294","FOXO1",0.114745743761209
"chr12-8452810-8453738","LINC00937",0.114682996506816
"chr11-72387782-72388680","ARAP1",0.114661547731329
"chr15-60916588-60917451","RORA",0.114642988892827
"chr8-30090632-30091492","LEPROTL1",0.114616091655264
"chr5-80253399-80254200","SERINC5",0.114608056003681
"chr11-72807246-72807639","ARAP1",0.11460658266508
"chr19-47315042-47315959","NAPA",0.114587627894776
"chr2-64273324-64274196","PELI1",0.114583233896655
"chr19-7734017-7734889","INSR",0.114574646219688
"chr4-2800866-2801743","SH3BP2",0.114570157689257
"chr20-47785124-47785866","SULF2",0.114567978592795
"chr19-53537693-53538523","ZNF331",0.114549912017251
"chr5-35823611-35824343","IL7R",0.114548464070725
"chr20-40680278-40681188","MAFB",0.11449398005304
"chr1-186618138-186618999","PLA2G4A",0.114487840314766
"chr4-108144249-108145050","LEF1",0.11447614870154
"chr19-54207817-54208730","LILRA2",0.11445731568176
"chr18-45008587-45009471","LINC01478",0.114440775029461
"chr14-95506989-95507827","CLMN",0.114429770797208
"chr19-49515552-49516448","FCGRT",0.114425045497496
"chr12-91876793-91877701","BTG1",0.11441476087974
"chr11-60618406-60619285","MS4A1",0.114411937287288
"chr11-47225433-47226262","SPI1",0.114406604107005
"chr3-132316925-132317842","ACPP",0.114406030992044
"chr14-50082912-50083762","RPS29",0.114389725705448
"chr2-221518179-221518669","EPHA4",0.114386803285857
"chr10-17228893-17229424","VIM",0.114385686441705
"chr4-141352839-141353624","IL15",0.114375138253987
"chr6-87756643-87757539","AKIRIN2",0.114370878531776
"chr3-72008326-72009198","LINC00877",0.114363803088078
"chr17-74712648-74713532","CD300E",0.114336874823305
"chr12-10279695-10280578","KLRC2",0.114258254139691
"chr6-33061712-33062617","HLA-DQB1",0.114257223378929
"chr4-108355329-108356213","RPL34",0.114244321364219
"chr20-38875207-38876016","PPP1R16B",0.114240752240209
"chr14-24665289-24666193","GZMH",0.114236282370069
"chr6-32604395-32604778","HLA-DOB",0.11416517842343
"chr6-37220711-37221446","FGD2",0.114163389742321
"chr6-32604395-32604778","HLA-DRB5",0.114125585021397
"chr11-61971509-61972345","BEST1",0.114123311213354
"chr8-29806148-29807036","SARAF",0.114119228493122
"chr8-28338210-28338951","PNOC",0.114118341707305
"chr14-24605220-24606076","GZMH",0.11410778661096
"chr6-32657980-32658909","HLA-DQA1",0.114062526989134
"chr19-14506674-14507572","TECR",0.11405166745975
"chr19-18290062-18290868","RPL18A",0.114049303970445
"chr15-101193755-101194600","LRRK1",0.114048710045736
"chr15-63246814-63247714","LACTB",0.114035531202429
"chr11-134349052-134349976","B3GAT1",0.11403038414621
"chr4-108432063-108432847","LEF1",0.114013937454049
"chr3-52134602-52135375","TLR9",0.114011004354119
"chr1-25675742-25676654","MAN1C1",0.114003160101056
"chr18-44799773-44800654","SETBP1",0.113991021772234
"chr4-101790355-101791215","PPP3CA",0.113988092468768
"chr19-54572416-54573211","LILRB2",0.113954098134259
"chr12-93848452-93849345","PLXNC1",0.113948004656167
"chr15-90063558-90064436","ZNF710",0.113937794216668
"chr3-191252852-191253716","CCDC50",0.113915732125595
"chr8-47734820-47735666","SPIDR",0.113914913431448
"chr2-30231959-30232735","LBH",0.113913411272231
"chr16-57809993-57810895","ADGRG1",0.113909376523901
"chr19-53844622-53845489","MYADM",0.113903666863143
"chr6-32943981-32944807","HLA-DQB1",0.113898016685987
"chr9-110143635-110144391","PALM2-AKAP2",0.113885941067688
"chr2-98012395-98013309","TMEM131",0.113882051158244
"chr12-46219523-46220376","SLC38A1",0.1138794609459
"chr1-89351436-89352322","GBP5",0.113878587919672
"chr19-4059648-4060540","MATK",0.113833746333126
"chr17-80092623-80093413","RNF213",0.11382825572961
"chr12-116406329-116407231","MED13L",0.113793810615775
"chr9-91085202-91086080","NFIL3",0.113789523843472
"chr1-100423668-100424535","CDC14A",0.113779781548465
"chr1-155194373-155195275","PBXIP1",0.113732057544097
"chr11-67996663-67997588","UNC93B1",0.113713553494143
"chr19-54207817-54208730","LILRA6",0.113698716558326
"chr16-11964542-11965414","TNFRSF17",0.113694850169592
"chr17-78910645-78911548","TIMP2",0.113681345888215
"chr14-75615015-75615883","JDP2",0.113636848878873
"chr17-75534863-75535743","LLGL2",0.113627221553756
"chr9-109415851-109416701","PALM2-AKAP2",0.113621990751009
"chr4-108159560-108160388","LEF1",0.11361741435015
"chr2-230894090-230895000","ITM2C",0.113552808787608
"chr13-110137895-110138819","RAB20",0.113539697101336
"chr6-14910509-14911340","JARID2",0.113531154419806
"chr17-1205844-1206746","SLC43A2",0.113528584886924
"chr12-44842470-44843265","NELL2",0.113522241910172
"chr5-60541239-60541822","PDE4D",0.113505334757623
"chr10-126663071-126663936","ADAM12",0.113471001010566
"chr12-10602523-10603345","KLRC1",0.113459118887515
"chr2-156405328-156406235","GPD2",0.113458597620334
"chr15-99452576-99453455","MEF2A",0.113439590185441
"chr4-108053808-108054667","LEF1-AS1",0.113438274302395
"chr20-8131796-8132641","PLCB1",0.113422616077052
"chr16-79600351-79601172","MAF",0.113418036478027
"chr19-54606852-54607436","LILRB2",0.113390802152004
"chr20-32536092-32536923","NOL4L",0.113384575016852
"chr7-150974249-150975148","GIMAP5",0.113378876467417
"chr20-1944840-1945767","SIRPA",0.113372672141744
"chr19-47369802-47370710","NAPA",0.113358852459158
"chr3-52914997-52915848","PRKCD",0.113331300267919
"chr1-17281647-17282523","ARHGEF10L",0.113299430344754
"chr11-77175631-77176477","PAK1",0.113260212551171
"chr7-22447507-22448267","STEAP1B",0.113254312324293
"chr2-97713149-97714033","ZAP70",0.113233283883483
"chr1-247408111-247408815","NLRP3",0.113229148343181
"chr8-16192389-16193284","MSR1",0.113229006338988
"chr19-54952239-54953149","TMEM150B",0.113208821588694
"chr3-112499037-112499838","BTLA",0.113187364022911
"chr16-81500948-81501847","PLCG2",0.11318410741591
"chr5-157459710-157460643","ADAM19",0.113176981547132
"chr10-96764060-96764855","BLNK",0.113141139090204
"chr12-107320789-107321620","BTBD11",0.113136375035038
"chr14-20715206-20716012","ARHGEF40",0.113118542259528
"chr18-812044-812899","YES1",0.113109415111005
"chr1-157783628-157784464","FCRL3",0.113099975137021
"chr5-140273241-140274125","CD14",0.113094577874696
"chr11-10623057-10623949","SBF2",0.113092160687213
"chr11-72387782-72388680","ATG16L2",0.113071790616561
"chr19-18502582-18503436","IFI30",0.113065951266673
"chr1-28112579-28113451","THEMIS2",0.113039631746141
"chr3-192917611-192918466","MB21D2",0.112988392209002
"chr12-94644201-94644961","PLXNC1",0.112954410257497
"chr19-18416603-18417369","IFI30",0.112952440616653
"chr14-35366085-35366659","NFKBIA",0.11294542067481
"chr5-139635756-139636654","CXXC5",0.112932860198529
"chr6-90219781-90220313","BACH2",0.112916233968612
"chr6-107787015-107787866","SCML4",0.112905262383442
"chr19-54207817-54208730","LILRA1",0.112868958051744
"chr12-103441239-103442132","C12orf42",0.1128666179863
"chr8-30141364-30142279","LEPROTL1",0.112836482363405
"chr1-157704647-157705541","FCRL2",0.112826127330837
"chr2-203869404-203870245","CD28",0.112807881921243
"chr3-16468102-16468974","OXNAD1",0.112769840871261
"chr9-98145947-98146834","TBC1D2",0.112766146745365
"chr14-92386434-92387331","RIN3",0.112763528102123
"chr2-164951716-164952531","COBLL1",0.112746568665038
"chr1-150160183-150161050","MCL1",0.112736363082053
"chr10-103551411-103552266","NT5C2",0.112733219546039
"chr1-100400115-100401016","CDC14A",0.112732572706351
"chr12-29241855-29242771","FAR2",0.112722554761864
"chr6-45586305-45587144","SUPT3H",0.112713785962806
"chr8-47431145-47432021","SPIDR",0.112683685278188
"chr3-171776900-171777702","FNDC3B",0.112681536462123
"chr17-44095650-44096498","GRN",0.112653901772963
"chr1-17431390-17432235","ARHGEF10L",0.112648469857752
"chr2-74079732-74080573","TET3",0.112606010252032
"chr3-187021483-187022279","ST6GAL1",0.11259707815631
"chr16-84911324-84912213","COTL1",0.112583950737315
"chr17-58232510-58233384","TEX14",0.112576642819997
"chr10-71805553-71806447","CDH23",0.112534174111285
"chr1-225896883-225897750","TMEM63A",0.112533697528691
"chr7-50739783-50740650","IKZF1",0.112530893494944
"chr9-37293668-37294547","ZCCHC7",0.11252010039232
"chr1-27862919-27863840","WASF2",0.112426124146593
"chr17-47634669-47635507","TBX21",0.112419768877884
"chr17-2087359-2088264","SLC43A2",0.112417589054231
"chr17-73339854-73340769","SLC39A11",0.112412449844489
"chr13-40388596-40389397","FOXO1",0.112372308550718
"chr6-163711998-163712832","QKI",0.112355350135956
"chr11-96015912-96016806","MAML2",0.112326801880451
"chr5-140261426-140262303","CD14",0.112292012804592
"chr11-83035224-83036064","RAB30",0.112274337477834
"chr12-11855082-11855915","ETV6",0.112265376336267
"chr19-1154812-1155678","ARID3A",0.112259484519985
"chr1-182146954-182147843","GLUL",0.112248344269587
"chr5-146877557-146878198","PPP2R2B",0.112231151335187
"chr4-89302923-89303779","GPRIN3",0.112192952517004
"chr1-211613106-211613994","LPGAT1",0.11218416745202
"chr19-53851505-53852345","LILRB2",0.11217657681815
"chr2-47002324-47003234","TTC7A",0.112175691391571
"chr4-168881007-168881906","SH3RF1",0.112175199910611
"chr7-22712705-22713548","AC002480.2",0.112124132744127
"chr17-35895908-35896782","CCL4",0.112078782329958
"chr12-52645161-52646077","KRT72",0.112069502809356
"chr1-91732242-91732968","TGFBR3",0.11204906792871
"chr19-11323883-11324806","C19orf38",0.112040479623014
"chr11-65290458-65291341","EHBP1L1",0.112026273283098
"chr17-40596058-40596905","CCR7",0.112025892643045
"chr19-35710920-35711726","CD22",0.11201886051192
"chr5-157271525-157272425","ADAM19",0.11201697952324
"chr6-158808692-158809575","EZR",0.111997994720365
"chr2-127064500-127065413","MAP3K2",0.11198551755862
"chr12-9750421-9751296","CD69",0.111979135503008
"chr12-4271773-4272620","CCND2",0.111975041194215
"chr11-73249200-73249930","P2RY6",0.11197469050041
"chr12-31808674-31809541","DENND5B",0.111974236297921
"chr20-24960677-24961559","APMAP",0.111964898102697
"chr14-24329475-24330346","GZMH",0.111917713664769
"chr19-54047349-54048256","NLRP12",0.111914537692584
"chr2-230614673-230615542","SP140",0.111873337781123
"chr12-22335102-22335845","ST8SIA1",0.111865152799862
"chr1-192157917-192158802","RGS18",0.111861501759988
"chr4-108030065-108030939","LEF1-AS1",0.111861091415509
"chr18-69895481-69896159","CD226",0.111845225762305
"chr7-50360209-50361093","IKZF1",0.111829677570578
"chr11-48007462-48008341","PTPRJ",0.111817959124329
"chr6-33073244-33074127","HLA-DMB",0.111810201597596
"chr17-5234529-5235371","SCIMP",0.111805093612379
"chr6-37049869-37050715","FGD2",0.111787257183982
"chr19-10797303-10798185","S1PR5",0.111777710488206
"chr22-50303622-50304072","TYMP",0.111758775712482
"chr17-36103128-36104016","CCL4",0.111755340760618
"chr11-118398565-118399450","CD3G",0.111746572719514
"chr11-60377729-60378168","MS4A7",0.111740534070304
"chr10-71817668-71818540","CDH23",0.11173622109651
"chr6-132285984-132286888","STX7",0.111731791784459
"chr6-32689991-32690727","HLA-DQA2",0.111717175924447
"chr19-54019941-54020790","NLRP12",0.111716177194276
"chr20-19973679-19974435","RIN2",0.111710590562569
"chr21-26389964-26390860","CYYR1",0.111710217060681
"chr19-54381693-54382532","LILRB3",0.111694771616126
"chr17-10115019-10115520","GAS7",0.111682870591712
"chr19-10515691-10516525","S1PR5",0.111680257348889
"chr17-77963234-77964120","TMC8",0.111676067081775
"chr17-1467671-1468551","ABR",0.111650035966057
"chr6-33312430-33313231","RPS18",0.111631891989002
"chr1-28174486-28175345","THEMIS2",0.11161756578378
"chr1-28174486-28175345","PTAFR",0.111588232083069
"chr15-100596549-100597447","LINS1",0.111583929055072
"chr6-37516220-37517047","PIM1",0.111571693222449
"chr7-66848076-66848934","RABGEF1",0.111560302115746
"chr11-14646063-14646801","PDE3B",0.111541349351277
"chr9-72304883-72305801","ZFAND5",0.111532644575126
"chr22-44667946-44668764","PRR5",0.111525676129552
"chr6-45586305-45587144","RUNX2",0.111501639694684
"chr1-160837285-160838165","LY9",0.111484327316826
"chr3-101875894-101876782","NFKBIZ",0.111438050068674
"chr12-10307494-10308284","KLRK1",0.111424542194218
"chr11-117951118-117951970","CD3D",0.111409925244492
"chr4-174522125-174522996","HPGD",0.111391556777754
"chr1-27631299-27632152","THEMIS2",0.111385383628828
"chr4-119212192-119213086","USP53",0.111378125750547
"chr4-108172787-108173619","LEF1-AS1",0.111358910922173
"chr9-77176936-77177843","VPS13A",0.111342730523391
"chr22-31497254-31497840","SFI1",0.111334748904215
"chr12-31715001-31715916","DENND5B",0.111329229516963
"chr19-11323883-11324806","RAB3D",0.111320721013626
"chr11-65043653-65044559","NEAT1",0.111305190317152
"chr2-84855485-84856231","TRABD2A",0.111268853149881
"chr22-38549268-38550107","APOBEC3A",0.111263312425501
"chr12-12465857-12466739","DUSP16",0.111253199822661
"chr12-121214609-121215374","P2RX7",0.11124541738928
"chr11-129825140-129826031","APLP2",0.111218456880904
"chr10-45379150-45379869","RASSF4",0.111214120748608
"chr12-111406887-111407655","SH2B3",0.11121143841206
"chr17-82305751-82306583","CD7",0.111205702085367
"chr7-101386434-101387149","COL26A1",0.111196453511189
"chr2-227164852-227165475","COL4A3",0.111189087236792
"chr2-162011419-162012325","DPP4",0.111158038733388
"chr1-179081541-179082444","RALGPS2",0.111157639217196
"chr18-63152021-63152803","BCL2",0.111149489033916
"chr5-150058459-150059363","PPARGC1B",0.111146798099299
"chr18-32018220-32019095","RNF125",0.111129415167376
"chr19-6969928-6970784","INSR",0.111127426241894
"chr16-73057762-73058623","ZFHX3",0.111116638702725
"chr7-5237043-5237954","TNRC18",0.11111649919039
"chr1-24922033-24922836","RUNX3",0.111091930994433
"chr15-100596549-100597447","ADAMTS17",0.111053709571089
"chr14-24692723-24693627","GZMB",0.11102598883095
"chr12-109827878-109828786","GIT2",0.111010247219869
"chr19-54905621-54906524","LAIR2",0.11100581875767
"chr6-142885112-142885966","HIVEP2",0.110998286788125
"chr17-35218264-35219020","SLFN12L",0.110990340456889
"chr6-113630886-113631601","MARCKS",0.110982383367936
"chr6-83867349-83868248","CYB5R4",0.110975269236126
"chr6-87789319-87790195","AKIRIN2",0.11097182043454
"chr19-39398328-39398865","PLEKHG2",0.110961529056645
"chr1-21518930-21519736","ALPL",0.110952102773224
"chr5-131547962-131548847","RAPGEF6",0.110937727544403
"chr1-116753935-116754822","CD2",0.110930133921583
"chr20-1943404-1944242","SIRPA",0.110919583684495
"chr1-24856926-24857701","RUNX3",0.110906248970865
"chr11-73217933-73218845","ATG16L2",0.110892751495926
"chr2-203869404-203870245","ICOS",0.110891320772907
"chr14-63852727-63853505","ESR2",0.110812818808105
"chr2-235684839-235685763","AGAP1",0.110801892729358
"chr2-133953295-133954099","MGAT5",0.110792828134751
"chr9-36765675-36766580","ZCCHC7",0.110779197104776
"chr4-86544310-86545223","PTPN13",0.110774524112114
"chr6-32815671-32816454","HLA-DQA2",0.110773429447255
"chr15-99614279-99615052","MEF2A",0.110756089588809
"chr4-108166512-108167160","LEF1-AS1",0.110698819634033
"chr17-78645619-78646524","TIMP2",0.110694183793524
"chr5-14706364-14707264","ANKH",0.110685066656113
"chr2-203867326-203868221","CD28",0.110674080283241
"chr7-151415433-151416328","PRKAG2",0.110588642637886
"chr5-140611785-140612696","CD14",0.110586761673228
"chr21-41366392-41367264","MX1",0.110576629967708
"chr13-99384059-99384861","DOCK9",0.110571680426459
"chr11-118342299-118343146","CD3G",0.110565837859839
"chr21-46550301-46551134","PRMT2",0.110564987523865
"chr15-50107377-50108267","ATP8B4",0.110552673067747
"chr19-51166850-51167753","NKG7",0.110534808447404
"chr4-105137068-105138001","TET2",0.110531485710494
"chr6-148342379-148343287","SASH1",0.110530762381701
"chr20-59165848-59166769","ZNF831",0.110499704375044
"chr7-22356653-22357446","STEAP1B",0.110485320004299
"chr2-166181217-166182015","SCN7A",0.110485307488789
"chr2-60992643-60993558","BCL11A",0.110484610854626
"chr9-82080034-82080906","TLE1",0.110476399861104
"chr22-46420991-46421892","CELSR1",0.110470835359135
"chr8-101790529-101791474","NCALD",0.110457172874294
"chr19-54769495-54770376","NCR1",0.110427412273941
"chr1-157436976-157437876","ARHGEF11",0.110396331618049
"chr16-31113560-31114030","ITGAX",0.110391899180049
"chr9-124869986-124870756","ARPC5L",0.110390342101614
"chr20-38842272-38843184","PPP1R16B",0.110371761899151
"chr7-7944437-7945348","GLCCI1",0.110332506245896
"chr17-58534532-58535428","TEX14",0.110331329983836
"chr13-99351535-99352392","DOCK9",0.110320880568046
"chr1-100038681-100039399","CDC14A",0.110311657641867
"chr2-86842394-86843249","CD8B",0.110305259410897
"chr6-130215244-130216116","SAMD3",0.110275224620559
"chr2-203951246-203952114","ICOS",0.110264008415565
"chr10-124341012-124341611","CHST15",0.110263839745418
"chr6-32627601-32628476","HLA-DPB1",0.110258147498663
"chr19-38009508-38010409","SIPA1L3",0.110257922064825
"chr7-22730895-22731649","IL6",0.110181813155515
"chr1-178726044-178726861","RALGPS2",0.110176713057496
"chr22-37162262-37163173","RAC2",0.110169558925331
"chr1-24924856-24925754","RUNX3",0.110160327751263
"chr5-142097561-142098396","NDFIP1",0.110148341414336
"chr1-35364508-35365386","AGO4",0.11014339686316
"chr2-98835672-98836509","MGAT4A",0.110134131785305
"chr2-227818136-227819064","AGFG1",0.110128636008364
"chr6-32689991-32690727","HLA-DPA1",0.110122154049419
"chr6-104684561-104685492","LIN28B",0.110104284212366
"chr19-41875134-41876045","CEACAM21",0.110084659583516
"chr9-37004221-37005140","ZCCHC7",0.110046553278962
"chr10-117004470-117005269","SHTN1",0.110040937592699
"chr4-107837980-107838877","SGMS2",0.110037648565127
"chr19-555687-556582","ARID3A",0.110028439391602
"chr13-40190537-40191416","FOXO1",0.110011937016946
"chr12-8540623-8541526","CLEC4E",0.110000673284375
"chr12-52202895-52203792","NR4A1",0.109991909965617
"chr22-33299356-33300210","SYN3",0.109979397912656
"chr18-44507590-44508522","SETBP1",0.109972692173711
"chr2-950346-951215","SNTG2",0.10996609699957
"chr10-93435787-93436545","MYOF",0.109910937508962
"chr1-109816191-109817094","SORT1",0.109876516635329
"chr1-247441427-247442257","NLRP3",0.109841623556873
"chr6-36290776-36291651","MAPK14",0.109820919195702
"chr11-73461728-73462641","RELT",0.109796165382857
"chr19-54270996-54271757","NLRP12",0.109783726062301
"chr12-121190239-121191143","P2RX7",0.109752331794097
"chr11-102546745-102547574","BIRC3",0.109735011223347
"chr14-100066091-100066863","EVL",0.109725842876119
"chr12-121144338-121145027","CAMKK2",0.109682277689287
"chr15-90367236-90368080","ZNF710",0.109671080181021
"chr11-118012029-118012824","JAML",0.10961688401715
"chr2-165149136-165150031","SLC38A11",0.109605024078828
"chr2-240960477-240961376","CROCC2",0.109600524135572
"chr22-33325260-33326137","LARGE-AS1",0.109547695621695
"chr9-37065850-37066766","ZCCHC7",0.109544640674464
"chr6-148761023-148761745","UST",0.109539876550145
"chr19-35445865-35446723","TYROBP",0.109534643641567
"chr9-37283772-37284541","PAX5",0.109528671712228
"chr10-48683373-48684017","WDFY4",0.109508472064473
"chr12-39442836-39443728","ABCD2",0.109500999759617
"chr16-31259516-31260378","ITGAX",0.10949804460447
"chr6-32943981-32944807","HLA-DPA1",0.109489589275741
"chr16-11328354-11329201","CIITA",0.109448640121116
"chr1-20178689-20179518","PLA2G5",0.109447051062253
"chr11-65487357-65488225","EHBP1L1",0.10944633014413
"chr14-102565096-102565988","RCOR1",0.10943109644233
"chr19-2748907-2749815","GNG7",0.109425777360196
"chr4-16916458-16917357","LDB2",0.109392652054696
"chr2-203936305-203937189","CD28",0.109390211849663
"chr10-70579532-70580350","PRF1",0.109359681715773
"chr12-54382796-54383714","NCKAP1L",0.109355784690731
"chr5-124747004-124747732","ZNF608",0.109346483630354
"chr12-128853174-128853918","GLT1D1",0.109324346722974
"chr7-77428636-77429490","PTPN12",0.109315328259004
"chr20-47412320-47413098","NCOA3",0.109313798846885
"chr20-58691426-58692014","CTSZ",0.109299729056523
"chr12-57055618-57056501","LRP1",0.109297879681606
"chr19-29263083-29263925","PLEKHF1",0.109285835730857
"chr12-122813064-122813946","HIP1R",0.109253338244793
"chr12-8052452-8053340","CLEC4E",0.10924722098282
"chr15-63246814-63247714","USP3",0.109221914727263
"chr12-8987373-8988178","KLRG1",0.109204139900596
"chr13-99075525-99076401","DOCK9",0.109194913334038
"chr19-38263960-38264869","SIPA1L3",0.109187037819376
"chr19-18514627-18515518","IFI30",0.109185551829157
"chr2-241358176-241359072","FARP2",0.109132972062727
"chr12-92141359-92142251","BTG1",0.109118437906977
"chr6-31215953-31216852","LST1",0.109109806118538
"chr1-36115674-36116572","CSF3R",0.109099001307503
"chr2-46966945-46967819","RHOQ",0.109097720169967
"chr4-26288180-26289032","RBPJ",0.109096840778808
"chr2-86815337-86816258","CD8B",0.109094589506362
"chr10-45380850-45381580","ALOX5",0.109068648940692
"chr7-150787420-150788313","TMEM176B",0.109059776708115
"chr22-30940485-30941300","PIK3IP1",0.109005515795703
"chr2-221571975-221572853","EPHA4",0.108970384678473
"chr9-134458995-134459867","RXRA",0.108959129068914
"chr19-54373490-54374378","LILRB4",0.108958052533322
"chr8-23538688-23539572","TNFRSF10B",0.108955528207615
"chr17-4844865-4845759","ARRB2",0.108953451099368
"chr11-117189262-117190172","SIK3",0.108952345470672
"chr20-31835856-31836712","HCK",0.108939571042777
"chr12-121450365-121451202","P2RX7",0.10891792921763
"chr2-84908600-84909452","TRABD2A",0.108911174155796
"chr14-92386434-92387331","SLC24A4",0.108896296947916
"chr8-118285102-118285926","EXT1",0.108860009922865
"chr9-88923410-88924313","S1PR3",0.108858440414434
"chr5-177416012-177416883","DOK3",0.108854403851622
"chr12-10673735-10674629","KLRD1",0.108842880895471
"chr1-151898368-151899248","THEM4",0.108836705615088
"chr14-101823329-101824011","PPP2R5C",0.108835672486609
"chr17-27488863-27489736","WSB1",0.108833345067298
"chr20-50308288-50309209","CEBPB",0.108818050503978
"chr15-79978583-79979448","BCL2A1",0.108816729262166
"chr16-84897885-84898694","COTL1",0.108774571186557
"chr12-10121085-10121837","CLEC12A",0.108749599157413
"chr4-185213584-185214488","SNX25",0.10874729592077
"chr2-86809472-86810207","CD8B",0.108736994992194
"chr4-78749750-78750656","BMP2K",0.108729262833326
"chr7-16753329-16754149","TSPAN13",0.108706863352568
"chr3-32420158-32420881","OSBPL10",0.108705501882176
"chr5-157152351-157153162","ITK",0.108695785914745
"chr14-21071057-21071912","ARHGEF40",0.108680736787575
"chr20-1944840-1945767","SIRPB1",0.108670479240789
"chr3-122938811-122939661","PARP14",0.108666724397978
"chr11-117951118-117951970","CD3E",0.108662739051249
"chr8-141164409-141165318","DENND3",0.108661348207964
"chr5-83406614-83407568","VCAN",0.108645986074241
"chr11-130050865-130051685","APLP2",0.108634574800642
"chr16-57577586-57578423","ADGRG5",0.108619782416057
"chr12-8618898-8619789","CLEC4E",0.10861131869175
"chr20-57671848-57672662","PMEPA1",0.108594609710065
"chr11-130146553-130147429","APLP2",0.10857386455209
"chr3-53249521-53250399","TKT",0.108534877787241
"chr16-72853405-72854201","ZFHX3",0.108530496558559
"chr4-108433519-108434450","RPL34",0.10850722062676
"chr22-38963943-38964567","APOBEC3A",0.108482799068649
"chr22-35588989-35589906","TOM1",0.10847888415557
"chr19-510616-511501","GZMM",0.108470873180756
"chr1-192579091-192579764","RGS1",0.108468345089889
"chr8-27371583-27372456","PTK2B",0.108468043466908
"chr8-96926675-96927581","CPQ",0.108459215086439
"chr3-122575922-122576790","PARP15",0.108444133894108
"chr14-75276745-75277642","FOS",0.10843349558912
"chr22-46684519-46685378","CELSR1",0.108416359986716
"chr17-3385892-3386815","OR3A2",0.108411220654449
"chr12-64699417-64700336","GNS",0.108405777049869
"chr1-116345565-116346414","CD2",0.108380440632492
"chr22-39117388-39118271","APOBEC3G",0.108368415873978
"chr12-89789621-89790529","DUSP6",0.108361480346759
"chr16-3258790-3259672","MEFV",0.108350699438536
"chr2-101041131-101042017","TBC1D8",0.108342841431863
"chr2-54574233-54575119","SPTBN1",0.108287442618765
"chr19-18173094-18173997","LRRC25",0.10828304437788
"chr1-157595080-157595987","FCRL5",0.108280228703618
"chr9-120737336-120737845","MEGF9",0.108278476248548
"chr12-10212172-10213008","CLEC7A",0.108275564887427
"chr11-3156171-3157031","CDKN1C",0.1082189587495
"chr7-8125580-8126500","GLCCI1",0.108208048036655
"chr12-8452810-8453738","CLEC4E",0.108203255876858
"chr11-118224535-118225390","CD3E",0.108200912821757
"chr6-131999394-132000302","LINC01013",0.108190400530321
"chr19-22010465-22011296","ZNF208",0.108181870716321
"chr8-102113842-102114603","NCALD",0.108181620984356
"chr5-56415065-56415964","MAP3K1",0.108171844991774
"chr15-60800037-60800855","RORA",0.108168889615327
"chr2-88599828-88600709","EIF2AK3",0.108166315067638
"chr9-107862995-107863741","KLF4",0.108143268421315
"chr3-111539408-111540202","CD96",0.10813924663296
"chr12-31406071-31406968","DENND5B",0.108137171090689
"chr2-231425709-231426631","NMUR1",0.108129309826874
"chr9-37303354-37304040","PAX5",0.108101099351623
"chr19-35248219-35249092","LSR",0.108055784173045
"chr12-10293297-10294185","KLRD1",0.108006185190584
"chr20-50730818-50731721","BCAS4",0.108003357900768
"chr5-150488340-150489176","CSF1R",0.107987275481505
"chr3-19146643-19147593","KCNH8",0.107985533309097
"chr2-98026875-98027767","TMEM131",0.107978791140019
"chr22-50686979-50687883","PLXNB2",0.107969151894088
"chr6-14920926-14921642","JARID2",0.107940534213659
"chr8-27405170-27406014","EPHX2",0.107931660291027
"chr12-10279695-10280578","KLRK1",0.107893792600466
"chr10-30493812-30494627","MAP3K8",0.107889765154824
"chr12-10481577-10482463","KLRD1",0.107886530525398
"chr19-54312395-54313201","MYADM",0.107865216259233
"chr9-33041477-33042281","DNAJA1",0.107839139819483
"chr19-2255965-2256780","GNG7",0.107828119165528
"chr5-1518421-1519292","LPCAT1",0.107814861815563
"chr8-27408630-27409509","PTK2B",0.107786359992955
"chr19-47315042-47315959","DHX34",0.107784675656133
"chr19-11323883-11324806","LDLR",0.107775856883312
"chr18-72866519-72867264","NETO1",0.107760532973192
"chr1-17128157-17129044","ARHGEF10L",0.107751019967515
"chr19-54018758-54019504","LILRB2",0.10774753585576
"chr9-97876492-97877387","TBC1D2",0.107746557166739
"chr11-118334520-118335395","CD3G",0.107740545585669
"chr11-96013938-96014680","MAML2",0.107739574494909
"chr4-108107764-108108652","LEF1-AS1",0.107723840450353
"chr7-111024743-111025644","LRRN3",0.107698348386728
"chr3-143443609-143444505","SLC9A9",0.107671653754711
"chr6-44976955-44977835","SUPT3H",0.107646947000479
"chr19-43768180-43768994","PLAUR",0.107646689398444
"chr6-32657980-32658909","HLA-DPB1",0.107646188879115
"chr14-64755610-64756516","ESR2",0.107640933713011
"chr19-47324198-47325099","NAPA",0.107639584640143
"chr7-151088771-151089497","TMEM176B",0.107637712732683
"chr14-24606902-24607701","GZMH",0.107613672378131
"chr10-6597258-6598157","PRKCQ-AS1",0.107608152075643
"chr5-139388267-139388866","CXXC5",0.107598095011818
"chr1-25642419-25643269","MAN1C1",0.107593816188421
"chr8-28339087-28339867","PNOC",0.107589410990455
"chr14-103118778-103119687","EIF5",0.107575386702417
"chr20-63635403-63636170","LIME1",0.107561364591271
"chr20-2300942-2301857","SIRPA",0.107552626913262
"chrX-1274570-1275361","CSF2RA",0.107546755883117
"chr22-21936164-21936947","PPM1F",0.107543788249687
"chr16-55508695-55509440","LPCAT2",0.107532086424955
"chr12-124625954-124626841","NCOR2",0.107507961036307
"chr19-18392179-18393099","LRRC25",0.107505893071175
"chr12-122946638-122947424","RILPL2",0.107503699696466
"chr12-9669252-9670111","CLEC2D",0.107494456042088
"chr8-6690085-6690973","AGPAT5",0.107486080334115
"chr17-35312775-35313657","SLFN5",0.107481676214033
"chr1-157585672-157586605","FCRL2",0.107477178368322
"chr7-21945385-21946309","CDCA7L",0.107471648076525
"chr10-121598046-121598930","FGFR2",0.107436264913075
"chr2-47034079-47034873","RHOQ",0.107427627621045
"chr1-160629122-160629923","LY9",0.107424180849434
"chr5-181260772-181261520","RACK1",0.107402738628943
"chr2-203951246-203952114","CD28",0.107401494489755
"chr5-157651357-157652250","ADAM19",0.107390654790355
"chr17-50792766-50793673","ABCC3",0.107386829309046
"chr9-128028273-128029130","FAM102A",0.107378204935078
"chr6-32943981-32944807","HLA-DPB1",0.107353087726669
"chr22-50308391-50309129","SCO2",0.107337849099707
"chr11-130043332-130044204","APLP2",0.107329699036362
"chr1-67694677-67695567","GNG12",0.107324682640426
"chr22-33853462-33854361","LARGE1",0.107314952354026
"chr8-47360211-47361093","SPIDR",0.107308407306493
"chr11-118869915-118870766","RPS25",0.107299071350825
"chr10-110009889-110010756","ADD3",0.107293624000588
"chr12-10554271-10555153","KLRC4",0.107281028168495
"chr20-2288709-2289595","SIRPA",0.107267086396262
"chr5-138369335-138370133","CTNNA1",0.107210072017055
"chr9-36659347-36660161","PAX5",0.107199668253567
"chr17-83200203-83200814","METRNL",0.107198372494459
"chr6-32943981-32944807","HLA-DRB5",0.107179648801135
"chr1-161121575-161122433","FCER1G",0.107166839643402
"chr12-9906616-9907509","KLRK1",0.107158715387915
"chr14-24665289-24666193","GZMB",0.107141049786666
"chr14-105705929-105706763","FAM30A",0.1071376718824
"chr19-45325881-45326782","FOSB",0.107133130433573
"chr16-84983158-84984052","COTL1",0.107110926105317
"chr17-64344018-64344905","PECAM1",0.107103615841729
"chr6-142902389-142903271","HIVEP2",0.107087742114552
"chr1-64469875-64470739","CACHD1",0.107075168364292
"chr3-15399843-15400634","COLQ",0.107067088349407
"chr18-23994185-23995054","TTC39C",0.107066575282165
"chr14-100680362-100681273","WARS",0.10705089648137
"chr10-89296102-89296898","ANKRD22",0.107050677795775
"chr14-35404481-35405136","NFKBIA",0.107044234336336
"chr3-19347403-19348275","KCNH8",0.107027947469912
"chr6-144590328-144591215","UTRN",0.107021876372782
"chr6-159094224-159095068","EZR",0.107003009858341
"chr7-22765363-22766272","STEAP1B",0.106986154366983
"chr14-92659555-92660452","ITPK1",0.106974111115044
"chr20-51401947-51402849","NFATC2",0.106959000657293
"chr19-53849030-53849854","NLRP12",0.106958091998449
"chr17-73103380-73104294","SLC39A11",0.106921272906991
"chr19-18170620-18171380","LRRC25",0.106920623479834
"chr1-24536284-24537174","RCAN3",0.10687102428937
"chr19-14434892-14435703","ADGRE2",0.106855502245045
"chr3-141306782-141307637","RASA2",0.106845871390562
"chr4-90071560-90072454","CCSER1",0.106839095638078
"chr6-137882261-137883087","TNFAIP3",0.106838842548564
"chr15-90213508-90214309","SEMA4B",0.106818714166748
"chr7-139726052-139726955","KDM7A",0.106818081496655
"chr1-63773603-63774402","ROR1",0.106815700222144
"chr20-50221243-50222088","CEBPB",0.106726002253622
"chr3-31946426-31947264","ZNF860",0.1067194639646
"chr13-96052992-96053847","UGGT2",0.106709822827016
"chr10-97542884-97543776","RRP12",0.106688527960417
"chr10-84177361-84178228","CCSER2",0.106683670003397
"chr16-85982260-85983131","IRF8",0.106681340334843
"chr14-74939882-74940757","FOS",0.106673046753165
"chr2-101627170-101628084","TBC1D8",0.106635299322412
"chr18-44700371-44701256","SETBP1",0.106631501970638
"chr4-3226420-3227018","SH3BP2",0.106628222314213
"chr17-73591172-73591983","SDK2",0.106627811551095
"chr11-9681527-9682403","SWAP70",0.106625483046507
"chr12-6774582-6775376","LAG3",0.106621514923384
"chr14-92215323-92216213","SLC24A4",0.106615114226518
"chr19-47330393-47331207","C5AR1",0.10661106125719
"chr1-226690257-226691043","ITPKB",0.106606601887081
"chr19-4229048-4229891","EBI3",0.106599620087653
"chr6-166950919-166951777","CCR6",0.106571426819314
"chr10-79295325-79296212","ZMIZ1",0.106558607766225
"chr8-96570584-96571490","CPQ",0.10651579769562
"chr12-92398373-92399266","BTG1",0.106474692703
"chr18-55248304-55249178","TCF4",0.106474449812549
"chr11-73002845-73003727","FCHSD2",0.106467551142047
"chr19-54209457-54210244","NLRP12",0.106464688167467
"chr13-74026577-74027433","KLF12",0.106442901620139
"chr19-53851505-53852345","LILRB3",0.10644081627352
"chr1-157269388-157270252","FCRL5",0.106436673661132
"chr14-54857663-54858561","SAMD4A",0.106424393980393
"chr1-161506385-161507253","FCGR2A",0.106421651263701
"chr17-74104737-74105555","GPRC5C",0.106419007981009
"chr7-2637235-2638132","TTYH3",0.106417595632667
"chr1-241423764-241424677","RGS7",0.106413483265399
"chr8-141119314-141120159","DENND3",0.106351743282427
"chr9-134371501-134372353","VAV2",0.106323205725579
"chr15-52179338-52180090","GNB5",0.106322708481643
"chr11-61110355-61111121","CD6",0.106312809546618
"chr2-86818696-86819516","CD8A",0.106305970254785
"chr4-70892063-70892947","RUFY3",0.106299162824535
"chr16-10828693-10829573","CIITA",0.10629793924436
"chr13-110137895-110138819","IRS2",0.106285865683329
"chr6-113858539-113859423","MARCKS",0.106275945793217
"chr6-90192989-90193694","BACH2",0.106261522100107
"chr21-39079318-39080230","ETS2",0.106259731523031
"chr10-11560093-11560979","USP6NL",0.106251335286403
"chr11-118876511-118877372","RPS25",0.106240695617034
"chr12-52610143-52611030","KRT72",0.10623885207633
"chr19-38256065-38256889","SIPA1L3",0.106228352240337
"chr2-218781655-218782550","SLC11A1",0.106206677107554
"chr19-54662484-54663343","LILRB3",0.106168244503559
"chr6-158869380-158870307","EZR",0.106156739297574
"chr7-43649571-43650410","STK17A",0.1061491346884
"chr7-50317066-50317916","IKZF1",0.106136268443923
"chr19-49473799-49474727","FLT3LG",0.10611293724469
"chr17-56918748-56919644","TRIM25",0.106093271946539
"chr2-96962503-96963378","ANKRD36",0.106084392865664
"chr6-32815671-32816454","HLA-DMA",0.106070323682101
"chr14-104656784-104657622","PLD4",0.106060864697412
"chr17-7466426-7467317","CD68",0.106043151738976
"chr7-2902788-2903626","CARD11",0.106009423720358
"chr4-142549539-142550483","INPP4B",0.106006833714835
"chr14-73463198-73464093","PSEN1",0.105985891118967
"chr9-33447212-33448073","AQP3",0.10597108812996
"chr2-240983195-240984031","SNED1",0.10596067323327
"chr16-84602885-84603759","CRISPLD2",0.105958722684661
"chr19-54312395-54313201","LILRB1",0.105948008308193
"chrX-1332700-1333505","CSF2RA",0.105942950794828
"chr18-45827418-45828261","PSTPIP2",0.105903439325768
"chr9-117703835-117704726","TLR4",0.105893781666523
"chr10-103551411-103552266","NEURL1",0.105892410797544
"chr6-88237940-88238791","CNR1",0.105884817408953
"chr2-112841211-112842168","IL1B",0.105882046209744
"chr1-159067833-159068736","AIM2",0.10587616463368
"chr22-44710470-44711140","PRR5",0.105854903533736
"chr1-11985608-11986461","TNFRSF1B",0.105854174663484
"chr15-89780806-89781683","ZNF710",0.105845037308083
"chr10-95907438-95908245","BLNK",0.10584132943682
"chr1-184380235-184381100","C1orf21",0.105792569085792
"chr18-46333507-46334413","RNF165",0.105783347600105
"chr1-184840324-184841243","C1orf21",0.105766702213861
"chr6-41277335-41278162","TREM1",0.105758375951875
"chr9-91298071-91298924","SYK",0.105739851357818
"chr14-65205121-65205928","FUT8",0.105732361586319
"chr11-75891795-75892653","UVRAG",0.10572031247559
"chr20-59007851-59008657","CTSZ",0.105709859932633
"chr5-159010995-159011557","EBF1",0.105706343776523
"chr11-111298847-111299807","POU2AF1",0.105704779506641
"chr9-112861899-112862633","FKBP15",0.105697651841915
"chr12-121278248-121279109","P2RX7",0.105693229128451
"chr10-30433661-30434449","MAP3K8",0.105686045990853
"chr1-157724864-157725692","FCRL3",0.105682485841747
"chr19-54023432-54024362","OSCAR",0.105672262593103
"chr7-80918750-80919642","SEMA3C",0.10566893131419
"chr2-95022018-95022851","MAL",0.105661430671642
"chr16-78099136-78099995","WWOX",0.105652145038202
"chr12-8996529-8997397","A2M",0.105635145640648
"chr9-136066883-136067794","NACC2",0.105634481978158
"chr11-47378132-47379045","SPI1",0.105626100956727
"chr21-41195045-41195955","BACE2",0.10562599018652
"chr10-88851457-88852309","ANKRD22",0.10560241603638
"chr22-31345646-31346520","SFI1",0.10559633921078
"chr2-191114162-191115016","STAT4",0.105583506357439
"chr20-2210865-2211742","SIRPA",0.105563771043555
"chr11-8168547-8169431","RIC3",0.105542073626378
"chr11-86805741-86806638","PRSS23",0.105541224805572
"chr9-113187813-113188747","SNX30",0.105521987607189
"chr2-47057165-47057996","TTC7A",0.105517217315884
"chr22-35301311-35302145","HMOX1",0.105510700805014
"chr17-47732844-47733697","TBX21",0.105481579025128
"chr4-73606167-73607032","RASSF6",0.105459096466775
"chr1-178795799-178796679","RALGPS2",0.105446925026611
"chr3-186652836-186653765","ST6GAL1",0.105441979698118
"chr12-57339839-57340671","LRP1",0.105425981575471
"chr8-129548553-129549414","CCDC26",0.105411142596824
"chr7-90772143-90773027","CDK14",0.105395973595246
"chr19-35447248-35448100","TYROBP",0.105391898856295
"chr12-120253143-120253994","RPLP0",0.105360985159808
"chr3-186532452-186533275","ST6GAL1",0.105359997731191
"chr10-22596873-22597760","PIP4K2A",0.105344236542851
"chr2-196268386-196269189","STK17B",0.105325213100991
"chr7-22672665-22673521","STEAP1B",0.105322677994751
"chr8-28085151-28086074","NUGGC",0.1053181280631
"chr12-52197770-52198463","NR4A1",0.105307550857756
"chr21-34544930-34545835","KCNE1",0.105302533049537
"chr10-96271114-96271968","BLNK",0.105295069682498
"chr5-157575319-157576112","ADAM19",0.105294016089647
"chr2-164737385-164738274","COBLL1",0.105292741398287
"chr12-12481959-12482788","DUSP16",0.105259930914122
"chr17-45413200-45414093","FMNL1",0.105200412491411
"chr1-151510907-151511799","THEM4",0.105197665477646
"chr8-27319679-27320564","EPHX2",0.105177643009308
"chr16-85984700-85985569","IRF8",0.105172739429889
"chr8-30099623-30100532","SARAF",0.105163189585443
"chr4-77819926-77820813","CNOT6L",0.105154778041536
"chr11-61961633-61962460","BEST1",0.105144852358462
"chr2-86815337-86816258","CD8A",0.105132696194289
"chr18-55322288-55322717","TCF4",0.105116540612296
"chr19-14521816-14522728","DNAJB1",0.105112377234706
"chr10-62079933-62080818","ARID5B",0.105108026966555
"chr4-56655950-56656673","HOPX",0.105106082416016
"chr14-92247061-92247968","RIN3",0.105103677446977
"chr8-24271630-24272542","ADAM28",0.10509497329905
"chr3-119570027-119570929","ARHGAP31",0.105039311222369
"chr2-29113566-29114380","PPP1CB",0.105037370122408
"chr16-85756046-85756918","C16orf74",0.10502672269229
"chr16-57592452-57593306","ADGRG1",0.105025598556664
"chr12-55996833-55997674","STAT2",0.105021200249775
"chr17-36182851-36183683","CCL4",0.105019220901141
"chr6-88179321-88180297","CNR1",0.105013486620741
"chr17-75095899-75096801","GRB2",0.104996755167256
"chr17-73644807-73645621","SDK2",0.104993607349185
"chr10-127906668-127907492","PTPRE",0.104988391752607
"chr20-1946458-1947282","SIRPA",0.104966175807309
"chr6-31215953-31216852","AIF1",0.104955176557598
"chr11-72807246-72807639","ATG16L2",0.104933548048861
"chr18-44526544-44527426","SETBP1",0.104920348291089
"chr4-108141370-108142137","LEF1",0.10491886389158
"chr1-116816179-116817048","CD2",0.104908844207691
"chr11-66069770-66070682","CTSW",0.104908334419778
"chr8-101902346-101903234","NCALD",0.104898029486561
"chr21-34200117-34200900","KCNE1",0.104893965428103
"chr10-45380850-45381580","RASSF4",0.104889355721265
"chr22-44026638-44027527","PARVB",0.104877509790897
"chr12-44873662-44874451","NELL2",0.10485377377276
"chr1-13667502-13668406","PRDM2",0.104846581411331
"chr17-55344162-55345043","HLF",0.104835785638637
"chr19-3180120-3181000","GNG7",0.104830637836416
"chr19-8050269-8051176","PRAM1",0.104828645216803
"chr16-17360604-17361473","XYLT1",0.104818559378776
"chr6-69881352-69882208","LMBRD1",0.104809447528036
"chr1-27001573-27002481","WASF2",0.104788467459199
"chr16-57802046-57802953","ADGRG5",0.10478024195197
"chr14-55107683-55108541","GCH1",0.104756850778918
"chr5-80150549-80151257","SERINC5",0.104756404206006
"chr1-158179350-158180201","FCRL3",0.104742948321845
"chr9-134341195-134341789","RXRA",0.104732940321551
"chr3-187773961-187774814","BCL6",0.104728011336965
"chr1-24536284-24537174","NIPAL3",0.104725428497297
"chr17-75313719-75314552","GRB2",0.104708879658956
"chr1-25754544-25755421","LDLRAP1",0.104686446927084
"chr8-66027656-66028527","PDE7A",0.104672992565062
"chr11-118305616-118306367","CD3D",0.104670856200174
"chr16-85524636-85525517","IRF8",0.104660186598723
"chr2-8376567-8377476","LINC00299",0.104652664570609
"chr10-125151514-125152432","CTBP2",0.104650112651195
"chr15-89820948-89821800","ZNF710",0.104605201833099
"chr4-141332274-141333203","IL15",0.104570408491699
"chr20-51666786-51667719","NFATC2",0.104550969567851
"chr9-37251297-37252203","ZCCHC7",0.104547702328488
"chr22-50542310-50543166","ODF3B",0.104540799545954
"chr15-90336609-90337476","ZNF710",0.104529262939074
"chr11-14313941-14314805","RRAS2",0.104525832456048
"chr1-192940420-192941268","RGS2",0.104520976323671
"chr8-80377191-80378096","TPD52",0.104458712524098
"chr8-141278256-141279155","DENND3",0.104456596389824
"chr1-25675742-25676654","LDLRAP1",0.104449724263631
"chr3-278095-278987","CHL1",0.104432480462993
"chr16-53457499-53458327","RBL2",0.104398793798286
"chr1-157552015-157552857","FCRL5",0.104397185899729
"chr8-60330084-60330919","CA8",0.104319761109388
"chr14-63747571-63748375","SGPP1",0.104315411472578
"chr7-22549823-22550636","STEAP1B",0.104261685440286
"chr19-7705386-7706289","FCER2",0.104260699306833
"chr14-55271920-55272588","GCH1",0.104249796759713
"chr12-12467373-12468312","DUSP16",0.104247054684825
"chr3-39267545-39268445","CX3CR1",0.104232651025195
"chr9-136043261-136044144","NACC2",0.104227549469761
"chr7-3107301-3108017","CARD11",0.104219715108881
"chr1-178418334-178419146","ANGPTL1",0.104204369074328
"chr11-66970555-66971460","KDM2A",0.104186116916485
"chr1-160664481-160665354","SLAMF1",0.104184725245258
"chr19-55326300-55327215","TMEM150B",0.104179492814135
"chr5-132293771-132294464","IRF1",0.104172475648177
"chr2-223465494-223466385","WDFY1",0.104156264407258
"chr2-26002632-26003521","RAB10",0.104139482214113
"chr14-22810689-22811496","SLC7A7",0.104136505428939
"chr4-139188812-139189693","ELF2",0.104108035550811
"chr11-118699413-118700051","RPS25",0.104100399943586
"chr1-161359078-161359948","FCER1G",0.104097132388994
"chr6-41274018-41274836","TREM1",0.104054414642567
"chr16-81431741-81432603","CMIP",0.104035622681054
"chr20-1569201-1570066","SIRPB2",0.104029008517761
"chr11-73204426-73205305","ARAP1",0.10402671655223
"chr3-46100545-46101462","CCR1",0.104022353691124
"chr10-71727485-71728277","SPOCK2",0.103977735883062
"chrX-47361636-47362525","JADE3",0.103975940433052
"chr3-71493219-71494056","FOXP1",0.103965021515946
"chr5-14331127-14332006","TRIO",0.103962304395414
"chr6-32666265-32667157","HLA-DPB1",0.103956515416271
"chr10-43120625-43121507","CSGALNACT2",0.10393827581914
"chr19-35083457-35084273","CD22",0.103928226957914
"chr17-60161811-60162680","VMP1",0.10392674655206
"chr1-23619263-23620168","MDS2",0.103898169609139
"chr3-122077269-122078131","SLC15A2",0.103872170843354
"chr5-146764928-146765798","PPP2R2B",0.103845023996464
"chr20-13221311-13222147","ISM1",0.103825606613375
"chr4-108078029-108078764","LEF1",0.103813674176498
"chr19-12789625-12790506","JUNB",0.103784547257839
"chr16-57816003-57816886","ADGRG5",0.103780733960221
"chr2-164840224-164840923","SLC38A11",0.103774832833301
"chr17-66201590-66202422","PRKCA",0.103770581148801
"chr8-23538688-23539572","SLC25A37",0.103769221443579
"chr7-74610074-74610965","NCF1",0.103762465560352
"chr14-51846878-51847662","GNG2",0.103746415513555
"chr20-1491212-1492044","SIRPA",0.103736060540877
"chr11-47514663-47515505","PTPRJ",0.103729934044896
"chr16-31367652-31368550","ITGAM",0.103704501877081
"chr19-1154812-1155678","MIDN",0.10369278618623
"chr4-185142810-185143710","SNX25",0.103691820761644
"chr12-122836279-122837161","HIP1R",0.10364760445737
"chr17-1555816-1556641","ABR",0.103636060125442
"chr6-138592946-138593790","NHSL1",0.103627203977972
"chr6-113809530-113810452","MARCKS",0.10361560519575
"chr2-17813563-17814252","SMC6",0.103592313661793
"chr5-139747110-139747829","CXXC5",0.103585891404138
"chrX-47579313-47580193","CFP",0.103560905993176
"chr14-92785502-92786418","ITPK1",0.103560344640064
"chr1-157709185-157709852","FCRL2",0.103559567052125
"chr9-37036698-37037547","ZCCHC7",0.103557210230114
"chr2-46547933-46548656","RHOQ",0.103540955205866
"chr20-3419994-3420908","C20orf194",0.103521430121793
"chr12-31886869-31887763","DENND5B",0.103512276317084
"chr16-11325450-11326353","CIITA",0.1034863747254
"chr4-108359121-108359971","LEF1-AS1",0.103450151381911
"chr8-59380871-59381758","TOX",0.103449988191622
"chr16-57609401-57610312","ADGRG5",0.103445494438284
"chr10-63707034-63707936","JMJD1C",0.103439809160284
"chr6-105646141-105647037","PRDM1",0.103438048142389
"chr3-186533899-186534794","ST6GAL1",0.103436712329488
"chr19-49567813-49568678","FLT3LG",0.103426401264916
"chr21-33059245-33060134","IFNGR2",0.103426001318276
"chr6-158818961-158819815","EZR",0.103411556488256
"chr11-114185144-114186031","ZBTB16",0.103409672554577
"chr14-88299782-88300771","KCNK10",0.103406460120131
"chr1-28139116-28139971","THEMIS2",0.103401133936015
"chr11-60835196-60836075","MS4A7",0.103373780908175
"chr6-21593219-21594103","SOX4",0.103338665915562
"chr10-103241409-103242278","NT5C2",0.103326179857349
"chr17-47702880-47703732","TBX21",0.103326001671502
"chr3-122066812-122067536","CD86",0.103306510708822
"chr19-49468764-49469631","RPS11",0.103287576635607
"chr2-28715974-28716829","FOSL2",0.103285648249025
"chr12-10249525-10250385","KLRC1",0.103263871560471
"chr8-23547461-23548367","SLC25A37",0.103256667353001
"chr3-186095332-186096273","IGF2BP2",0.103249724274638
"chr2-71064748-71065017","NAGK",0.103228396976413
"chr2-230202841-230203630","SP140",0.103215191084142
"chr20-24953447-24954330","APMAP",0.10320712021427
"chr6-167079581-167080471","CCR6",0.103205517003752
"chr19-7655345-7656189","INSR",0.103199730160787
"chr5-132294982-132295796","FNIP1",0.103188122914544
"chr17-74531901-74532772","CD300LF",0.103172121539057
"chr17-63946342-63947190","CD79B",0.103166823405972
"chr19-17138244-17139123","MYO9B",0.10316569096651
"chr7-17772964-17773846","AHR",0.103159631036608
"chr1-157106125-157107048","ARHGEF11",0.103148594351025
"chr9-79701467-79702339","TLE4",0.103136015696927
"chr2-101627170-101628084","RNF149",0.103130225097373
"chr19-8503402-8504141","PRAM1",0.103128761898358
"chr3-108834824-108835683","TRAT1",0.103117528875772
"chr17-2795867-2796780","RAP1GAP2",0.103106996411298
"chr19-53849030-53849854","MYADM",0.103086939310108
"chr2-60499745-60500565","BCL11A",0.103058823442
"chr3-53249521-53250399","PRKCD",0.103056483942754
"chr19-55323013-55323893","FCAR",0.103050364270021
"chr1-20590170-20590989","CDA",0.103035797183377
"chr2-100262592-100263410","AFF3",0.10303446622107
"chr17-56918748-56919644","SCPEP1",0.103026172707807
"chr1-203673773-203674688","ATP2B4",0.103018583073727
"chr5-139389572-139390439","CXXC5",0.103015345595469
"chr1-27435697-27436365","FGR",0.103012075357049
"chr12-105330159-105331066","C12orf75",0.103005039736185
"chr4-108465814-108466525","LEF1",0.102990215738803
"chr10-88852924-88853815","ANKRD22",0.102979043670102
"chr1-157505340-157506252","FCRL5",0.102977922248767
"chr5-134090258-134091181","SKP1",0.10297567884934
"chr2-38697121-38698003","GALM",0.102975605438484
"chr12-10305376-10306318","KLRC2",0.102975501221428
"chr1-23601951-23602778","RPL11",0.102958319375573
"chr6-90238619-90239312","BACH2",0.102903562352799
"chr6-132400925-132401780","STX7",0.102893813545936
"chr14-24606902-24607701","GZMB",0.102892744312936
"chr15-41515139-41515979","LTK",0.102883752835813
"chr2-8345958-8346867","LINC00299",0.102864136718381
"chr19-6065521-6066382","RFX2",0.102857956168593
"chr10-13099613-13100513","OPTN",0.102857030120539
"chr8-116057947-116058800","TRPS1",0.102854323655958
"chr18-5463203-5463997","EPB41L3",0.10285284339214
"chr16-88619691-88620599","ZFPM1",0.102841738467463
"chr21-46559158-46560084","PRMT2",0.102824039184823
"chr17-66406542-66407399","PRKCA",0.102816537950857
"chr5-134524872-134525783","SKP1",0.102815177698019
"chr14-92248477-92249311","RIN3",0.102798696909344
"chr14-92491921-92492809","SLC24A4",0.102797832360873
"chr3-52210365-52211247","STAB1",0.102790158320243
"chr1-168553849-168554722","XCL2",0.102785332330241
"chr1-13702533-13703432","PRDM2",0.102781376345378
"chr9-120403016-120403865","MEGF9",0.102774890685876
"chr11-65859172-65859940","CTSW",0.102757067007422
"chr1-178618890-178619779","ANGPTL1",0.102754614440297
"chr4-101851334-101851941","BANK1",0.102749294678464
"chr14-97719703-97720603","LINC01550",0.102700133332543
"chr20-44587493-44588195","PKIG",0.10269587773392
"chr1-23888848-23889545","CNR2",0.102691590225667
"chr1-157575469-157576319","FCRL3",0.102690540806538
"chr4-52588560-52589427","USP46",0.102689540423862
"chr3-61249705-61250551","FHIT",0.102686661157403
"chr7-116165530-116166372","TFEC",0.102677353592783
"chr2-134253532-134254406","MGAT5",0.102667862633516
"chr1-109895587-109896491","SORT1",0.102645712478094
"chr1-24506583-24507324","NIPAL3",0.102631676499585
"chr11-118184692-118185488","JAML",0.102586231547398
"chr19-43701022-43701854","PLAUR",0.102583208517855
"chr1-157697713-157698239","FCRL1",0.102571802991122
"chr2-164954994-164955873","COBLL1",0.102561543206108
"chr20-53208183-53209095","TSHZ2",0.102546161336926
"chr16-31354463-31355334","ITGAM",0.102490452314128
"chr6-132498346-132499255","STX7",0.102480072275822
"chr2-47035159-47035948","TTC7A",0.102465623555279
"chr17-30921543-30922292","ADAP2",0.102464751768536
"chr11-72738759-72739232","FCHSD2",0.102457985191101
"chr6-144156045-144156913","UTRN",0.102438633614407
"chr2-30422143-30423017","LBH",0.102432531012953
"chr7-100803255-100804148","PILRA",0.102430653653706
"chr11-60389216-60390063","MS4A7",0.10241704640973
"chr11-111177084-111177990","POU2AF1",0.102410095002863
"chr17-3961315-3962077","P2RX5",0.102392236778398
"chr2-33479220-33480050","RASGRP3",0.102387414016919
"chr6-137715462-137716371","TNFAIP3",0.102382140269723
"chr5-132294982-132295796","SLC22A4",0.102380667656093
"chr6-33073244-33074127","HLA-DMA",0.102375590614623
"chr11-117951118-117951970","CD3G",0.10236654542944
"chr22-50537934-50538689","PLXNB2",0.102347815386963
"chr19-51771135-51772026","FPR1",0.102325432580619
"chr3-31980489-31981279","ZNF860",0.102324064315889
"chr3-71450966-71451805","FOXP1",0.102321178987046
"chr6-32816685-32817553","HLA-DQA2",0.102301879588471
"chr16-1152480-1153317","TMEM204",0.102300941728305
"chr19-54803174-54803941","KIR2DL3",0.102300498881795
"chr10-8054402-8055165","GATA3",0.102279496407817
"chr3-171811281-171812020","FNDC3B",0.102278181748781
"chr6-106666382-106667295","CD24",0.102277575395377
"chr2-99928281-99929048","AFF3",0.102272504038726
"chr5-135215038-135215918","H2AFY",0.102268287196999
"chr2-203704889-203705602","CD28",0.10226195290515
"chr20-3419994-3420908","SIGLEC1",0.102259109617109
"chr4-139208066-139208983","SETD7",0.102246868744136
"chr2-86839229-86840124","CD8A",0.102240616310819
"chr1-89351436-89352322","LRRC8D",0.102214239586886
"chr5-157180377-157181294","CYFIP2",0.10220840728599
"chr5-107501923-107502726","EFNA5",0.102163514149305
"chr2-148876489-148877392","KIF5C",0.102154966933431
"chr2-16665465-16666337","FAM49A",0.102151563179717
"chr20-1265944-1266768","SIRPG",0.102128644571217
"chr11-65776006-65776722","AP5B1",0.102125400564762
"chr12-32399095-32399956","FGD4",0.102121589400611
"chr15-90019720-90020621","IQGAP1",0.102121142815381
"chr6-106702152-106703075","CD24",0.102116774708127
"chr16-57592452-57593306","ADGRG5",0.102105514662173
"chr6-32945189-32945993","HLA-DMA",0.102104163570432
"chr20-5654613-5655266","GPCPD1",0.102102666758395
"chr6-18171578-18172459","KDM1B",0.102087988265596
"chr14-75196228-75197129","FOS",0.102086988866011
"chr11-60931736-60932503","CYB561A3",0.102084799393643
"chr1-111215723-111216620","DENND2D",0.102069829057577
"chr16-19210280-19211049","SYT17",0.102062865068117
"chr5-157912423-157913302","ADAM19",0.102051986553821
"chr14-75144728-75145638","JDP2",0.102035794277612
"chr20-47786302-47787136","SULF2",0.102015265781946
"chr16-31128609-31129478","ITGAM",0.102008748915534
"chr6-149484634-149485468","ZC3H12D",0.10200131555814
"chr21-34510319-34511203","KCNE1",0.101997669918002
"chr15-88546137-88547048","ISG20",0.101996465703567
"chr6-148363854-148364710","SASH1",0.101992872770861
"chr1-115829023-115829845","SLC22A15",0.101984813199794
"chr19-54062373-54063221","LILRB2",0.101977079982791
"chr22-50541477-50541988","PLXNB2",0.101954169828081
"chr2-152042618-152043510","FMNL2",0.101929538830966
"chr11-73217933-73218845","ARAP1",0.101915772289356
"chr1-27943185-27944044","SMPDL3B",0.101897388995991
"chr6-32816685-32817553","HLA-DMA",0.10188526731054
"chr22-50529672-50530544","TYMP",0.101878749865279
"chr1-157819698-157820590","FCRL2",0.101860997685368
"chr3-68057409-68058321","SUCLG2",0.101860893550172
"chr1-150548692-150549598","ADAMTSL4-AS1",0.101853122027144
"chr3-39222321-39223165","CX3CR1",0.101835592828149
"chr17-30952690-30953487","ADAP2",0.101830549706448
"chr19-8648001-8648811","PRAM1",0.10178896209424
"chr12-121546886-121547732","P2RX7",0.101782480795608
"chr11-116999821-117000649","SIK3",0.101778954270393
"chr20-50283641-50284548","CEBPB",0.101770687438108
"chr19-54662484-54663343","LILRA5",0.101762248019575
"chr1-17141394-17142244","ARHGEF10L",0.101753947019908
"chr19-17779285-17780137","IFI30",0.101746794918019
"chr4-101806741-101807578","PPP3CA",0.101719713558961
"chr19-6062007-6062912","RFX2",0.101708505565283
"chr3-187968690-187969563","BCL6",0.101706488739052
"chr2-98133943-98134839","TMEM131",0.101704196993716
"chr3-52891460-52892266","PRKCD",0.101700384740669
"chrX-71111270-71112115","IL2RG",0.101698804761169
"chr12-121143753-121144224","P2RX7",0.101687305540456
"chr3-66500683-66501562","LRIG1",0.101686853671768
"chr1-231803284-231804132","DISC1",0.101671743885017
"chr8-122781052-122781847","ZHX2",0.101669065612904
"chr8-60916211-60917131","CHD7",0.1016675237616
"chr15-58979112-58980038","MYO1E",0.101661743562886
"chr4-71186434-71187154","SLC4A4",0.101661322352631
"chr18-32918470-32919180","KLHL14",0.101645560815643
"chr20-32052476-32053252","TM9SF4",0.101636107567224
"chr1-150552049-150552940","ADAMTSL4",0.101633307793845
"chr2-85698041-85698544","GNLY",0.101625982812449
"chr22-46373918-46374803","TTC38",0.101616599433649
"chr17-16969961-16970901","TNFRSF13B",0.101611995501545
"chr8-102095409-102096141","NCALD",0.101605397353257
"chr3-18438298-18439213","SATB1",0.101595263225256
"chr10-133173824-133174702","KNDC1",0.101592544025833
"chr4-85747624-85748504","ARHGAP24",0.101590148772425
"chr10-71888489-71889409","CDH23",0.101583089836848
"chr7-121180240-121181138","FAM3C",0.101581900215007
"chr3-121998703-121999486","CD86",0.101573135257354
"chr17-74737955-74738857","SLC9A3R1",0.101557289053827
"chr4-108140023-108140932","LEF1-AS1",0.101554707179023
"chr21-33402270-33402958","IFNGR2",0.101537485238969
"chr9-87497462-87498174","DAPK1",0.101524699205741
"chr1-192581445-192582220","RGS1",0.101507623009835
"chr19-50328823-50329759","SPIB",0.101490915393324
"chr3-112503925-112504735","BTLA",0.101479552610719
"chr9-91419069-91419911","NFIL3",0.10146802228058
"chr5-135393086-135393877","H2AFY",0.10143470082158
"chr17-51121803-51122426","SPAG9",0.101417424755161
"chr11-75773346-75774146","UVRAG",0.101404493699718
"chr5-35826330-35827078","IL7R",0.101389625554963
"chr16-81817687-81818324","PLCG2",0.101365008021232
"chr6-150347544-150348433","PLEKHG1",0.101362097851583
"chr12-9604020-9604936","KLRF1",0.101346997693073
"chr12-31859389-31860286","DENND5B",0.10132763846258
"chr12-13196190-13197101","EMP1",0.10132690481218
"chr11-72787393-72788269","FCHSD2",0.101294339041492
"chr1-27012525-27013432","WASF2",0.101293330513814
"chr8-123520051-123520963","FBXO32",0.10129218250021
"chr14-70809148-70810054","PCNX1",0.10129102191285
"chr20-23162073-23162917","CST3",0.10126075251357
"chr2-165192977-165193874","SCN3A",0.10125252009109
"chr9-136572257-136573186","CLIC3",0.101231681460488
"chr12-122021670-122022390","BCL7A",0.101228994214779
"chr17-1607069-1607996","PITPNA",0.101227957564942
"chr1-15345649-15346547","EFHD2",0.1012119490064
"chr20-32536092-32536923","ASXL1",0.10120932636307
"chr19-859131-859923","CFD",0.101185850347758
"chr19-54572416-54573211","LILRB4",0.101152290489935
"chr8-80138427-80139293","TPD52",0.101150570371774
"chr2-98664171-98664979","MGAT4A",0.101143098036784
"chr12-52280042-52280890","NR4A1",0.101130808139747
"chr19-54572416-54573211","LILRB3",0.101121991180852
"chr21-46424384-46424904","PRMT2",0.101113001273168
"chr11-58850362-58851285","GLYATL1",0.101109251387688
"chr19-3357384-3357947","MATK",0.101098899640188
"chr21-41761194-41761953","MX2",0.10109831717664
"chr9-134374263-134375167","RXRA",0.101090752094427
"chr19-53823952-53824843","MBOAT7",0.101089203331229
"chr12-9647708-9648631","PZP",0.101078512398749
"chr17-19386198-19387078","AC007952.4",0.101075330330296
"chr19-53829732-53830632","LILRA6",0.101060091181152
"chr3-141483286-141484184","ATP1B3",0.101054862849266
"chr10-6558129-6558952","PRKCQ",0.101040459329757
"chr12-9606350-9607122","KLRF1",0.101014688203568
"chr19-49475887-49476706","NOSIP",0.100997897397453
"chr1-17206924-17207698","ARHGEF10L",0.100986646509742
"chr2-102261862-102262805","IL18RAP",0.100984060098966
"chr2-105755720-105756589","NCK2",0.100964922647973
"chr1-25771048-25771915","MAN1C1",0.100958369919915
"chr17-1575533-1576393","ABR",0.100956455493914
"chr11-60185009-60185884","MS4A4E",0.100951001295531
"chr6-33696452-33697264","RPS18",0.100948801190671
"chr3-53269731-53270649","PRKCD",0.100940102043919
"chr1-39934014-39934922","SMAP2",0.100928789675015
"chr7-47581662-47582512","TNS3",0.100913730900995
"chr21-42527435-42528354","UBASH3A",0.10090572082104
"chr5-150058459-150059363","CSF1R",0.100897439367465
"chr8-26595479-26596321","DPYSL2",0.100869704830788
"chr8-42139949-42140805","AP3M2",0.100864441439024
"chr2-46547933-46548656","TTC7A",0.100862085876791
"chr19-3175697-3176505","GNG7",0.100854827138585
"chr13-48161600-48162464","RB1",0.100853187265548
"chr19-54222506-54223423","MYADM",0.100832810029719
"chr7-121385522-121386398","FAM3C",0.100831724515782
"chr12-120011964-120012844","BICDL1",0.100824640575631
"chr12-31661842-31662712","DENND5B",0.100816847164942
"chr2-241011679-241012607","SNED1",0.10081486005674
"chr2-229295783-229296594","PID1",0.100803735046648
"chr13-48782995-48783899","CYSLTR2",0.100800741215159
"chr3-53045961-53046882","SFMBT1",0.100798844112465
"chr8-12765014-12765870","LONRF1",0.100713827248981
"chr8-38905249-38905857","PLEKHA2",0.100709806036207
"chr5-135391957-135392705","H2AFY",0.100709024082383
"chr5-35382706-35383501","PRLR",0.100695512194838
"chr3-66306747-66307640","LRIG1",0.100684070262449
"chr12-8452810-8453738","C3AR1",0.100609432870555
"chr18-44786399-44787289","SETBP1",0.100589763567722
"chr19-49568921-49569695","NOSIP",0.10058931859226
"chr5-150124128-150124871","CSF1R",0.100584789593648
"chr18-55510597-55511419","TCF4",0.100583239643768
"chr6-32952745-32953664","HLA-DMA",0.100582474331945
"chr1-246959668-246960591","NLRP3",0.100575104609242
"chr1-161706723-161707609","FCRLA",0.100572204724096
"chr11-61356895-61357781","CYB561A3",0.10052932746957
"chr2-57908515-57909422","VRK2",0.100525274749043
"chr22-17771336-17772247","BID",0.100483691172287
"chr19-53823952-53824843","LILRA6",0.100472927593882
"chr7-28408814-28409720","JAZF1",0.100447365127896
"chr19-54905621-54906524","KIR2DL3",0.100440769860451
"chr18-55321687-55322191","TCF4",0.100438802894824
"chr19-53840642-53841404","MYADM",0.100435584201848
"chr6-68634729-68635614","ADGRB3",0.100423678248157
"chr16-85002404-85003311","COTL1",0.100390086630961
"chr14-75615015-75615883","FLVCR2",0.100351600348651
"chr11-63871767-63872658","RTN3",0.100338530728995
"chr2-203937799-203938585","ICOS",0.100332800410065
"chr11-130049027-130049866","APLP2",0.10033249129545
"chr6-137707648-137708557","TNFAIP3",0.100299249024659
"chr14-92491921-92492809","RIN3",0.100292524733238
"chr5-157544351-157545183","ADAM19",0.100286429740121
"chr10-8183024-8183922","GATA3",0.100279023367116
"chr17-7094027-7094901","CD68",0.10026786897745
"chr1-158246455-158247270","FCRL1",0.10024721491988
"chr3-71432305-71433209","FOXP1",0.100246987703203
"chrX-154368445-154369345","FLNA",0.100231219325613
"chr19-49325943-49326799","CD37",0.100229971961255
"chr14-75298689-75299548","JDP2",0.100220191648702
"chr22-38951624-38952319","APOBEC3A",0.100180846914087
"chr5-170307342-170308254","LCP2",0.100177508863354
"chr16-3158378-3159294","CLUAP1",0.100145959991352
"chrX-1554618-1555514","P2RY8",0.100138491735279
"chr12-92030384-92031278","BTG1",0.10012283085295
"chr19-53829732-53830632","LILRA5",0.100119477961699
"chr2-230225266-230226098","SP140",0.100111923402524
"chr13-46383362-46384136","RUBCNL",0.100108829641523
"chr19-42352296-42353176","CD79A",0.100095031340153
"chr10-112951582-112952391","TCF7L2",0.100062137149647
"chr13-21061132-21061961","LATS2",0.100058388328141
"chr4-176013283-176014148","GPM6A",0.100022897487783
"chr1-36400724-36401618","CSF3R",0.100012824594182
"chr22-42397086-42397932","NFAM1",0.100004319393729
"chr8-58804736-58805634","TOX",0.100000220169865
"chr17-36072252-36073167","CCL4",0.0999941499077227
"chr11-65577104-65578011","NEAT1",0.0999802138258929
"chr2-30231073-30231828","LCLAT1",0.0999783086623534
"chr6-33114146-33114878","HLA-DQA1",0.0999674910842742
"chr14-92659555-92660452","SLC24A4",0.0999592041877894
"chr20-31879531-31880429","HCK",0.0999380011729389
"chr11-65776006-65776722","FOSL1",0.0999324160348534
"chr13-40494653-40495359","FOXO1",0.099931940390297
"chr3-119637587-119638365","ARHGAP31",0.0999272677373613
"chr17-30972127-30972938","ADAP2",0.0998902211357611
"chrX-30643182-30644091","CXorf21",0.0998745275487078
"chr17-27488863-27489736","LGALS9",0.099868778413454
"chr3-66220479-66221389","LRIG1",0.0998483128183528
"chr11-9719735-9720640","SWAP70",0.0998370209501556
"chr9-37162838-37163673","PAX5",0.0998326280373259
"chr19-54707741-54708605","KIR2DL1",0.0998131101830401
"chr7-43625203-43626059","STK17A",0.0997654950288965
"chr17-74599199-74599994","CD300E",0.0997641749662878
"chr13-110161135-110161912","IRS2",0.0997499404514391
"chr19-17021861-17022704","MYO9B",0.0997422197014794
"chr19-56477323-56478237","ZNF667",0.0997403616619798
"chr2-213037451-213038325","IKZF2",0.0997393886984027
"chr14-95456745-95457624","TCL1A",0.0997390606389241
"chr5-14142763-14143611","TRIO",0.0997334367984396
"chr1-25474435-25475270","LDLRAP1",0.0997312333329663
"chr2-127081527-127082349","BIN1",0.0997283026406311
"chr2-227164852-227165475","COL4A4",0.0997203181705121
"chr17-3710696-3711605","P2RX5",0.09968967525806
"chr14-105861783-105862635","FAM30A",0.0996876502260584
"chr16-81821277-81822133","PLCG2",0.099683954421588
"chr2-28447928-28448835","PPP1CB",0.0996814088381438
"chr7-69695775-69696688","AUTS2",0.0996716760514737
"chr11-61120479-61121361","CD5",0.0996669884169813
"chr22-46262421-46263363","TTC38",0.0996620345816347
"chr6-33344919-33345699","RPS18",0.09965999556071
"chr11-59095007-59095896","GLYATL1",0.0996404712046453
"chr14-69652647-69653556","SUSD6",0.0996403004690797
"chr20-63736053-63736922","STMN3",0.0996381299745868
"chr3-30332056-30332883","TGFBR2",0.099628852543459
"chr5-56148282-56149125","IL6ST",0.0996282815547869
"chr15-94263316-94264049","MCTP2",0.0996202841929951
"chr15-33154424-33155292","FMN1",0.0996195185887543
"chr2-240998159-240999028","SNED1",0.0996167894618747
"chr1-26378041-26378946","SH3BGRL3",0.099614631108266
"chr1-24997290-24998169","RUNX3",0.0996039616109402
"chr7-79453425-79454238","MAGI2",0.0995932801160801
"chr17-74545606-74546477","CD300LF",0.0995691357651741
"chr19-51764118-51765007","FPR1",0.0995385366664084
"chr20-57398050-57398895","RBM38",0.0995217061795404
"chr7-22445169-22445872","STEAP1B",0.0995123459124516
"chr8-143942003-143942837","EEF1D",0.0994899668640161
"chr6-32589385-32590284","HLA-DMB",0.099468214423714
"chr21-34513064-34513787","KCNE1",0.0994311904496675
"chr14-101821271-101822173","PPP2R5C",0.0994239066457792
"chr1-27885463-27886053","SMPDL3B",0.0994156228399435
"chr10-69065507-69066355","DDX21",0.0993985743490433
"chr5-177306771-177307656","DOK3",0.0993961129653649
"chr9-37196946-37197841","ZCCHC7",0.0993922983069499
"chr20-1569201-1570066","SIRPA",0.0993636766542424
"chr19-7294016-7294908","INSR",0.0993436102976036
"chr17-64326295-64327175","PECAM1",0.0993370814886017
"chr10-71890013-71890773","CDH23",0.0993195113641273
"chr22-18055866-18056603","MICAL3",0.0993184862579956
"chr19-54551197-54551699","KIR2DL4",0.0993165998029716
"chr22-40116511-40117397","TNRC6B",0.0993135721749343
"chr13-67223946-67224850","PCDH9",0.0993098425381996
"chr11-60183606-60184398","MS4A6A",0.0992947679708151
"chr10-8053099-8053987","GATA3",0.0992897824112263
"chr4-67558240-67559139","STAP1",0.0992886253052696
"chr6-158653314-158654208","SYTL3",0.0992763196050544
"chr11-108236338-108237227","ATM",0.099271713994597
"chr5-83306356-83307257","XRCC4",0.0992548612923557
"chr14-91968132-91968969","TC2N",0.0992289619275589
"chr11-60274242-60275137","MS4A7",0.0992161476680801
"chr6-20168798-20169707","MBOAT1",0.0992108234312114
"chr19-17156721-17157607","MYO9B",0.0992074023317232
"chr12-6433988-6434780","CD27",0.0991957523927704
"chr16-29701778-29702684","CORO1A",0.0991918289954729
"chr19-17777944-17778857","IFI30",0.0991914494283582
"chr12-9027114-9027893","A2M",0.0991902082625097
"chr2-164761011-164761895","SCN3A",0.099174271747836
"chr22-39090283-39091173","SUN2",0.0991688050144182
"chr1-160742191-160743080","FCER1G",0.0991599585231732
"chr9-112890449-112891321","SLC31A2",0.0991557104244124
"chr9-77945599-77946401","GNAQ",0.0991271758831144
"chr22-21939273-21940052","PPM1F",0.0991249326862746
"chr12-22396091-22396976","ST8SIA1",0.0990983049746154
"chr12-111399119-111399995","SH2B3",0.0990933780714557
"chr10-32459061-32459970","CCDC7",0.0990902862485812
"chr7-27165048-27165891","SKAP2",0.0990886788495254
"chr5-150121885-150122771","CSF1R",0.0990883997996743
"chr8-80078634-80079483","TPD52",0.0990881975869185
"chr2-58107587-58108495","VRK2",0.0990787354696731
"chr22-41422409-41423284","SHISA8",0.0990755728943826
"chr3-37458178-37458976","ITGA9",0.0990736000586558
"chr19-19598591-19599402","PBX4",0.0990707756056689
"chr13-108495423-108496263","MYO16",0.0990585058033651
"chr20-63641580-63642471","STMN3",0.0990529677511089
"chr9-37382508-37383409","ZCCHC7",0.0990304092354367
"chr12-110605378-110606289","HVCN1",0.099029039779479
"chr19-17480946-17481786","MYO9B",0.0990144985931635
"chr11-75576308-75577172","UVRAG",0.0989904718135148
"chr12-10285705-10286575","KLRC3",0.0989763849712206
"chr12-108667147-108668022","CORO1C",0.0989757666933942
"chr6-33061712-33062617","HLA-DPB1",0.0989665644658829
"chr2-98727792-98728647","MGAT4A",0.0989496308038498
"chr4-108466989-108467900","LEF1-AS1",0.0989485709946311
"chr22-23800565-23801323","VPREB3",0.0989481640779789
"chr12-9829268-9830237","KLRD1",0.0989436809774194
"chr12-40222009-40222856","LRRK2",0.0989280704504417
"chr1-107139730-107140576","NTNG1",0.0989255998671673
"chr12-4269010-4269936","CCND2",0.0989113227872548
"chr11-128475100-128475826","ETS1",0.0989057275646275
"chr11-96011872-96012772","MAML2",0.0988913534043537
"chr11-67996663-67997588","CHKA",0.0988895499254822
"chr19-54247696-54248604","LILRB1",0.0988856607295621
"chr12-8989220-8990090","A2M",0.0988784832166275
"chr14-52267302-52268105","GNG2",0.0988641829695359
"chr5-139389572-139390439","MZB1",0.0988111064569738
"chr3-13045785-13046727","IQSEC1",0.0987684867571425
"chr11-72834683-72835600","ATG16L2",0.0987648216793895
"chr3-72098845-72099612","LINC00877",0.0987546066874672
"chr18-69885642-69886509","CD226",0.0987291910564047
"chr20-8434264-8435121","PLCB1",0.0987271819700014
"chr7-114026310-114027095","PPP1R3A",0.0987031848623278
"chr20-1944840-1945767","SIRPD",0.0986853664376806
"chr17-75295458-75296296","GRB2",0.0986569660539573
"chr17-64331656-64332448","PECAM1",0.0986375142165207
"chr8-60653401-60654280","CHD7",0.0986284546047455
"chr12-6167512-6168367","LTBR",0.0986276590160612
"chr1-27943185-27944044","THEMIS2",0.0986140480873572
"chr8-19697580-19698442","ATP6V1B2",0.0986127511656786
"chr12-24171814-24172741","SOX5",0.0985910529144232
"chr11-122838090-122838961","CRTAM",0.0985786565663234
"chr10-116849234-116850137","HSPA12A",0.0985774882959562
"chr19-996134-997037","GZMM",0.0985759247120648
"chr2-165016455-165017319","COBLL1",0.0985651825427753
"chr19-47383137-47384027","NAPA",0.0985416408050799
"chr3-186361704-186362619","DGKG",0.0985226737634751
"chr1-6460081-6460930","RPL22",0.0985186780776773
"chr4-89298843-89299460","GPRIN3",0.0984855797683006
"chr7-151415433-151416328","SMARCD3",0.0984523165773225
"chr19-54873732-54874603","TMEM150B",0.0984383052135221
"chr17-63809712-63810560","CD79B",0.0984293122618002
"chr11-65290458-65291341","AP5B1",0.0984267330655434
"chr19-17107740-17108627","MYO9B",0.0984228107646672
"chr22-16721762-16722527","IL17RA",0.0984192303155303
"chr10-71768674-71769485","SPOCK2",0.0984180980971329
"chr7-87216599-87217527","TMEM243",0.0984175882225991
"chr3-122769200-122770113","PARP9",0.0984175692343735
"chr14-66507584-66508482","GPHN",0.0984043094234866
"chr8-102535617-102536484","NCALD",0.0983960093251015
"chr11-118224535-118225390","CD3D",0.0983959984066957
"chr11-76588206-76589097","ACER3",0.0983815980658064
"chr10-11624759-11625661","USP6NL",0.0983805580105119
"chr2-240832027-240832923","SNED1",0.0983789806406167
"chr16-81738733-81739508","PLCG2",0.0983733461332578
"chr6-118893558-118894434","CEP85L",0.09837111782868
"chr11-2676827-2677687","CDKN1C",0.0983666589318072
"chr8-65955490-65956348","PDE7A",0.0983647149251243
"chr19-37914665-37915528","SIPA1L3",0.098349864740814
"chr6-11770396-11771302","TMEM170B",0.0983295577494294
"chr16-28309616-28310533","SBK1",0.0983096394977632
"chr17-45228802-45229711","FMNL1",0.0982940559646418
"chr12-9827000-9827869","KLRB1",0.0982927556356129
"chr2-28717276-28718067","PPP1CB",0.0982850456650364
"chr2-203943353-203944174","ICOS",0.0982842495657023
"chr22-45423994-45424881","KIAA0930",0.0982828637455632
"chr2-60995172-60996019","BCL11A",0.0982790870488866
"chr17-1098066-1098944","ABR",0.0982309900784313
"chr6-32604395-32604778","HLA-DPB1",0.0982250131757379
"chr10-8137134-8137990","GATA3",0.0982175767122016
"chr7-77409904-77410818","GSAP",0.0982088078653191
"chr12-9615190-9616052","CLEC2D",0.0982085022808971
"chr2-106094166-106094942","UXS1",0.098207465287901
"chr19-47315042-47315959","C5AR2",0.0981849530293133
"chr6-137351674-137352571","IFNGR1",0.0981685260913943
"chr5-14212084-14212870","TRIO",0.0981528970955936
"chr9-136959922-136960775","CLIC3",0.0981252942393959
"chr1-158285514-158286432","CD1D",0.0980761671810458
"chr18-63552836-63553741","SERPINB10",0.0980513229723619
"chr8-124640544-124641287","MTSS1",0.0980477902346293
"chr6-33114146-33114878","HLA-DQB1",0.0980262077846256
"chr9-20504706-20505615","MLLT3",0.0980237026568672
"chr21-15221670-15222560","NRIP1",0.0980205275101741
"chr15-44726321-44727212","B2M",0.0980165693614381
"chr11-72975572-72976452","ATG16L2",0.0979976535430757
"chr12-10381821-10382703","KLRK1",0.0979918994213018
"chr4-89294271-89295167","GPRIN3",0.0979654425606222
"chr2-134411650-134412511","MGAT5",0.0979468289739206
"chr10-58350413-58351316","UBE2D1",0.097941555986637
"chr10-17025336-17026181","VIM",0.0979343621303409
"chr8-125512747-125513646","TRIB1",0.0979227625677889
"chr18-69897608-69898246","CD226",0.097891030171342
"chr1-27943185-27944044","PTAFR",0.0978862275914748
"chr17-35521317-35522184","CCL5",0.0978773010948467
"chr17-36085456-36086369","CCL3",0.0978710256471754
"chr4-25879901-25880786","SEL1L3",0.0978698785996947
"chr17-8068789-8069708","PER1",0.0978516157176594
"chr12-10167343-10168261","GABARAPL1",0.0978464898544475
"chr1-151001516-151002452","MCL1",0.0978076999641743
"chr1-25754544-25755421","MAN1C1",0.0978040612410845
"chr7-2417835-2418723","CHST12",0.0978030221233506
"chr13-113634084-113634963","RASA3",0.0978016078646342
"chr20-46108135-46109045","CD40",0.0978003037299706
"chr1-91729615-91730399","TGFBR3",0.0977897427852504
"chr10-71756688-71757521","SPOCK2",0.0977793644134139
"chr14-68483704-68484604","ACTN1",0.0977685147539677
"chr8-30141364-30142279","SARAF",0.0977541235891599
"chr5-132387581-132388288","IRF1",0.0977538491741645
"chr2-165277717-165278600","COBLL1",0.0977446355662834
"chr18-32019589-32020318","RNF125",0.0977443947285602
"chr15-100919019-100919814","LRRK1",0.0977410931999662
"chr14-103111132-103111991","TNFAIP2",0.0977251323644764
"chr3-119638605-119639458","ARHGAP31",0.0977108610032303
"chr5-23951065-23951883","C5orf17",0.0976951245490444
"chr2-217928301-217929216","SLC11A1",0.0976914841100016
"chr13-110536079-110536981","RAB20",0.097672711698918
"chr19-1882181-1883023","ABHD17A",0.0976685571517632
"chr2-38697121-38698003","HNRNPLL",0.0976635842232676
"chr1-1207997-1208632","TNFRSF18",0.0976380657031607
"chr2-46461503-46462321","RHOQ",0.0976365265444825
"chr6-37175553-37176443","CPNE5",0.0976324218945699
"chr22-33579151-33580033","LARGE1",0.0976312421111007
"chr17-4710036-4710906","PFN1",0.0975938321532091
"chr1-159076656-159077509","PYHIN1",0.0975472039680086
"chr19-47309311-47310188","NAPA",0.0975354934311265
"chr3-142270198-142271062","GK5",0.0975234358699439
"chr4-158208946-158209768","TMEM144",0.0975172488764263
"chr16-57589132-57589863","KIFC3",0.0975156576146888
"chr11-118305616-118306367","CD3E",0.0975133412926572
"chr17-77099856-77100694","SEC14L1",0.0975124026957254
"chr19-47336637-47337476","C5AR1",0.0975023087853404
"chr17-35074144-35074861","FNDC8",0.0974990742697954
"chr19-45455802-45456648","ERCC1",0.0974953420780408
"chr19-703567-704496","SBNO2",0.0974936874996106
"chr6-128239779-128240625","PTPRK",0.0974800157986387
"chr1-178599665-178600324","RALGPS2",0.097467796752243
"chr11-85750487-85751108","SYTL2",0.0974646019259724
"chr20-1820452-1821349","SIRPA",0.0974624070609034
"chr17-73142735-73143630","SLC39A11",0.0974433163979642
"chr19-54018758-54019504","LILRB3",0.0974148611664131
"chr4-108342331-108343240","LEF1-AS1",0.0974071678796939
"chr11-75576308-75577172","ARRB1",0.0974030777803808
"chr19-18417486-18417970","LRRC25",0.0973821008399436
"chr14-73240578-73241424","NUMB",0.0973486161723213
"chr1-21337736-21338599","EIF4G3",0.0973483731174212
"chr19-38253083-38253950","SIPA1L3",0.097338466632067
"chr17-78541571-78542451","TIMP2",0.097334004147117
"chr12-31896301-31897204","BICD1",0.09733398717364
"chr19-53851505-53852345","NLRP12",0.0973282688861885
"chr3-106176470-106177372","CBLB",0.0973144263747982
"chr19-14506674-14507572","DNAJB1",0.0972974601615732
"chr20-47416484-47417247","NCOA3",0.0972968925610656
"chr22-35329999-35330841","TOM1",0.0972835108100073
"chr12-22409368-22410260","ST8SIA1",0.0972653477856739
"chr22-23269555-23270407","VPREB3",0.0972633401848293
"chr7-140252606-140253491","KDM7A",0.0972588954651449
"chr17-75095899-75096801","CD300LF",0.0972535070663621
"chr20-63635403-63636170","STMN3",0.0972485424399183
"chr18-62329427-62330245","TNFRSF11A",0.0972484402431889
"chr17-4766092-4766894","SCIMP",0.0972343753589368
"chr16-85829374-85830255","IRF8",0.0972277536022575
"chr7-21945385-21946309","DNAH11",0.0971999445347837
"chr1-8956447-8957355","CA6",0.0971963842721468
"chr22-22062924-22063800","PPM1F",0.0971532856391631
"chr9-136703018-136703893","LRRC26",0.0971449059772996
"chr11-36420833-36421704","PRR5L",0.097134473067211
"chr2-98086624-98087520","TMEM131",0.0971336205990992
"chr14-75144728-75145638","FLVCR2",0.0971122282135051
"chr5-132298107-132298966","IRF1",0.0971105599775319
"chr10-71597916-71598806","CDH23",0.0970996383148739
"chr13-66993913-66994779","PCDH9",0.0970891004776298
"chr6-136593618-136594523","MAP3K5",0.09708762680786
"chr2-68714676-68715524","PLEK",0.0970836428868153
"chr4-2787036-2787916","SH3BP2",0.097063215037329
"chr2-8522430-8523304","LINC00299",0.0970559854772251
"chr11-67211723-67212521","ANKRD13D",0.0970434676282597
"chr17-19752706-19753582","SPECC1",0.0970261035699525
"chr1-154463362-154464205","PBXIP1",0.0970235880129446
"chr12-10167343-10168261","OLR1",0.0970204532565164
"chr1-153386211-153387115","S100A9",0.0970054751230535
"chr3-52062198-52063110","STAB1",0.0969946182656334
"chr1-27862919-27863840","STX12",0.096974890404007
"chr5-139669832-139670777","MZB1",0.0969744136630156
"chr1-206685667-206686343","SRGAP2",0.0969672772655025
"chr1-160623014-160623843","SLAMF1",0.0969641684508646
"chr2-99861108-99861945","AFF3",0.0969611300372089
"chr19-38924142-38925044","ACTN4",0.096960182660775
"chr10-71753321-71754188","CDH23",0.0969373399600611
"chr5-14144610-14145553","TRIO",0.0969366515849652
"chr3-196687999-196688906","PIGX",0.096932790883573
"chr7-130938302-130939179","AC016831.7",0.0969291182350207
"chr12-54740618-54741524","TESPA1",0.0969220959718668
"chr20-4320062-4320958","RNF24",0.0969033187839139
"chr1-107936499-107937421","VAV3",0.0968994066285516
"chr22-50534127-50534923","SCO2",0.0968704118085711
"chr5-80189068-80189845","SERINC5",0.0968681833648045
"chr3-171954427-171955322","FNDC3B",0.0968641279526734
"chr6-152565780-152566640","SYNE1",0.0968541604876795
"chr17-8068789-8069708","CD68",0.0968293133212908
"chr5-75059635-75060538","GCNT4",0.0968169932259348
"chr19-3812091-3812997","MATK",0.0968097565977687
"chr12-10300972-10301824","KLRK1",0.0968055112439894
"chr8-125341957-125342831","TRIB1",0.0967964014015589
"chr4-171813025-171813793","GALNTL6",0.0967748650950399
"chr22-33271132-33272037","LARGE-AS1",0.0967680760192495
"chr14-75427519-75428389","JDP2",0.0967596678975246
"chr22-31278733-31279644","SFI1",0.0967513462192215
"chr12-52585752-52586668","KRT72",0.0967111670213398
"chr6-32940840-32941572","HLA-DQA1",0.0966994400128421
"chr3-112460420-112461128","CD200",0.096695585549535
"chr2-60439124-60440032","REL",0.0966913087537601
"chr3-106068521-106069406","CBLB",0.0966866886882244
"chr1-58618072-58618973","JUN",0.0966756022442248
"chrX-30620834-30621702","GK",0.0966645785946171
"chr11-61070481-61070927","CYB561A3",0.0966525958414946
"chr19-51272213-51273103","NKG7",0.0966294673682799
"chr6-119076255-119077069","FAM184A",0.096624756529975
"chr19-43465349-43466173","PLAUR",0.0966247352192657
"chr19-1213648-1214571","ARID3A",0.09662441023386
"chr6-150702504-150703302","PLEKHG1",0.0966209426030744
"chr2-225052443-225053342","DOCK10",0.0966131260174792
"chr1-150579232-150580124","ADAMTSL4-AS1",0.0966107879791931
"chr19-7491938-7492824","STXBP2",0.0966106200344451
"chr20-23225143-23226044","CD93",0.0966020991487849
"chr19-54222506-54223423","LILRB2",0.096598955874033
"chr12-123364670-123365548","PITPNM2",0.0965642593156134
"chr13-46389784-46390693","RUBCNL",0.0965580208029934
"chr15-25811777-25812521","ATP10A",0.0965402395832279
"chr4-40190599-40191417","RHOH",0.0965292926952153
"chr11-68009878-68010766","CHKA",0.096515679113101
"chr18-11818307-11819164","GNAL",0.0964950232457103
"chr10-450717-451623","DIP2C",0.0964882207423656
"chr5-149665889-149666744","CSF1R",0.0964855813565356
"chr7-87627873-87628784","ABCB1",0.0964855780096766
"chr18-3297057-3297920","MYL12A",0.0964749558066695
"chr20-24954918-24955700","CST7",0.0964738558506349
"chr5-150131791-150132659","CSF1R",0.0964717953114998
"chr19-54903794-54904742","KIR2DL3",0.0964619665406008
"chr1-161549439-161550310","FCGR3A",0.0964494466736134
"chr3-122056154-122056831","CD86",0.0964379455221567
"chr1-182391299-182392188","GLUL",0.0964230881808732
"chr6-144149912-144150816","PLAGL1",0.0964076518686384
"chr3-23202666-23203528","UBE2E2",0.0963872378206556
"chr8-26571802-26572683","DPYSL2",0.0963669810742247
"chr2-241112394-241113247","PASK",0.0963475750398386
"chr12-92403551-92404461","BTG1",0.0963469525290453
"chr5-135140558-135141440","H2AFY",0.096345259794039
"chr18-55420290-55421206","TCF4",0.0963186265718034
"chr22-17498098-17498951","IL17RA",0.0963065130625895
"chr3-27900100-27900993","EOMES",0.0962990967405514
"chr19-54381693-54382532","LILRA5",0.0962853753874175
"chr12-94172777-94173543","PLXNC1",0.0962792589009855
"chr7-112080348-112081136","IFRD1",0.0962593194680563
"chr12-12474673-12475549","DUSP16",0.0962562856557285
"chr19-48492837-48493807","PPP1R15A",0.0962555846284805
"chr1-157819698-157820590","FCRL3",0.0962448824352466
"chr9-91410844-91411741","NFIL3",0.0962446282246934
"chr14-24659892-24660769","GZMH",0.0962247729360796
"chr1-91523186-91524053","TGFBR3",0.0962234048645078
"chr14-92417562-92418444","RIN3",0.0962004015850343
"chr5-140606798-140607718","CD14",0.0961986811177932
"chr11-75265725-75266629","ARRB1",0.0961803407225383
"chr6-167150972-167151824","CCR6",0.0961530672144726
"chr12-40224456-40225351","LRRK2",0.0961452352951973
"chr15-63490974-63491792","USP3",0.0961402485024803
"chr6-33057086-33057991","HLA-DMA",0.0961402214696305
"chr8-59107656-59108427","TOX",0.0961397337605522
"chr12-57148529-57149371","LRP1",0.096090585119525
"chr15-38307009-38307842","SPRED1",0.0960829894929184
"chr8-127169674-127170536","PCAT1",0.0960530902989109
"chr19-54019941-54020790","MBOAT7",0.0960516842857144
"chr17-81837386-81838290","MAFG",0.0960489062311195
"chr7-150676544-150677380","GIMAP7",0.0960403119441912
"chr11-68009878-68010766","TCIRG1",0.0960356044777764
"chr7-74226349-74227254","LAT2",0.0960198125832491
"chr8-20186765-20187562","ATP6V1B2",0.0960023089001027
"chr17-7579041-7579956","CD68",0.0959997053100503
"chr22-50537934-50538689","ODF3B",0.0959565852857033
"chr2-64191850-64192699","PELI1",0.095942894039824
"chr18-45106079-45106995","SETBP1",0.0959412656953881
"chr16-23520727-23521431","PRKCB",0.0959291658542738
"chr17-1095036-1095903","ABR",0.0959237875175651
"chr10-32948218-32949052","ITGB1",0.0959226159315798
"chr20-41156768-41157670","PLCG1",0.0959176120205796
"chr10-102815793-102816694","TRIM8",0.0958889647264565
"chr4-114601464-114602370","UGT8",0.0958865661440296
"chr1-26287048-26287908","CD52",0.0958806691724833
"chr4-142559953-142560707","INPP4B",0.095877944684794
"chr16-84805983-84806858","ZDHHC7",0.095869360277127
"chr12-52118187-52119061","NR4A1",0.0958624937311507
"chr22-50304201-50304954","ODF3B",0.0958610236875112
"chr4-125314582-125315428","FAT4",0.0958499567868653
"chr2-226905976-226906849","COL4A4",0.0958431978271175
"chr19-38680831-38681713","ACTN4",0.0958382299958154
"chr13-46401203-46402030","RUBCNL",0.0958366819485283
"chr12-51922516-51923266","NR4A1",0.0958222948909063
"chr11-128494262-128495072","ETS1",0.0958191322814347
"chr12-54382796-54383714","ZNF385A",0.0957932673367016
"chr12-44774573-44775443","NELL2",0.0957925225872924
"chr11-47254275-47255136","SPI1",0.0957886852584181
"chr15-80160388-80161277","BCL2A1",0.0957672211956741
"chr9-112863110-112863900","FKBP15",0.0957561492496412
"chr14-95319402-95320209","TCL1A",0.0957545598486652
"chr19-3785782-3786589","MATK",0.0957470188579457
"chr1-158932193-158932917","PYHIN1",0.0957442434823722
"chr10-77877574-77878509","DLG5",0.0957408315697625
"chr9-20398406-20399344","MLLT3",0.0957315004264855
"chr22-38569876-38570788","DDX17",0.0957166562025021
"chr2-47288648-47289538","TTC7A",0.0957096646726487
"chr1-25022230-25023175","RUNX3",0.0957020472502661
"chr14-92659555-92660452","RIN3",0.0957015117612978
"chr3-134617628-134618461","EPHB1",0.0956845434421744
"chr8-47353298-47354161","SPIDR",0.0956830866299525
"chr3-24521262-24522035","THRB",0.0956810008974107
"chr5-80140099-80140643","SERINC5",0.0956792406739992
"chr19-54643793-54644548","FCAR",0.0956673445131319
"chr10-6593103-6593870","PRKCQ-AS1",0.0956655948851819
"chr10-124290012-124290694","CHST15",0.0956445905815197
"chr21-29638697-29639211","BACH1",0.0956438775579053
"chr17-35214028-35214875","SLFN5",0.0956317736615381
"chr7-151805876-151806780","PRKAG2",0.0956288190096953
"chr2-54757199-54758104","EML6",0.0956173501039098
"chr6-32604395-32604778","HLA-DPA1",0.0956129910734976
"chr19-54660160-54660841","FCAR",0.095608367143963
"chr1-23628754-23629614","CNR2",0.0955902085797753
"chr19-1180194-1181092","ARID3A",0.0955784243358866
"chr1-12595654-12596424","TNFRSF1B",0.0955723812556144
"chr3-45972292-45973199","CCR1",0.0955507545490438
"chr4-3225842-3226315","SH3BP2",0.0955337714882067
"chr1-109368850-109369671","SORT1",0.0955309720341787
"chr15-59372432-59373147","MYO1E",0.0955134409246599
"chr6-32815671-32816454","HLA-DMB",0.0955091015067443
"chr12-91876793-91877701","LINC01619",0.0955085776151632
"chr17-75371150-75371999","GRB2",0.0954825946545064
"chr6-32689991-32690727","HLA-DMA",0.0954783860797107
"chr1-150162829-150163697","PLEKHO1",0.0954597369255052
"chr6-20168798-20169707","E2F3",0.0954546495819747
"chr14-71372117-71372972","SIPA1L1",0.0954151125264918
"chr12-10497360-10498251","KLRC4",0.0954122764088024
"chr8-42154705-42155530","AP3M2",0.0954072039529664
"chr21-44967783-44968699","ITGB2",0.0954065964480127
"chr8-37793118-37793903","RAB11FIP1",0.0953959883726818
"chr17-4725503-4726377","ARRB2",0.0953921832659713
"chr14-61427809-61428570","PRKCH",0.0953898779207565
"chr1-31939686-31940511","LCK",0.0953840124292662
"chr12-26156047-26156903","BHLHE41",0.0953784921304247
"chr17-4735880-4736773","SCIMP",0.0953540126757239
"chr12-31746487-31747388","DENND5B",0.0953528840264839
"chr1-212234361-212235237","LPGAT1",0.095350113450741
"chr8-79900625-79901451","TPD52",0.0953436879941064
"chr1-175600521-175601466","TNR",0.0953182130604311
"chr7-151796214-151797089","PRKAG2",0.0953069752873896
"chr4-74364722-74365525","EREG",0.0953027625451279
"chr8-23560688-23561554","SLC25A37",0.0952819548132278
"chr17-76492925-76493741","RHBDF2",0.0952788405222243
"chr4-159177883-159178668","RAPGEF2",0.0952737146830471
"chr10-33138881-33139779","ITGB1",0.0952669107719303
"chr20-25015876-25016709","CST7",0.0952323745563292
"chr14-92725932-92726792","RIN3",0.0952286192657868
"chr14-101721772-101722690","HSP90AA1",0.0952164283405955
"chr3-122063925-122064785","PARP9",0.0952148598379432
"chr6-130223283-130224081","SAMD3",0.0952099013013984
"chr7-50266662-50267553","IKZF1",0.0951751385009525
"chr12-107317871-107318788","BTBD11",0.0951652854511654
"chr12-10288766-10289668","KLRK1",0.0951652813541801
"chr9-87405421-87406270","DAPK1",0.0951507867824976
"chr2-8685436-8686233","ID2",0.095139929896904
"chr11-118316400-118317287","KMT2A",0.0951379065622192
"chr4-112085043-112085960","ALPK1",0.0951277790041476
"chr7-79453425-79454238","MAGI2-AS3",0.0951266190265778
"chr1-12449186-12450081","DHRS3",0.0950809528419641
"chr3-52914997-52915848","STAB1",0.0950634583545052
"chr3-24494017-24494675","THRB",0.0950634022487301
"chr6-11212436-11213294","TMEM170B",0.0950462302370249
"chr22-46476206-46477121","CELSR1",0.0950398762596159
"chr3-108806100-108807002","TRAT1",0.0950317655531609
"chr10-6595219-6596094","PRKCQ-AS1",0.0950274883194792
"chr15-25846086-25846945","ATP10A",0.0950252123861603
"chr9-136557863-136558557","NACC2",0.0950178126114879
"chr18-24928310-24929197","ZNF521",0.0950155465844235
"chr7-132653115-132653800","PLXNA4",0.0950053148768703
"chr12-14259857-14260670","PLBD1",0.0949997189421076
"chr21-33198274-33199068","ITSN1",0.094992555905139
"chr10-96719846-96720137","BLNK",0.0949870372694577
"chr14-101817319-101818201","PPP2R5C",0.0949855530632351
"chr10-84330067-84330861","CCSER2",0.0949577364574844
"chr19-46529597-46530473","PTGIR",0.0949457838648707
"chr12-10300972-10301824","KLRF1",0.0949429644888991
"chr1-158274667-158275562","FCRL2",0.0949390209776315
"chr21-14591612-14592522","NRIP1",0.0949216328369555
"chr15-90019720-90020621","ZNF710",0.0949209521908482
"chr18-9066430-9067228","MTCL1",0.0949208919561132
"chr11-60366786-60367670","MS4A7",0.0949200733556091
"chr20-40683199-40684064","MAFB",0.0948924964430935
"chr15-38690465-38691248","RASGRP1",0.0948906142005897
"chr8-30069249-30070033","LEPROTL1",0.0948837529411947
"chr12-62215285-62216071","USP15",0.0948765095897414
"chr12-52005496-52006219","NR4A1",0.0948696421716867
"chr11-9729453-9730291","SWAP70",0.0948621959168761
"chr9-85743353-85744142","AGTPBP1",0.0948557775925581
"chr2-33477482-33478228","RASGRP3",0.0948424525763438
"chr12-96037177-96038095","LTA4H",0.0948384498584926
"chr1-154157490-154158360","ATP8B2",0.0948027444597833
"chr1-153357378-153358212","S100A9",0.0948000863706104
"chr3-13413873-13414778","IQSEC1",0.0947877779059669
"chr7-22549823-22550636","AC002480.2",0.094785310105426
"chr2-98654855-98655735","MGAT4A",0.0947733096688919
"chr10-71775028-71775937","PSAP",0.0947644883846294
"chr20-52031505-52032352","NFATC2",0.0947642229221468
"chr11-62444066-62444846","FTH1",0.0947571359895019
"chr10-17212640-17213504","VIM",0.0947558055246428
"chr12-32027741-32028597","DENND5B",0.0947248577455653
"chr10-22633839-22634654","PIP4K2A",0.0947122063066319
"chr2-179268158-179269088","SESTD1",0.0947121122049714
"chr17-1577035-1577871","MIR22HG",0.0947013890843119
"chr4-36278487-36279381","DTHD1",0.0946996440027377
"chr12-38904756-38905388","CPNE8",0.0946966580446036
"chr14-95725626-95726489","TCL6",0.0946769766927821
"chr3-46699621-46700518","CCR1",0.0946525002117041
"chr2-60525539-60526334","BCL11A",0.094641542893606
"chr8-26609215-26610124","DPYSL2",0.0946369800574793
"chr7-151797497-151798359","PRKAG2",0.0946337488995361
"chr15-64151350-64152082","SNX22",0.0946296541400927
"chr13-110160137-110160933","RAB20",0.0946252428996829
"chr15-38688537-38689367","RASGRP1",0.0946225147171141
"chr19-35436234-35437147","FFAR2",0.0946201062990299
"chr10-87668427-87669323","PAPSS2",0.0946087297898881
"chr11-72807732-72808286","ATG16L2",0.0946007438869167
"chr12-111248052-111248937","SH2B3",0.094591047890334
"chr17-27281691-27282516","KSR1",0.0945868253279144
"chr8-100762151-100763060","PABPC1",0.0945770615646367
"chr21-34835618-34836365","KCNE1",0.0945763894220632
"chr9-91948505-91949316","ROR2",0.0945679879725005
"chr9-136075745-136076619","NACC2",0.0945667491005215
"chr2-164991532-164992322","COBLL1",0.0945599494545456
"chr20-59145663-59146517","ZNF831",0.0945500040742307
"chr5-54646167-54647006","GZMA",0.0945422065134477
"chr12-122820489-122821410","HIP1R",0.0945403732532031
"chr3-45931913-45932818","CCR1",0.0945317760106768
"chr18-32902360-32903255","KLHL14",0.0945311688242522
"chr2-237624972-237625823","LRRFIP1",0.0945310124933266
"chr6-18501359-18502231","RNF144B",0.0945290106539458
"chr7-22709489-22710281","IL6",0.0945262805200346
"chr10-94402026-94402958","TBC1D12",0.0945065321809649
"chr6-32668046-32668961","HLA-DMA",0.0945002711011685
"chr17-44548007-44548824","GRN",0.094492863554008
"chr14-93073993-93074858","ITPK1",0.0944866278004964
"chr2-74845202-74846073","HK2",0.0944680944977249
"chrX-118698570-118699436","IL13RA1",0.0944628531987849
"chr5-10578725-10579493","ANKRD33B",0.0944605223052054
"chr2-213015526-213016420","IKZF2",0.0944543434921053
"chr19-926651-927470","ARID3A",0.0944427314693527
"chr12-8565966-8566825","LINC00937",0.0944235397825468
"chr11-117949975-117950774","CD3D",0.0944101305921575
"chr14-92724197-92725083","ITPK1",0.0943979637375737
"chr6-32774153-32775018","HLA-DQA1",0.094370058451099
"chr16-55508253-55508580","LPCAT2",0.094368024328281
"chr12-42698091-42698929","PRICKLE1",0.0943532905764678
"chr5-157431549-157432434","ADAM19",0.0943397060393081
"chr6-32636874-32637784","HLA-DOA",0.0943385493785478
"chr10-33153616-33154473","ITGB1",0.0943357731573085
"chr19-45075052-45075940","RELB",0.0943355877822984
"chr6-11727981-11728846","ADTRP",0.0943239037707949
"chr3-112297426-112298290","BTLA",0.0943232909295931
"chr17-81923365-81924155","MAFG",0.0943215086136354
"chr1-158176158-158176912","FCRL2",0.0943122922888065
"chr1-12143409-12144150","TNFRSF1B",0.0943034063119427
"chr18-45828704-45829517","PSTPIP2",0.0942980913053047
"chr6-33061712-33062617","HLA-DMB",0.0942969908100234
"chr17-5232525-5233433","NLRP1",0.0942878548605248
"chr10-72502975-72503814","MICU1",0.0942790083298096
"chr2-96145008-96145794","DUSP2",0.0942689165525942
"chr8-80054727-80055629","TPD52",0.0942676366776262
"chr19-54339429-54340233","LILRA4",0.094255149578338
"chr12-24997838-24998741","LRMP",0.0942503742451828
"chr17-55093076-55093943","HLF",0.0942294604901725
"chr1-160756083-160756985","SLAMF7",0.0942230480064183
"chr19-8208952-8209844","CERS4",0.094219428864854
"chr12-8953711-8954643","A2M",0.0942173272257192
"chr22-42439597-42440500","NFAM1",0.0942092320870544
"chr1-151941053-151941952","S100A11",0.0942070012788106
"chr7-77428636-77429490","GSAP",0.0942021385925083
"chr19-47309311-47310188","C5AR2",0.0941917072699819
"chr19-54606159-54606743","LILRB1",0.0941874136693369
"chr7-24572944-24573774","MPP6",0.0941834178264828
"chr2-212979616-212980405","IKZF2",0.0941832496272723
"chr11-72975572-72976452","ARAP1",0.0941746735395842
"chr19-37986144-37986957","SIPA1L3",0.0941743291764583
"chr7-22551568-22552458","RAPGEF5",0.0941557791696496
"chr5-136011950-136012809","TGFBI",0.0941531424748156
"chr16-84897885-84898694","KIAA0513",0.0941498748832579
"chr2-69934094-69934910","MXD1",0.0941431510199717
"chr17-78252092-78252943","TMC6",0.0941349596319174
"chr3-19348830-19349621","KCNH8",0.0941239861662498
"chr20-23125339-23126187","CD93",0.0941118730066016
"chr8-123540929-123541763","FBXO32",0.0940987615698421
"chr5-177494110-177495009","DOK3",0.0940982821510268
"chr19-1252111-1252623","MIDN",0.0940836628308022
"chr6-137698687-137699437","IFNGR1",0.0940686429130372
"chr1-23930871-23931728","CNR2",0.0940651092126707
"chr11-66611268-66612118","C11orf80",0.0940514860361286
"chr1-36119850-36120623","AGO4",0.0940346563902289
"chr1-92365472-92366346","TGFBR3",0.0940254668994577
"chr16-72927343-72928229","ZFHX3",0.0940234407480257
"chr17-72592368-72593256","LINC00511",0.0940178892612608
"chr2-43130984-43131898","ZFP36L2",0.0940089872673056
"chr17-78198678-78199600","SOCS3",0.0940063901489829
"chr11-14759309-14760138","PDE3B",0.0940004861344274
"chr2-204015154-204016031","ICOS",0.0939977089730753
"chr4-15771129-15771994","CD38",0.0939878425037304
"chr1-203764702-203765559","ATP2B4",0.0939594429194419
"chr1-6475256-6476148","TNFRSF25",0.0939576210470887
"chr17-81923365-81924155","SLC16A3",0.0939514900725683
"chr17-50716102-50716962","SPAG9",0.0939468385270654
"chr22-37279186-37280092","IL2RB",0.0938996673073673
"chr20-1946458-1947282","SIRPD",0.0938775186028871
"chr22-31286091-31286957","SFI1",0.0938769820137351
"chr18-7566755-7567612","PTPRM",0.0938735912349344
"chr4-77861774-77862302","CNOT6L",0.0938690132035469
"chr22-33057942-33058824","TIMP3",0.0938671906897201
"chr19-54662484-54663343","LILRB4",0.093858952719526
"chr2-20424551-20425471","RHOB",0.093857584190321
"chr6-35034328-35035245","ANKS1A",0.0938508101027477
"chr17-45413200-45414093","ARHGAP27",0.0938469367210057
"chr17-1590084-1590937","ABR",0.0938464958105596
"chr2-8588235-8589134","LINC00299",0.0938432426589204
"chr3-13879882-13880355","WNT7A",0.0938415985790165
"chr3-172568512-172569473","TNFSF10",0.093837178941734
"chr5-124748321-124749079","ZNF608",0.0938288289452011
"chr19-54662484-54663343","LILRB1",0.0938172967905947
"chr4-26217996-26218801","RBPJ",0.093815311922937
"chr6-32197309-32198033","HLA-DRA",0.0938130375022084
"chr2-227407414-227408321","AGFG1",0.0937777698936934
"chr10-11698832-11699710","USP6NL",0.0937626367434837
"chr21-31558810-31559716","SOD1",0.0937594693474095
"chr6-33114146-33114878","HLA-DPA1",0.0937553474787699
"chr14-103118778-103119687","TRAF3",0.0937540942434281
"chr21-44353943-44354422","TRPM2",0.0937371946088617
"chr12-93847245-93848047","PLXNC1",0.0937185023171866
"chr14-68945083-68945858","ACTN1",0.0937058753690027
"chr19-54795585-54796451","FCAR",0.0937038787783495
"chr15-101207613-101208507","CHSY1",0.093701966109193
"chr22-50308391-50309129","ODF3B",0.0936747810358555
"chr12-7935856-7936757","SLC2A3",0.0936614334233987
"chr10-114513082-114513875","ABLIM1",0.093657252903184
"chr12-92398373-92399266","LINC01619",0.0936428492864349
"chr7-43648456-43649160","STK17A",0.0936426212222866
"chr9-20361414-20362198","MLLT3",0.0936386635392914
"chr1-17617966-17618851","ARHGEF10L",0.093629319227558
"chr5-76738605-76739541","F2R",0.0936238609862736
"chr3-142275621-142276458","ATP1B3",0.0936030368947833
"chr1-202203354-202204224","LGR6",0.0935952644261883
"chr6-108560536-108561314","FOXO3",0.0935940508797269
"chrX-15676779-15677544","AP1S2",0.0935932505795853
"chr19-7472741-7473636","INSR",0.0935895652377288
"chr12-101634414-101635308","CHPT1",0.0935422706428357
"chr16-67390214-67391094","ATP6V0D1",0.0935416015516984
"chr15-41513666-41514349","LTK",0.0935269864834988
"chr10-30999075-30999906","ZNF438",0.0935215228505004
"chr22-39090283-39091173","APOBEC3G",0.0935163724354103
"chr2-8518795-8519708","LINC00299",0.0935107541199551
"chr5-9361568-9362408","SEMA5A",0.0935075049395419
"chr7-112081728-112082469","DOCK4",0.0934684985182679
"chr12-14770728-14771507","ARHGDIB",0.0934606378171531
"chr17-27281691-27282516","WSB1",0.0934526244206891
"chr2-226970946-226971729","COL4A3",0.0934494085955598
"chr22-29821018-29821929","MTMR3",0.0934348690435881
"chr1-158247888-158248711","FCRL2",0.0934309503251069
"chr1-167467207-167467929","CD247",0.0934288411311028
"chr4-26075955-26076784","RBPJ",0.0934254400160115
"chr14-54450301-54451159","GCH1",0.0934217654833598
"chr16-27113223-27114141","IL4R",0.0934178096670164
"chr7-151851070-151851917","PRKAG2",0.0934144715527271
"chr1-24486084-24486971","NIPAL3",0.093398782243702
"chr11-73047764-73048657","FCHSD2",0.0933862391679842
"chr1-157709964-157710455","FCRL1",0.0933828973549689
"chr19-54222506-54223423","LILRB3",0.093375616387754
"chr14-75221902-75222804","JDP2",0.0933745091461289
"chr15-52233161-52234074","GNB5",0.0933738445123212
"chr1-54806985-54807903","SSBP3",0.0933718137917569
"chr6-33061712-33062617","HLA-DPA1",0.0933434147001536
"chr16-10870913-10871721","CIITA",0.093342833764627
"chr16-50685181-50686062","NOD2",0.0933243089932198
"chr9-97832010-97832894","TBC1D2",0.0933161007624145
"chr1-178542266-178543195","ANGPTL1",0.0933074763396113
"chr3-48558224-48559091","PFKFB4",0.0933047593268559
"chr1-6465691-6466467","TNFRSF25",0.0933020701197672
"chr2-152611752-152612495","FMNL2",0.0932947862364754
"chr14-100711322-100712200","WARS",0.093293015781759
"chr5-157255453-157256280","ITK",0.0932890896753884
"chr14-99408633-99409480","CYP46A1",0.0932715758254043
"chr1-13713238-13714033","PRDM2",0.0932635099434383
"chr6-32627601-32628476","HLA-DOB",0.0932634391559282
"chr19-54280445-54281381","LILRB2",0.0932604511593756
"chr4-142377293-142378003","INPP4B",0.0932355939785293
"chr1-178418334-178419146","C1orf220",0.0932305778682691
"chr11-118229699-118230516","CD3D",0.0932259412071733
"chr12-131860521-131861443","ULK1",0.0932181884606624
"chr15-64089260-64090112","SNX22",0.0932088901666279
"chr13-112689537-112690429","ATP11A",0.0932082035928698
"chr14-104926264-104927171","PLD4",0.0932031026384656
"chr5-157166946-157167654","ITK",0.0932000312860355
"chr11-76855987-76856800","ACER3",0.0931588534277244
"chr8-127735813-127736546","MYC",0.0931568513920344
"chr1-182795336-182796212","GLUL",0.0931514556550019
"chr6-112027639-112028537","FYN",0.0931384956811113
"chr16-81798547-81799472","PLCG2",0.0931312775988528
"chr5-178522267-178523071","GRM6",0.0931131967461206
"chr19-41808712-41809606","POU2F2",0.0931111026606283
"chr11-73154047-73154862","FCHSD2",0.0931064848882114
"chr1-25796456-25797317","LDLRAP1",0.0930926281164065
"chr6-137866673-137867592","TNFAIP3",0.0930767350069778
"chr7-100444311-100445089","PILRA",0.0930723764577994
"chr6-33114146-33114878","HLA-DPB1",0.0930671654654495
"chr12-104671402-104672312","CHST11",0.0930607329365206
"chr16-3215032-3215933","NLRC3",0.0930588652314853
"chr11-14713548-14714465","PSMA1",0.0930543147474666
"chr19-29672784-29673665","URI1",0.0930448175214061
"chr12-96121186-96121770","LTA4H",0.0930310840305605
"chr6-11712545-11713374","TMEM170B",0.0930252130884853
"chr12-123432344-123433162","RILPL2",0.0930068196656746
"chr10-22682067-22682857","PIP4K2A",0.0929955067841895
"chr2-100811902-100812825","NPAS2",0.0929862250019342
"chr1-25642419-25643269","LDLRAP1",0.0929729035578441
"chr19-48967282-48968212","PPP1R15A",0.0929413381755962
"chr19-35346343-35347173","CD22",0.0929317165273392
"chr11-111422703-111423557","POU2AF1",0.0929218809260486
"chr9-72393755-72394643","ZFAND5",0.0929144120258571
"chr3-196220510-196221318","PIGX",0.0929057683275607
"chr11-118334520-118335395","CD3D",0.0928986360833916
"chr1-17098160-17098945","ARHGEF10L",0.0928886435695698
"chr15-52228770-52229625","GNB5",0.0928732463883477
"chr17-77666592-77667519","TMC6",0.0928638598261004
"chr5-157501867-157502772","ADAM19",0.0928611018509253
"chr12-10288766-10289668","KLRF1",0.0928261610443866
"chr1-192575220-192576122","RGS1",0.0928193658428087
"chr21-33842319-33843195","ITSN1",0.0928187703285171
"chr1-24929933-24930787","RUNX3",0.0928154563772542
"chr13-40480575-40481344","FOXO1",0.0928126912052061
"chr19-19821279-19822174","ZNF506",0.092805177885565
"chr11-114082689-114083430","ZBTB16",0.0927802997085217
"chr16-85524636-85525517","KIAA0513",0.0927731371772247
"chr10-103196931-103197770","NT5C2",0.0927605553310851
"chr21-43854863-43855760","TRPM2",0.0927564074469617
"chr10-6473446-6474288","PRKCQ-AS1",0.092751310673825
"chr6-134640681-134641602","SGK1",0.0927503746703617
"chr21-38810951-38811837","ETS2",0.0927478441964844
"chr1-231781634-231782474","DISC1",0.092739583123701
"chr4-108620021-108620930","LEF1-AS1",0.0927307592779972
"chr4-108360390-108361075","LEF1",0.0927283227195872
"chr14-35365318-35365974","NFKBIA",0.0927218035105892
"chr15-90059253-90060153","IQGAP1",0.0927205345459283
"chr1-153375253-153376131","S100A9",0.0927194145274915
"chr2-100134958-100135901","AFF3",0.0927170652516988
"chr3-19229615-19230393","KCNH8",0.092700535439843
"chr12-9606350-9607122","KLRB1",0.0926870052465237
"chr3-52313440-52314334","STAB1",0.0926681348330202
"chr3-195002827-195003689","ACAP2",0.0926667762471154
"chr9-136059704-136060607","NACC2",0.092653788202403
"chr3-191269105-191269967","CCDC50",0.0926531243576075
"chr18-13217165-13218004","LDLRAD4",0.092647772302251
"chr2-98663162-98664033","MGAT4A",0.0926465677740649
"chr9-134406983-134407881","RXRA",0.0926429986498916
"chr10-30505221-30506069","MAP3K8",0.0926381592522012
"chr11-629087-629573","SCT",0.0926339458677752
"chr22-39900593-39901491","TNRC6B",0.0926198376847427
"chr12-10389614-10390434","KLRK1",0.0926185450020012
"chr2-204026805-204027704","ICOS",0.0926124805518691
"chr18-8051996-8052875","PTPRM",0.0926035898024071
"chr17-75737865-75738764","MYO15B",0.0925873960749396
"chr9-136978036-136978961","PTGDS",0.0925825859456458
"chr12-14264517-14265396","PLBD1",0.0925817901278463
"chr1-30754547-30755359","LAPTM5",0.0925798336797173
"chr19-5947161-5948049","RFX2",0.0925735605776278
"chr10-62199404-62200294","RTKN2",0.0925713146040994
"chr17-27332494-27333394","WSB1",0.0925617528853466
"chr1-183048379-183049297","LAMC1",0.0925593703909516
"chr19-54312395-54313201","LILRB4",0.0925482865806317
"chr13-48161600-48162464","CYSLTR2",0.092541321991896
"chr2-112794024-112794634","IL1B",0.0925220998265836
"chr17-82257190-82258056","CD7",0.0925105965298589
"chr15-38129459-38130270","SPRED1",0.0924983040596723
"chr5-67003891-67004719","MAST4",0.0924961917374125
"chrX-1333947-1334736","CSF2RA",0.0924959450822436
"chr12-29428452-29429235","FAR2",0.0924854450426699
"chr2-164975586-164976435","COBLL1",0.0924723385190257
"chr12-8987373-8988178","A2M",0.0924715363848869
"chr10-470184-471099","DIP2C",0.0924574522728677
"chr21-33393988-33394879","ITSN1",0.0924543414220063
"chr1-92980945-92981826","RPL5",0.0924390637740296
"chr16-84805983-84806858","CRISPLD2",0.0924375669807908
"chr4-83569737-83570652","GPAT3",0.0924247427477445
"chr5-143262448-143262752","ARHGAP26",0.0924217257960319
"chr6-167826394-167827274","AFDN",0.0924129059962427
"chr22-46288009-46288907","TTC38",0.0924010442009583
"chr12-106955308-106956216","TMEM263",0.092398584090675
"chr11-47587636-47588550","PTPRJ",0.0923809789925095
"chr6-33080505-33081227","HLA-DRB1",0.0923668299295086
"chr11-2778417-2779352","CDKN1C",0.0923580181436505
"chr7-2737849-2738771","TTYH3",0.0923367278065142
"chr19-7159060-7159990","INSR",0.0923256933542296
"chr6-14117238-14118144","CD83",0.0923085028681473
"chr12-68036430-68037283","IFNG",0.0923060061225192
"chr12-64714288-64715183","TBK1",0.0922961526987095
"chr20-1820452-1821349","SIRPD",0.0922899039728286
"chr18-76565533-76566291","ZNF516",0.0922855300038366
"chr3-53140540-53141430","TKT",0.0922698376747792
"chr12-124727052-124727954","NCOR2",0.0922639564220243
"chr5-77864806-77865687","AP3B1",0.0922603095432756
"chr12-10410999-10411904","KLRD1",0.0922560160015924
"chr1-116504142-116505042","CD58",0.0922511230486123
"chr17-78816839-78817755","CYTH1",0.0922459557579054
"chr20-1491212-1492044","SIRPD",0.0922243124665342
"chr19-752752-753673","CFD",0.0922192322744673
"chr15-58247973-58248841","ALDH1A2",0.0922111420090826
"chr1-8970798-8971679","CA6",0.092209717165796
"chr2-7059050-7059903","RNF144A",0.0921949547952821
"chr20-31610368-31611287","HM13",0.0921814105526652
"chr5-142112345-142113211","NDFIP1",0.0921418224375524
"chr3-43256460-43257324","ABHD5",0.0920994695714536
"chr5-140602679-140603468","CD14",0.0920941918381156
"chr7-148581401-148582309","CUL1",0.0920724389152928
"chr14-75188365-75189268","FLVCR2",0.0920663139360401
"chr2-218041224-218042133","RUFY4",0.0920626796641644
"chr4-15996627-15997433","FGFBP2",0.0920590579194048
"chr11-14764902-14765787","PSMA1",0.092052110862315
"chr19-14582668-14583524","CLEC17A",0.0920394332862849
"chr16-53518534-53519385","RBL2",0.0920359543617627
"chr15-89820948-89821800","ANPEP",0.0920245056887262
"chr16-56190845-56191764","GNAO1",0.0920078946959295
"chr20-8019309-8020070","PLCB1",0.0919922949552822
"chr22-50686979-50687883","SCO2",0.0919900819959785
"chr1-221000208-221001091","MARC1",0.091967815569414
"chr5-170307342-170308254","KCNMB1",0.0919510217290411
"chr11-61079183-61080051","CD5",0.0919310339659123
"chr3-71492267-71492909","FOXP1",0.091914083714402
"chr5-150477075-150477893","CSF1R",0.0919001107714339
"chr14-92724197-92725083","SLC24A4",0.0918958692083689
"chr22-35376667-35377573","HMOX1",0.0918953588568214
"chr19-47376249-47377131","C5AR1",0.091869474361554
"chr17-35892054-35892863","CCL5",0.09184860507474
"chr17-74569322-74570226","CD300LF",0.0918464907807911
"chr1-231663019-231663888","DISC1",0.0918404857008945
"chr8-141139968-141140864","DENND3",0.091839708092881
"chr2-165149136-165150031","SCN3A",0.0918340702534942
"chr11-14768539-14769405","PDE3B",0.0918285563947913
"chr19-54804097-54804892","KIR2DL1",0.0918235973262685
"chr2-213145444-213146342","IKZF2",0.0917636524531265
"chr6-6806548-6807453","RREB1",0.0917502964793737
"chr7-42227678-42228531","GLI3",0.0917438282973714
"chr18-62571352-62572240","TNFRSF11A",0.0917422976187507
"chr14-75301485-75302380","JDP2",0.0917319124557271
"chr22-26167825-26168749","SEZ6L",0.0917054165767764
"chr1-66315375-66316120","SGIP1",0.0917049110112718
"chr12-9669252-9670111","CD69",0.0917005418072617
"chr1-157724864-157725692","FCRL5",0.091696953979721
"chr8-141208525-141209433","DENND3",0.0916960804880633
"chr15-63489981-63490754","LACTB",0.0916835223337616
"chr13-46679368-46680309","RUBCNL",0.0916803501928633
"chr19-10126031-10126948","ICAM1",0.0916682995427789
"chr3-69541935-69542838","FRMD4B",0.0916637078973181
"chr1-153790753-153791638","TPM3",0.0916571245823842
"chr4-36285893-36286806","DTHD1",0.0916497901058281
"chr6-130260656-130261187","SAMD3",0.0916335849321802
"chr7-74610074-74610965","LAT2",0.0916243077577607
"chr7-69906152-69906938","AUTS2",0.0916187614583944
"chr14-91245833-91246654","CCDC88C",0.0916084206382076
"chr3-18409976-18410793","SATB1-AS1",0.0916072274110761
"chr8-81096988-81097891","PAG1",0.0915983120317266
"chr2-168378767-168379651","STK39",0.0915869568108964
"chr10-22646059-22646950","PIP4K2A",0.0915868897551098
"chr1-27862919-27863840","IFI6",0.0915754521101216
"chr3-188186865-188187736","BCL6",0.0915712910961077
"chr2-97663656-97664539","ANKRD36B",0.0915671031407366
"chr6-30325529-30326266","HLA-A",0.0915642530277136
"chr11-6402369-6403213","APBB1",0.0915555427994261
"chr19-12782069-12782992","JUNB",0.0915288687966141
"chr6-71249982-71250849","OGFRL1",0.091528338717833
"chr2-179031604-179032460","TTN",0.0915263618457069
"chr8-11896952-11897830","CTSB",0.0915093110160576
"chr3-7760724-7761465","AC018832.1",0.09149290544234
"chr14-24670383-24671265","GZMH",0.0914540457059729
"chr4-90027259-90028158","CCSER1",0.0914433630626229
"chr20-37270278-37271186","SRC",0.0914386184016164
"chr9-133112393-133113307","SLC2A6",0.0914365600423577
"chr6-32945189-32945993","HLA-DMB",0.0914347043441719
"chr12-92030384-92031278","LINC01619",0.0914301915537838
"chr4-2412758-2413642","ZFYVE28",0.0914240012741849
"chr19-6087680-6088563","RFX2",0.0914210198230263
"chr19-45075052-45075940","CLASRP",0.0914095432061983
"chr10-104246622-104247494","ITPRIP",0.0914088829435735
"chr8-26449110-26449868","DPYSL2",0.0913918265273631
"chr8-11887042-11887881","CTSB",0.0913875396108567
"chr11-9661998-9662879","SWAP70",0.0913727626033019
"chr17-2792581-2793408","RAP1GAP2",0.091362403783493
"chr19-54630095-54630964","LILRB4",0.0913610410151216
"chr11-73461728-73462641","FAM168A",0.0913545038512206
"chr5-80183069-80183839","SERINC5",0.0913389791737959
"chr10-88792419-88793297","IFIT2",0.0913311653966743
"chr15-58146683-58147594","ALDH1A2",0.0913297499497644
"chr9-133786101-133786959","VAV2",0.0913149379904417
"chr14-92417562-92418444","SLC24A4",0.0913126822370312
"chr11-14698534-14699429","PDE3B",0.0913110719864521
"chr17-36148727-36149594","CCL5",0.0912989217379649
"chr16-74563457-74564358","MLKL",0.0912970048481789
"chr16-57589132-57589863","ADGRG5",0.0912958423391191
"chr5-150121885-150122771","PPARGC1B",0.0912888706607717
"chr22-31230469-31231178","LIMK2",0.0912870099890855
"chr3-66480577-66481408","LRIG1",0.0912735765313613
"chr14-91873222-91874080","CATSPERB",0.091266099010304
"chr11-34308994-34309848","LMO2",0.0912585796075402
"chr15-89776185-89777102","ZNF710",0.091256753542021
"chr2-223835731-223836549","AP1S3",0.0912542955683972
"chr20-32068571-32069491","TM9SF4",0.0912467406713348
"chr11-117824667-117825507","JAML",0.0912451310176252
"chr9-91949850-91950767","ROR2",0.0912183577032544
"chr10-48604649-48605416","WDFY4",0.0912137197133279
"chr22-21762915-21763799","YPEL1",0.09121302436895
"chr16-85061321-85062202","KIAA0513",0.0911962651027263
"chr12-8466192-8466900","LINC00937",0.0911869991053473
"chr12-47216049-47216835","PCED1B-AS1",0.0911780326120429
"chr6-111837601-111838244","FYN",0.091176872609279
"chr5-157233357-157234192","CYFIP2",0.0911600353397762
"chr14-54900539-54901285","GCH1",0.091151683158183
"chr1-212671055-212671938","RPS6KC1",0.0911439704280118
"chr11-65150470-65151365","EHBP1L1",0.091141488510521
"chr2-165203600-165204484","COBLL1",0.0911363740182594
"chr20-37357186-37358094","SAMHD1",0.0911278663140047
"chr2-38594487-38595349","HNRNPLL",0.0911261556016585
"chr4-1201823-1202475","SPON2",0.0911059788638238
"chr5-170404169-170405061","KCNMB1",0.0911027525111746
"chr4-185203565-185204451","SNX25",0.0910741957398508
"chr9-113187813-113188747","SLC31A1",0.09106800997564
"chr20-19928096-19928985","RIN2",0.091060652306178
"chr3-66302043-66302926","LRIG1",0.0910495813880472
"chr1-158246455-158247270","FCRL2",0.0910403832616668
"chr19-17109754-17110652","MYO9B",0.0910308077275452
"chr6-37005306-37006047","CPNE5",0.0910119408484365
"chr2-218381671-218382577","RUFY4",0.0910049923741023
"chr5-56050571-56051461","IL6ST",0.090992872125811
"chr12-112887300-112888199","OAS1",0.0909885870020545
"chr19-51799031-51799942","FPR1",0.0909789675394581
"chr6-6331105-6331927","LY86",0.0909754894193938
"chr12-39619596-39620466","ABCD2",0.0909741139754307
"chr14-55303577-55304473","FBXO34",0.0909614595215045
"chr19-54803174-54803941","LAIR2",0.0909577124857274
"chr12-89352130-89352979","ATP2B1",0.0909566604357551
"chr11-118241236-118242023","CD3D",0.0909466113073697
"chr2-65064682-65065623","RAB1A",0.0909347256204813
"chr2-164866149-164867059","SLC38A11",0.0909260211167587
"chr1-220219730-220220599","MARK1",0.0909048719671565
"chr11-134411990-134412842","B3GAT1",0.090894425194166
"chr22-46403575-46404476","TTC38",0.0908812303329892
"chr7-111083159-111084063","IMMP2L",0.0908790649860863
"chr2-203986930-203987762","ICOS",0.0908633067305067
"chr17-63476562-63477498","ACE",0.0908463396652766
"chrX-70030200-70031031","EDA",0.0908363195755672
"chr12-108723149-108723941","CORO1C",0.0908208045452981
"chr14-70941336-70942233","PCNX1",0.0907992838133953
"chr18-23828219-23829105","TTC39C",0.0907854903665318
"chr12-10385031-10385912","KLRK1",0.0907803352735031
"chr22-44068392-44069259","PARVG",0.0907767457308753
"chr12-49222247-49223138","TUBA1A",0.0907741161202395
"chr1-109371122-109371927","SORT1",0.090759308173484
"chr1-156103845-156104693","LMNA",0.0907572520696557
"chr18-72869532-72870239","NETO1",0.0907484028447312
"chr12-106112902-106113719","NUAK1",0.09074580631928
"chr3-160980936-160981783","PPM1L",0.090744001136704
"chr5-157598215-157598881","ADAM19",0.0907410047601236
"chr12-113421813-113422702","OAS3",0.0907282814304929
"chr20-31610368-31611287","TM9SF4",0.0907134243997382
"chr22-44492987-44493852","PRR5",0.0906862034032668
"chr17-7579041-7579956","TNFSF13",0.0906818200243239
"chr15-90191577-90192385","SEMA4B",0.0906807612061716
"chr2-164762437-164763199","COBLL1",0.0906716684610757
"chr19-54247696-54248604","LILRB4",0.0906612013224109
"chr15-99473890-99474792","MEF2A",0.0906367401415743
"chr2-69917806-69918487","MXD1",0.0906278682942997
"chr10-17511157-17511995","ST8SIA6",0.0906110077103181
"chr5-76402540-76403418","IQGAP2",0.0906071719932053
"chr10-13301847-13302764","OPTN",0.090602638848286
"chr1-168520051-168520931","XCL1",0.090596382974842
"chr14-93527040-93527953","ITPK1",0.0905830563232989
"chr6-32943981-32944807","HLA-DOB",0.0905793921272618
"chr3-112539631-112540478","BTLA",0.0905700412862038
"chr1-222732320-222733183","FAM177B",0.0905565671911484
"chr19-2168320-2168610","MOB3A",0.090537268643775
"chr5-159049762-159050580","EBF1",0.0905365078982391
"chr19-53823952-53824843","VSTM1",0.0905346830585736
"chr1-157709185-157709852","FCRL3",0.0905318523201556
"chr12-121450365-121451202","CAMKK2",0.0905271313285383
"chr17-82119976-82120823","CD7",0.0904951885843487
"chr16-68782030-68782944","SMPD3",0.0904836453412234
"chr2-60447512-60448140","BCL11A",0.0904831489477635
"chr5-76468814-76469575","S100Z",0.0904800433684102
"chr6-32609576-32610482","HLA-DOB",0.0904775210593672
"chr10-89235127-89236013","ANKRD22",0.0904742163846785
"chr5-758905-759737","ZDHHC11B",0.0904633619047137
"chr6-148746316-148747175","UST",0.0904624176473142
"chr7-50321404-50322321","IKZF1",0.0904584855268879
"chr14-23160905-23161796","SLC7A7",0.0904507840957206
"chr3-125145821-125146668","OSBPL11",0.0904382823426698
"chr5-56148282-56149125","ANKRD55",0.0904305643278503
"chr2-191049575-191050447","STAT4",0.0904204208530776
"chr3-171828733-171829633","PLD1",0.0904198434950579
"chr7-5679863-5680763","TNRC18",0.0904119594230323
"chr11-47394463-47395348","SPI1",0.0904092489889558
"chr21-46424384-46424904","DIP2A",0.0903870447303186
"chr1-157709185-157709852","FCRL5",0.090383654963959
"chr9-72396439-72397321","ZFAND5",0.0903832136300236
"chr14-68495065-68495941","ACTN1",0.090382993554603
"chr2-203706138-203707029","ICOS",0.0903637908724057
"chr17-38727990-38728829","MLLT6",0.0903598527383146
"chr16-23516485-23517365","GGA2",0.0903501372788765
"chr8-47525989-47526822","SPIDR",0.0903238335476172
"chr12-9707841-9708681","CLEC2D",0.0903137932274386
"chr10-104935372-104936259","SORCS3",0.0903129878852476
"chr7-77570042-77570868","FGL2",0.0902940689294298
"chr6-29708508-29709441","HLA-A",0.0902865133910666
"chr9-133822231-133822994","VAV2",0.0902828175482204
"chr16-73047714-73048643","ZFHX3",0.0902774401786417
"chr1-25474435-25475270","MAN1C1",0.090274005021874
"chr3-52498453-52499276","STAB1",0.0902640641155589
"chr4-85448970-85449807","ARHGAP24",0.0902631564975846
"chr22-29799007-29799913","MTMR3",0.0902551144980284
"chr21-14481907-14482804","SAMSN1",0.0902544722037061
"chr7-111013049-111013925","LRRN3",0.0902428069002898
"chr11-118241236-118242023","CD3G",0.090234580941234
"chr6-33009132-33010016","HLA-DPB1",0.0902332668101606
"chr12-14567297-14568208","PLBD1",0.0902312194372954
"chr5-1373820-1374705","LPCAT1",0.0902120753316005
"chr19-54572416-54573211","LILRA5",0.0902085784813534
"chr10-89888524-89889330","LINC01375",0.0902066035575681
"chr17-81049830-81050701","BAHCC1",0.0901955239736826
"chr2-8277640-8278504","LINC00299",0.090194098751339
"chr12-110256457-110257364","GIT2",0.0901903226027021
"chr3-52779169-52780097","PRKCD",0.0901874311952852
"chr1-17629740-17630644","PADI4",0.0901859931344745
"chr4-158535048-158535952","FNIP2",0.0901729135789777
"chr7-36191807-36192717","EEPD1",0.0901710899025927
"chr2-37635271-37636176","CDC42EP3",0.090154868648892
"chr12-8156593-8157479","CLEC4E",0.0901547310494234
"chr12-120011964-120012844","RPLP0",0.0901369991652033
"chr18-12317533-12318378","TUBB6",0.0901236437651183
"chr19-31304786-31305676","TSHZ3",0.0901129793167927
"chr19-54532300-54533182","NCR1",0.0901117174637922
"chr19-54572416-54573211","MBOAT7",0.0901051183485242
"chr4-169293189-169294022","SH3RF1",0.090104336556854
"chr17-40130384-40131285","RARA",0.0900978446556077
"chr11-129950409-129951111","APLP2",0.090083433360097
"chr6-157764120-157765031","SNX9",0.0900814660652326
"chr11-118338370-118339256","KMT2A",0.0900686849125297
"chr2-74874743-74875571","HK2",0.0900675346261077
"chr2-108590910-108591818","LIMS1",0.090049421815728
"chr10-6192115-6193026","PFKFB3",0.0900476670622813
"chr15-28109888-28110758","OCA2",0.0900440311547823
"chr2-8310416-8311272","LINC00299",0.0900433621749156
"chr17-82216336-82217195","SLC16A3",0.0900327863381892
"chr3-48465558-48466466","PFKFB4",0.090022690590799
"chr4-38075201-38076076","TBC1D1",0.0900175011111033
"chr12-121214609-121215374","CAMKK2",0.0899817019930501
"chr15-58146683-58147594","AQP9",0.0899796777972495
"chr19-38004289-38005162","SIPA1L3",0.0899734586570918
"chr13-109655230-109655932","IRS2",0.0899529176347808
"chr5-139637269-139638088","CXXC5",0.0899396530006116
"chr6-111764122-111764975","FYN",0.0899371025292368
"chr13-99307106-99307913","GPR183",0.0899287838125416
"chr1-202295353-202296225","LGR6",0.0899285241773233
"chr18-54828063-54828897","RAB27B",0.0899267067873908
"chr6-32439352-32440271","HLA-DOB",0.0899124602303277
"chr16-81519441-81520237","CMIP",0.0899026050728578
"chr5-56102020-56102867","ANKRD55",0.0898984485750815
"chr16-46658655-46659562","VPS35",0.0898945085796218
"chr1-20603309-20604166","CDA",0.0898889343038345
"chr2-65064682-65065623","ACTR2",0.0898868734724944
"chr9-37187375-37188251","ZCCHC7",0.0898816366055159
"chr14-75298689-75299548","FLVCR2",0.0898722544165801
"chr11-45929757-45930666","LARGE2",0.0898715680994894
"chr21-46559158-46560084","DIP2A",0.0898690502681857
"chr1-151904877-151905730","THEM4",0.0898633480348506
"chr12-8572250-8573164","CLEC4E",0.0898504085154816
"chr17-73482000-73482811","SDK2",0.0898414257224106
"chr2-112784166-112785010","IL1B",0.0898353377524128
"chr1-158113165-158114048","FCRL3",0.0898313089000936
"chr9-133855611-133856550","VAV2",0.0898296777876081
"chr6-10597800-10598644","GCNT2",0.0898251585042356
"chr20-40493968-40494823","MAFB",0.0898250764885919
"chr8-124611835-124612663","MTSS1",0.0898114788278216
"chr8-9091958-9092857","CLDN23",0.0897930062789351
"chr17-45329270-45330175","FMNL1",0.0897838358235691
"chr19-35430707-35431640","TYROBP",0.089774428248702
"chr20-63873173-63874060","DNAJC5",0.0897557190162703
"chrX-118717589-118718470","IL13RA1",0.0897532247044428
"chr1-999914-1000463","HES4",0.0897433760798142
"chr11-14331272-14332143","RRAS2",0.0897396407919748
"chr6-134372720-134373887","SGK1",0.089734337207391
"chr4-141294076-141294952","IL15",0.0897202512126633
"chr7-36118974-36119869","EEPD1",0.0897006968953125
"chr17-1607069-1607996","MIR22HG",0.0896895806783215
"chr2-47002324-47003234","CALM2",0.0896810629869844
"chr11-59101995-59102873","GLYATL1",0.0896792859164405
"chr13-48791531-48792418","RCBTB2",0.0896791317328446
"chr2-213065867-213066784","IKZF2",0.0896691979593268
"chr10-62383799-62384693","ZNF365",0.0896474194379607
"chr20-53216779-53217641","TSHZ2",0.0896391209917095
"chr7-18086285-18087187","HDAC9",0.0896379418231413
"chr11-57499271-57500178","CTNND1",0.0896178778919762
"chr1-92962292-92963079","RPL5",0.089615646509737
"chr19-18180691-18181578","LRRC25",0.0896058520020456
"chr2-28447928-28448835","FOSL2",0.0895811535784054
"chr11-102316955-102317873","BIRC3",0.0895614649268607
"chr10-89122423-89123164","ANKRD22",0.0895555421113266
"chr19-18478608-18479467","LRRC25",0.0895484099502374
"chr17-3557389-3558110","P2RX5",0.0895016477895026
"chr20-63686404-63687308","DNAJC5",0.0894982671151978
"chr8-26449110-26449868","BNIP3L",0.089493622634663
"chr17-75301529-75302315","GRB2",0.0894860093316048
"chr11-60077088-60077828","MS4A6A",0.0894832527118192
"chr6-32197309-32198033","HLA-DRB1",0.0894810778294125
"chr17-1577035-1577871","PITPNA",0.0894690467459794
"chr1-168509949-168510796","XCL2",0.0894654055164323
"chr1-154790973-154791830","ATP8B2",0.0894416887117206
"chr1-17119149-17120014","ARHGEF10L",0.0894414821618813
"chrX-46952834-46953605","SLC9A7",0.0894379698270075
"chr8-38279160-38279988","PLPP5",0.0894351601341252
"chr20-23115630-23116440","CD93",0.0894341886219997
"chr11-36377071-36377976","PRR5L",0.089426522539158
"chr10-7484217-7485095","SFMBT2",0.0894257774156989
"chr10-12742529-12743380","CAMK1D",0.0894175487676481
"chr15-90863100-90863949","IQGAP1",0.0893963827496559
"chr2-106095549-106096406","UXS1",0.0893959171541054
"chr14-94387305-94388057","SERPINA1",0.0893953757325295
"chr16-27367463-27368383","IL21R",0.0893883719602522
"chr1-157697713-157698239","FCRL3",0.08937998481988
"chr20-1894092-1894983","SIRPB2",0.0893786322940748
"chr5-170312446-170313261","LCP2",0.0893482321743496
"chr1-206790200-206790989","FCMR",0.0893454364933586
"chr16-31253393-31254295","ITGAM",0.0893396618314459
"chr10-30542179-30543101","ZNF438",0.0893279020713193
"chr22-30212412-30213299","MTMR3",0.0893239778635027
"chr19-6273490-6274402","RFX2",0.0893148363561335
"chr3-196170569-196171445","PIGX",0.0893122316436166
"chr12-10498981-10499859","KLRK1",0.0893036094882042
"chr6-159958970-159959748","SOD2",0.0892863198013469
"chr19-54660160-54660841","LILRB3",0.0892580594181668
"chr1-156151106-156151847","SEMA4A",0.0892439092609644
"chr18-48715668-48716532","CTIF",0.0892422805403856
"chr16-81778872-81779712","PLCG2",0.0892382335966246
"chr1-161214803-161215599","FCGR2A",0.0892260088224243
"chr2-74740487-74741349","HK2",0.0892106829629535
"chr12-124852093-124852944","NCOR2",0.0891941393109361
"chr10-90046995-90047925","LINC01375",0.0891704131060093
"chr16-21652315-21653168","IGSF6",0.0891688311127255
"chr20-49764844-49765742","CEBPB",0.0891644557083797
"chr1-27625911-27626730","STX12",0.089156969410124
"chr12-10128412-10129279","GABARAPL1",0.0891431571975469
"chr3-101848975-101849880","NFKBIZ",0.0891334755336545
"chr18-24001295-24002011","TTC39C",0.0891302585428151
"chr5-76542765-76543679","IQGAP2",0.0891140478091456
"chr18-5542596-5543390","EPB41L3",0.0891078852796392
"chr6-137239932-137240834","MAP3K5",0.0891077983733992
"chr12-51851433-51852295","NR4A1",0.0890423276484148
"chr15-25859578-25860352","ATP10A",0.0890378854670587
"chr20-26208571-26209488","MIR663AHG",0.0890304765541632
"chr8-118621620-118622504","SAMD12",0.0890220181267181
"chr1-242783847-242784752","PLD5",0.0890117556544676
"chr3-194942735-194943620","ACAP2",0.0889881686221153
"chr18-63887116-63887926","SERPINB2",0.0889853701571725
"chr3-42066181-42066924","TRAK1",0.0889730854761631
"chr17-49763869-49764726","FAM117A",0.0889724648775282
"chr3-14371535-14372426","SLC6A6",0.0889619554184967
"chr4-77854274-77855091","CNOT6L",0.0889526046187727
"chr7-101990694-101991599","ORAI2",0.0889477403845761
"chr9-33029006-33029904","DNAJA1",0.0889409730693647
"chr1-64550258-64551141","CACHD1",0.0889387542683782
"chr10-33143166-33143983","ITGB1",0.0889189315917962
"chr19-19817056-19817969","ZNF101",0.0889183241327502
"chr2-8455757-8456577","LINC00299",0.0889020942280793
"chr11-93497282-93498175","SMCO4",0.0888905822148498
"chr9-79583741-79584575","TLE4",0.0888861939021908
"chr7-139094972-139095851","ZC3HAV1",0.0888831216726351
"chrX-107712258-107713206","TSC22D3",0.0888817318056017
"chr21-39348833-39349733","HMGN1",0.088881252007474
"chr1-182677153-182677989","LAMC1",0.088879468223448
"chr2-164835330-164835766","COBLL1",0.0888607703998907
"chr7-69493736-69494617","AUTS2",0.088851952621848
"chr1-117605455-117606362","MAN1A2",0.0888407847510681
"chr6-132378453-132379358","STX7",0.0888345806370791
"chr2-65435951-65436842","ACTR2",0.0888331894976909
"chr19-53823952-53824843","LILRA5",0.0888250246130604
"chr19-38693552-38694407","ACTN4",0.088812645877826
"chr11-47390790-47391680","CELF1",0.0888113043145868
"chr3-53748580-53749395","TKT",0.0888096227407982
"chr17-74567164-74568012","CD300E",0.0888001756922016
"chr16-68382072-68382950","SMPD3",0.0887887909934085
"chr19-16330227-16331065","KLF2",0.0887798688743976
"chr20-4082359-4083274","RNF24",0.0887792582123879
"chr13-48194092-48194872","RB1",0.0887708522822914
"chr9-131627746-131628647","RAPGEF1",0.0887540314840397
"chr18-69896279-69896864","CD226",0.0887509359255025
"chr20-59174749-59175641","ZNF831",0.0887424830086637
"chr2-84652172-84653059","DNAH6",0.0887371647214575
"chr5-128537905-128538608","FBN2",0.0887294747115245
"chr1-89556818-89557729","LRRC8D",0.0887288849007885
"chr5-56100249-56101136","IL6ST",0.0887188056158359
"chr22-40177411-40178272","TNRC6B",0.0887160146718552
"chr17-7114628-7115534","XAF1",0.0886866516553627
"chr19-10346337-10347201","ICAM1",0.088680420987307
"chr2-221520133-221521037","EPHA4",0.0886635252473885
"chr1-212634870-212635734","RPS6KC1",0.0886609439460769
"chr9-79611044-79611928","TLE4",0.0886553892834274
"chr2-113124231-113124951","IL1B",0.0886547699971856
"chr2-30163039-30163793","YPEL5",0.0886524340771042
"chr17-45494296-45495171","ARHGAP27",0.0886404641779684
"chr20-57709688-57710525","PMEPA1",0.0886206787683799
"chr17-64390624-64391013","PECAM1",0.0886201032745754
"chr12-10027460-10028345","GABARAPL1",0.0886187849410383
"chr15-29101920-29102666","APBA2",0.0886170101054739
"chr6-132713549-132714408","VNN3",0.0886074470931254
"chr2-55136888-55137636","CCDC88A",0.0886066964127456
"chr12-9642586-9643426","KLRF1",0.0886061902946847
"chr19-18224186-18225043","IFI30",0.0886035741363296
"chr13-48660332-48661205","RB1",0.0885976304777024
"chr22-38946983-38947889","APOBEC3A",0.0885953957418121
"chr11-560415-561314","SIGIRR",0.0885857613354142
"chr22-45158692-45159586","KIAA0930",0.0885796834316554
"chr4-101699308-101700183","PPP3CA",0.0885593943585052
"chr15-99509914-99510624","MEF2A",0.0885593008675665
"chrX-13428327-13429132","LINC01203",0.0885427158989574
"chr11-9001512-9002380","DENND5A",0.0885423330830532
"chr4-109648329-109649236","MCUB",0.0885342567738264
"chr4-15254222-15255129","BST1",0.0885323253702483
"chr4-15689553-15690358","BST1",0.0885191683010625
"chr14-95495266-95496178","TCL1A",0.0885171505472459
"chr2-133265208-133266040","NCKAP5",0.088501852749101
"chr5-175690810-175691669","HRH2",0.0885016502523525
"chr8-130466137-130466904","ASAP1",0.0884972099301229
"chr16-85903474-85904250","IRF8",0.0884933421706643
"chr2-159615211-159616125","BAZ2B",0.0884852761519258
"chr19-54670655-54671583","LILRB1",0.0884692237499148
"chr11-118334520-118335395","CD3E",0.0884640896499171
"chr3-112499037-112499838","CD200",0.0884628726902126
"chr17-19398196-19399074","ULK2",0.0884619086683916
"chr16-12530224-12530712","CPPED1",0.0884461765604284
"chr5-136028604-136029434","TGFBI",0.0884424848388517
"chr2-112793355-112793916","IL1B",0.088428236989036
"chr15-89782111-89782876","ZNF710",0.0884229984424546
"chr9-37100491-37101406","ZCCHC7",0.0884192709642731
"chr5-140324416-140325253","CD14",0.0884035270325895
"chr20-23637533-23638362","CST3",0.0883851115502729
"chr3-122077269-122078131","EAF2",0.0883611973404669
"chr19-19597681-19598466","PBX4",0.0883577982620454
"chr11-44609023-44609929","CD82",0.0883412798905879
"chr6-11709904-11710787","ADTRP",0.0883348012042987
"chr5-149805633-149806509","CSF1R",0.08833123602094
"chr21-32412083-32412909","EVA1C",0.0883227437256774
"chr20-50271826-50272642","CEBPB",0.0883215211417001
"chr17-39774953-39775654","IKZF3",0.0883096403505943
"chr6-29708508-29709441","HLA-F",0.0883080707842542
"chr12-9027114-9027893","KLRG1",0.0882808492697622
"chr11-33930170-33931010","LMO2",0.0882517611955371
"chr18-808125-808954","YES1",0.0882355256601129
"chr1-17307938-17308582","ARHGEF10L",0.0882240225565588
"chr10-11535160-11536001","USP6NL",0.0882170735347306
"chr17-74238975-74239872","CD300LF",0.0882117404211125
"chr19-4812765-4813626","KDM4B",0.0882114718449249
"chr11-128411554-128412391","ETS1",0.0882005756507061
"chr5-139635756-139636654","MZB1",0.0881983261365548
"chr4-15756094-15756996","FGFBP2",0.0881842775438559
"chr11-118216996-118217800","CD3G",0.0881819092123315
"chr2-218370283-218371165","RUFY4",0.0881795198137474
"chr17-81837386-81838290","SLC16A3",0.0881754778010622
"chr6-159716424-159717270","SOD2",0.088175301518953
"chr5-178120687-178121581","FAM153A",0.0881680284307075
"chr3-186095332-186096273","DGKG",0.0881671414175525
"chr3-46191520-46192366","CCR1",0.0881527381414481
"chr1-24534772-24535666","NIPAL3",0.0881428613803426
"chr5-124825281-124826163","ZNF608",0.0881249993801503
"chr4-15702697-15703603","FBXL5",0.0881244229579519
"chr10-79419599-79420503","ZMIZ1",0.0881182556170724
"chr2-159562002-159562843","BAZ2B",0.0881077017835791
"chr2-8487882-8488745","LINC00299",0.088104087079644
"chr6-111750851-111751769","FYN",0.0880986948140989
"chr6-32604395-32604778","HLA-DMA",0.0880890432429277
"chr19-1901653-1902407","MOB3A",0.0880785785019672
"chr6-134437007-134437951","SGK1",0.0880715551089399
"chr3-149816739-149817643","ANKUB1",0.0880714483518917
"chr3-186108779-186109697","DGKG",0.0880672878949917
"chr2-8408645-8409535","LINC00299",0.0880576330405348
"chr12-6138579-6139484","LTBR",0.0880460668782477
"chr19-54643793-54644548","LILRB4",0.0880453302812104
"chr1-24483210-24484015","RCAN3",0.0880447564014786
"chr19-51430834-51431714","FPR1",0.0880357985881726
"chr19-38048321-38048819","SIPA1L3",0.0880322096208411
"chr2-10544060-10544967","RRM2",0.0880302507925993
"chr4-85712712-85713460","ARHGAP24",0.0880281616152683
"chr1-116508700-116509586","CD58",0.0879817492799912
"chr17-47740984-47741893","TBX21",0.087959708105947
"chr14-61381048-61381471","PRKCH",0.0879536632464319
"chr19-1154812-1155678","CFD",0.0879317640243401
"chr3-58355952-58356761","DNASE1L3",0.0879215444581232
"chr11-129930418-129931269","APLP2",0.087916509676834
"chr19-49500598-49501497","CD37",0.0879145745969954
"chr15-90566186-90567070","FES",0.0879103861323418
"chr19-47324198-47325099","C5AR2",0.0878936399385574
"chr3-20103974-20104854","KAT2B",0.0878884303879563
"chr1-169694176-169695000","SELL",0.0878874012450353
"chr1-111203905-111204709","DENND2D",0.0878853864826178
"chr15-38005851-38006705","SPRED1",0.0878526510816007
"chr21-29247866-29248776","BACH1",0.0878458895833577
"chr3-53137543-53138380","PRKCD",0.0878406814385679
"chr6-41723207-41724114","TFEB",0.0878349177908326
"chr16-68210731-68211595","SLC7A6",0.0878335958156242
"chr21-38751319-38752241","ETS2",0.0878266660909121
"chr6-7260871-7261767","RREB1",0.0878262607114671
"chr9-135926599-135927490","NACC2",0.0878103843267501
"chr14-22556140-22556919","DAD1",0.0878048502632919
"chr17-35285862-35286768","PEX12",0.0878033226695595
"chr17-78789314-78790240","CYTH1",0.0878008348670365
"chr4-73619982-73620890","RASSF6",0.0877948406175034
"chr3-56593256-56594136","ARHGEF3",0.0877863327847127
"chr19-1344527-1345422","TCF3",0.0877861124984326
"chr10-116947875-116948649","SHTN1",0.0877604572567383
"chr17-35529585-35530427","SLFN12L",0.0877469435003311
"chr4-3484417-3484948","DOK7",0.0877461459497269
"chr3-197663-198464","LINC01266",0.0877320913737091
"chr12-123120460-123121272","PITPNM2",0.0877159362155703
"chr20-23025285-23026184","CD93",0.0877013855347249
"chr12-8466192-8466900","CLEC4E",0.0876973230881151
"chr12-110668846-110669753","HVCN1",0.0876949956271183
"chr6-138107009-138107933","PERP",0.0876868845977194
"chr5-75053273-75054077","GCNT4",0.0876864181947963
"chr21-46531796-46532696","PRMT2",0.0876825576298007
"chr7-43586319-43586696","STK17A",0.0876699210596023
"chr16-85990582-85991465","C16orf74",0.0876645646625899
"chr17-66254928-66255686","PRKCA",0.087644478292631
"chr2-37828915-37829815","CDC42EP3",0.0876404342451708
"chr2-60498225-60499157","BCL11A",0.0876404253209483
"chr9-135969040-135969935","NACC2",0.0876296716936119
"chr6-159126801-159127704","EZR",0.087617984444639
"chr12-123131702-123132580","PITPNM2",0.0876155203059453
"chr22-46587356-46588176","TBC1D22A",0.0876142605784554
"chr16-2905259-2906196","MEFV",0.0876064085727317
"chr2-8277640-8278504","U91324.1",0.0876014773237277
"chr6-137877872-137878681","TNFAIP3",0.0876014255452786
"chr16-11311134-11311972","CIITA",0.0876000517841499
"chrX-13055365-13056224","LINC01203",0.0875954056634591
"chr10-11448191-11449087","USP6NL",0.0875843155191409
"chr17-2396521-2397422","RAP1GAP2",0.0875834974868602
"chr22-21766830-21767717","YPEL1",0.0875822233307741
"chr1-156552682-156553582","LMNA",0.0875792034549056
"chr2-60556990-60557799","BCL11A",0.0875729807812244
"chr15-38683357-38684194","RASGRP1",0.0875621020472244
"chr19-18486145-18487047","IFI30",0.0875616952784569
"chr3-32238215-32239137","CMTM8",0.0875438827496913
"chr17-45329270-45330175","ARHGAP27",0.0875287192917546
"chr19-41887289-41888223","ARHGEF1",0.0875262656341446
"chr7-22677405-22678298","STEAP1B",0.0875254955336142
"chr17-60161811-60162680","USP32",0.0875199447201205
"chr11-35943626-35944515","LDLRAD3",0.0875154084217033
"chr20-3712227-3713115","RNF24",0.0875036683852001
"chr4-156971432-156972343","PDGFC",0.0874976575611958
"chr1-153357378-153358212","S100A8",0.0874952054178896
"chr17-40561761-40562556","CCR7",0.0874877394699206
"chr15-90063558-90064436","IQGAP1",0.0874811063303687
"chr14-95185278-95186080","CLMN",0.0874633228284175
"chr5-157551842-157552683","ADAM19",0.0874630800201644
"chr20-23159145-23159975","CST3",0.0874611377280937
"chr5-56669718-56670589","MAP3K1",0.0874404920442247
"chr6-11522741-11523575","TMEM170B",0.0874391643810326
"chr1-211606617-211607518","LPGAT1",0.0874324395613526
"chr3-12681630-12682522","RAF1",0.0874225434497485
"chr11-36352623-36353511","PRR5L",0.087409386183701
"chr19-8193747-8194650","FCER2",0.0873962779173914
"chr8-12766385-12767240","LONRF1",0.0873936644436064
"chr22-42994882-42995793","PACSIN2",0.0873934634685425
"chr18-21163614-21164512","ROCK1",0.0873931785677928
"chr9-33226695-33227619","DNAJA1",0.0873900967063237
"chr2-8049982-8050828","LINC00299",0.0873897905062776
"chr3-105853780-105854689","ALCAM",0.0873642422955686
"chr19-7674025-7674925","STXBP2",0.0873613095741466
"chr2-204108082-204108944","CD28",0.0873493548624635
"chr1-53014494-53015380","ECHDC2",0.0873438156949407
"chr15-38017454-38018339","SPRED1",0.0873408591572253
"chr17-75737865-75738764","H3F3B",0.0873355795085822
"chr8-23574084-23574969","SLC25A37",0.0873300565337848
"chr5-55534484-55535334","PLPP1",0.08731680842445
"chr17-19521227-19522061","SPECC1",0.087314883660773
"chr19-54654755-54655536","LILRB4",0.0873146964844083
"chr1-182143986-182144886","GLUL",0.0872984733658314
"chr19-859131-859923","ARID3A",0.0872909337440153
"chr10-72248398-72249178","ANAPC16",0.0872857434759482
"chr13-110161135-110161912","RAB20",0.087276332039403
"chr10-33086965-33087820","ITGB1",0.0872759007596896
"chr22-45263248-45264140","KIAA0930",0.0872704079296286
"chr12-106138632-106139436","NUAK1",0.0872512806268342
"chr6-34465537-34466410","PACSIN1",0.0872301022450834
"chr2-134180970-134181874","MGAT5",0.0872188493240072
"chr7-75856280-75857196","HIP1",0.0872164602063842
"chr15-68008919-68009816","PIAS1",0.0872107752253963
"chr11-76670672-76671517","ACER3",0.0872047295677711
"chr17-69326778-69327694","ABCA5",0.0871870419291132
"chr18-44548412-44549219","LINC01478",0.087180174469145
"chr2-218130280-218131071","CXCR1",0.0871749200068713
"chr1-91548335-91548696","TGFBR3",0.0871635345099284
"chr19-10653640-10654534","SLC44A2",0.087153421288226
"chr6-32943981-32944807","HLA-DMB",0.0871496691296401
"chr7-87933744-87934663","ABCB1",0.0871465153273552
"chr7-2647339-2648246","TTYH3",0.0871346188051033
"chr5-56412694-56413552","MAP3K1",0.0871192619942863
"chr2-47034079-47034873","CALM2",0.0871185415241103
"chr6-148758185-148759065","UST",0.0871164846160886
"chr1-154784707-154785625","PBXIP1",0.087067195565118
"chr15-50065958-50066856","ATP8B4",0.0870637782159341
"chr18-48896577-48897486","CTIF",0.0870604962997715
"chr1-1207997-1208632","TNFRSF4",0.0870518973844707
"chr2-9168786-9169261","ASAP2",0.0870515744962568
"chr17-36188683-36189548","CCL4",0.087036071681563
"chr2-227370486-227371372","AGFG1",0.087035961398177
"chr1-156552682-156553582","SEMA4A",0.0870352304523895
"chr3-4474569-4475424","SUMF1",0.0870334741786882
"chr11-118010668-118011531","JAML",0.0870244964045288
"chr19-47324198-47325099","DHX34",0.0870166110572979
"chr19-41363609-41364545","CEACAM21",0.0870094582563632
"chr5-129904077-129904951","CHSY3",0.0869989395959011
"chr6-33029148-33030010","HLA-DOA",0.0869838945139237
"chr16-84911324-84912213","KIAA0513",0.0869795898442969
"chr9-33043910-33044813","DNAJA1",0.0869673771469786
"chr2-112839189-112840095","SLC20A1",0.0869383018642662
"chr12-44843476-44844295","NELL2",0.0869154041755113
"chr1-15411441-15412297","EFHD2",0.0869145801961707
"chr16-1152480-1153317","LMF1",0.086897582586599
"chr8-41797356-41798188","ANK1",0.0868860105089955
"chr6-161076063-161076985","MAP3K4",0.0868754472391773
"chr9-136978036-136978961","CLIC3",0.0868712688558382
"chr2-213283937-213284831","IKZF2",0.0868586127053984
"chr4-26992463-26993349","STIM2",0.0868572953073709
"chr2-12716393-12717225","TRIB2",0.0868420656885004
"chr11-13674711-13675509","FAR1",0.0868374574367731
"chr1-117059714-117060587","MAN1A2",0.0868351090974453
"chr13-108496470-108497040","MYO16",0.0868339935599006
"chr19-47369802-47370710","C5AR2",0.0868323353959143
"chr2-38653579-38654331","GALM",0.0868322229260984
"chr4-89243238-89244123","GPRIN3",0.0868155869175535
"chr16-29640762-29641456","SPN",0.0868149567314744
"chr5-56126269-56127142","IL6ST",0.0868045522564638
"chr18-55996881-55997775","TCF4",0.0867971110274251
"chr9-504101-505026","KANK1",0.0867676530127069
"chr12-10305376-10306318","KLRC3",0.0867640416125082
"chr8-65931532-65932388","PDE7A",0.0867572362774056
"chr7-28154853-28155689","JAZF1",0.0867513737259371
"chr3-39234425-39235330","CX3CR1",0.0867486168151899
"chr20-36949722-36950515","SAMHD1",0.0867400863770073
"chr15-78318596-78318931","CHRNA3",0.0867306290010532
"chr1-13730586-13731480","PRDM2",0.0867114081106283
"chr2-85707175-85707665","GNLY",0.0867017896593743
"chr6-44925168-44926051","SUPT3H",0.0867012247548471
"chr9-112858316-112859223","SNX30",0.0866897689524535
"chr1-232923716-232924620","PCNX2",0.0866761571886682
"chr6-110475063-110475852","CDK19",0.086671462605511
"chr12-124681074-124681981","NCOR2",0.0866687005992971
"chr8-11251875-11252505","BLK",0.0866679729210535
"chr20-37333420-37334325","SRC",0.0866435819171966
"chr3-101879622-101880468","NFKBIZ",0.0866428103868434
"chr4-109559738-109560584","MCUB",0.0866407914632798
"chr6-167118356-167118979","CCR6",0.0866284984931976
"chr14-101809662-101810498","PPP2R5C",0.0865943437632316
"chr3-61894745-61895655","PTPRG",0.0865868630147262
"chr10-8404478-8405374","GATA3",0.0865826182261083
"chr6-33027577-33028463","HLA-DQA2",0.0865771889854215
"chr5-142034036-142034769","NDFIP1",0.0865723580287854
"chr12-48933708-48934596","FKBP11",0.0865713871053905
"chr19-54825122-54826166","FCAR",0.0865639700810013
"chr20-50349038-50349941","CEBPB",0.0865627913169488
"chr12-8985116-8985954","A2M",0.0865513201483445
"chr6-6390963-6391778","LY86",0.0865256549606104
"chr3-72082142-72083041","RYBP",0.0865235019793718
"chr3-58115874-58116787","FLNB",0.0864991904574268
"chr12-122716414-122717307","HCAR3",0.0864951200026666
"chr17-64341765-64342641","PECAM1",0.0864730884526717
"chr10-79270550-79271448","ZMIZ1",0.0864709439338683
"chr2-26493315-26494194","RAB10",0.0864602084505583
"chr17-4727897-4728744","CXCL16",0.0864560204784091
"chr19-18416603-18417369","LRRC25",0.0864513005615884
"chr10-32981786-32982514","ITGB1",0.0864511237534815
"chr19-54270996-54271757","MBOAT7",0.0864462519110891
"chr2-97720930-97721814","ZAP70",0.0864403874260612
"chr2-201048762-201049592","AOX1",0.0864378764960681
"chr2-234454228-234455123","ARL4C",0.0864353116117596
"chr11-82895418-82896307","RAB30",0.0864335959362938
"chr3-42012681-42013961","TRAK1",0.0864302597597879
"chr1-202197379-202198291","PTPN7",0.0864164692333983
"chr19-54100414-54101291","LILRA2",0.0864108295021764
"chr10-89123287-89124025","ANKRD22",0.0864008613909768
"chr1-156154014-156154916","SEMA4A",0.0863983136322289
"chr19-4328041-4328960","EEF2",0.08639441149986
"chr1-145690348-145691197","CD160",0.086386937524991
"chr12-68119475-68120391","IFNG",0.0863838591133342
"chr3-151278031-151278920","P2RY14",0.0863791970872975
"chr1-20587287-20588029","CDA",0.0863709650792682
"chrX-30613474-30614237","GK",0.086369203647561
"chr1-151941053-151941952","S100A10",0.086365010361609
"chr10-29681494-29682397","SVIL",0.0863453036290498
"chr8-27389569-27390407","PTK2B",0.0863444635323476
"chr6-11714132-11715055","ADTRP",0.0863438324897692
"chr6-83590171-83591060","CYB5R4",0.0863325864038239
"chr17-40333810-40334735","RARA",0.0863217319467397
"chr2-60369793-60370555","BCL11A",0.0863182613903584
"chr3-53269731-53270649","TKT",0.0863182513592522
"chr21-33069814-33070600","IFNGR2",0.0863173264495334
"chr5-65719336-65720281","CENPK",0.086309860499331
"chr11-66800818-66801694","C11orf80",0.0863032850268737
"chr14-90087167-90088083","KCNK13",0.0862960267796687
"chr3-171813777-171814684","PLD1",0.0862926932951723
"chr1-59814301-59815204","HOOK1",0.086286955795806
"chr22-39080183-39081097","APOBEC3G",0.0862751661622009
"chr1-153390688-153391579","S100A9",0.0862617975898857
"chr13-48161600-48162464","RCBTB2",0.0862494781706427
"chr19-8503402-8504141","MYO1F",0.0862479518181167
"chr6-32689991-32690727","HLA-DMB",0.0862301875693405
"chr17-7120536-7121107","CD68",0.0862054904273389
"chr1-192476732-192477405","RGS1",0.0861928288186781
"chr22-21680915-21681791","YPEL1",0.0861786544583237
"chr2-213232797-213233699","IKZF2",0.086175723255988
"chr18-25351823-25352743","ZNF521",0.0861741544908662
"chr19-35909090-35909965","FFAR2",0.0861611416917881
"chr10-484535-485486","DIP2C",0.0861600479463575
"chr2-161077333-161078180","TANK",0.0861560464280698
"chr19-54660160-54660841","LILRB4",0.0861554872295845
"chr2-172510331-172511146","ITGA6",0.0861379209992569
"chr20-4012354-4013176","SIGLEC1",0.0861283930056333
"chr11-17285459-17286360","NUCB2",0.0861154004929776
"chr19-54023432-54024362","NLRP12",0.0861153526577738
"chr20-59253257-59254046","ZNF831",0.0861151891700603
"chr19-47310696-47311494","C5AR2",0.0861068520370004
"chr20-47468076-47468966","NCOA3",0.0861011911301074
"chr11-10304620-10305398","SBF2",0.0860976737888322
"chr5-158669927-158670724","EBF1",0.0860915885935115
"chr11-120208503-120209340","OAF",0.0860853925249876
"chr11-2511308-2512209","KCNQ1",0.0860740533888477
"chr7-111090710-111091520","LRRN3",0.0860695567627612
"chr19-48622201-48623049","PPP1R15A",0.0860666874024666
"chr16-81481080-81481971","PLCG2",0.0860663250807001
"chr14-75341513-75342076","FLVCR2",0.0860638221033976
"chr2-30231959-30232735","LCLAT1",0.0860624252445466
"chr4-140789454-140790273","TBC1D9",0.0860489097032938
"chr21-32569327-32570179","EVA1C",0.0860441391306003
"chr10-33008446-33009343","ITGB1",0.0860369865841069
"chr6-159104950-159105647","EZR",0.0860329835346734
"chr3-71298891-71299784","FOXP1",0.0860322865661467
"chr8-96854604-96855097","CPQ",0.0860278021138503
"chr7-2728312-2729145","TTYH3",0.0860259770967307
"chr8-120827388-120828273","SNTB1",0.0860248929276004
"chr1-183604229-183605143","SMG7",0.0860060549384344
"chr13-48578894-48579699","RB1",0.0859908735855376
"chr1-109389524-109390377","SORT1",0.0859827163679696
"chr3-129230162-129231006","PLXND1",0.0859617122996988
"chr2-148874774-148875655","KIF5C",0.0859597697504901
"chr16-81478671-81479569","PLCG2",0.0859590939526313
"chr2-101713886-101714726","TBC1D8",0.0859538190521202
"chr9-17134671-17135502","CNTLN",0.0859464573671481
"chr7-22726457-22727388","AC002480.2",0.0859447091189025
"chr2-47071365-47071795","TTC7A",0.0859432196323521
"chr10-62050790-62051671","ARID5B",0.0859347184657658
"chr17-8420181-8421032","PER1",0.0859236551389504
"chr12-121535983-121536816","BCL7A",0.0859064400520495
"chr11-118216996-118217800","CD3D",0.085902049860996
"chr14-75298689-75299548","LINC01220",0.0859002400315284
"chr16-68379242-68380133","SMPD3",0.085897512551702
"chr1-184387391-184387806","COLGALT2",0.0858905659512108
"chr9-133845123-133846028","SLC2A6",0.0858670582150104
"chr4-39166002-39166827","TLR10",0.0858651428252505
"chr7-112509840-112510650","DOCK4",0.085854605048296
"chr6-108895652-108896573","FOXO3",0.0858536963882967
"chr3-122233149-122233962","PARP9",0.0858454354296552
"chr19-37932011-37932796","SIPA1L3",0.085841923424448
"chr17-30960039-30960841","ADAP2",0.0858395006331328
"chr17-3693519-3694385","ATP2A3",0.0858370934896951
"chr19-54023432-54024362","MYADM",0.08583482516027
"chr20-63803384-63804336","DNAJC5",0.0858268837536684
"chr15-88627188-88628091","ISG20",0.0858242148298144
"chr6-159943746-159944550","SOD2",0.085815819695076
"chr11-65487357-65488225","FOSL1",0.0858148518770429
"chr8-26571802-26572683","BNIP3L",0.0858058021773887
"chr11-12045991-12046741","MICAL2",0.0857958443573227
"chr1-184110331-184111290","C1orf21",0.0857923422598304
"chr11-73217933-73218845","RELT",0.0857910507659645
"chr6-106637338-106638203","CD24",0.0857875956750007
"chr6-32943981-32944807","HLA-DMA",0.0857869897811515
"chr1-168520051-168520931","XCL2",0.0857869539992239
"chr12-26130490-26131399","SSPN",0.0857817710934933
"chr1-9900145-9901048","SLC25A33",0.0857660895246591
"chr11-65744159-65745042","NEAT1",0.0857571103689082
"chr12-8996529-8997397","KLRG1",0.0857530004150067
"chr15-63122179-63122630","LACTB",0.0857528268462398
"chr3-52238800-52239695","RPL29",0.0857522471346294
"chr11-118927966-118928809","KMT2A",0.0857514880355356
"chr20-51481211-51482031","NFATC2",0.0857466030439088
"chr19-2315635-2316526","MOB3A",0.0857422027018673
"chr12-10249525-10250385","KLRC3",0.0857225783890454
"chr11-134582132-134582951","B3GAT1",0.0857215353346507
"chr16-31453599-31454473","ITGAM",0.085718354751122
"chr14-75613878-75614592","FLVCR2",0.0857146357015845
"chr6-36364591-36365491","CPNE5",0.0857137338023114
"chr3-53242410-53243312","PRKCD",0.0857127964042279
"chr2-147449248-147450181","ACVR2A",0.0857014684069926
"chr6-45420412-45421081","RUNX2",0.085681503928901
"chr17-75147646-75148546","CD300LF",0.0856693210035229
"chr11-60389216-60390063","MS4A14",0.0856676417018675
"chr17-10198399-10199270","GAS7",0.0856597038223085
"chr20-59004582-59005499","CTSZ",0.0856577617661259
"chr6-33027577-33028463","HLA-DOA",0.0856562046233858
"chr7-618216-619119","PRKAR1B",0.0856534152073369
"chr8-96645021-96645918","CPQ",0.0856482192500548
"chr3-48222866-48223682","PFKFB4",0.0856350578368772
"chr3-50611510-50612430","CISH",0.0856330401650262
"chr17-7167574-7168452","TNFSF13",0.0856321274098452
"chr19-54873732-54874603","LILRB1",0.0856320221509954
"chr1-153386211-153387115","S100A8",0.0856272493737654
"chr12-10307494-10308284","KLRC1",0.0856257438476987
"chr10-69047827-69048703","DDX21",0.0856054218866689
"chr8-58396621-58397531","SDCBP",0.0855988140714633
"chr11-117949975-117950774","CD3G",0.0855962838554959
"chr1-209768091-209768906","TRAF3IP3",0.0855945318074275
"chr12-122464406-122465197","HCAR3",0.0855536975923526
"chr8-59017421-59018266","TOX",0.0855315133495172
"chr20-40681948-40682865","MAFB",0.0855205788493677
"chr5-131280906-131281777","CDC42SE2",0.0855122722093866
"chr16-2692793-2693696","KCTD5",0.0855096700608533
"chr7-150974249-150975148","GIMAP1",0.0854977265229323
"chr5-173866081-173866983","CPEB4",0.0854564721151872
"chrX-10208839-10209459","CLCN4",0.0854460325324097
"chrX-71622328-71623222","CXCR3",0.0854417703300025
"chr6-106648658-106649535","CD24",0.0854366512113493
"chr8-141226780-141227663","DENND3",0.0854350268383904
"chr2-85862333-85863050","GNLY",0.0854331634111455
"chr4-138967118-138968006","ELF2",0.0854177506723258
"chr6-33080505-33081227","HLA-DQA1",0.0854107492270455
"chr1-157849183-157850029","FCRL2",0.0853948849310807
"chr9-123662131-123663039","STRBP",0.0853885741483143
"chr4-15882363-15883272","FGFBP2",0.0853843077679038
"chr5-76732699-76733571","IQGAP2",0.0853824804631592
"chr18-32919556-32920461","KLHL14",0.085375470168141
"chr8-11862285-11863195","CTSB",0.085369391512214
"chr3-19644077-19644960","KCNH8",0.0853551896173936
"chr7-75623876-75624759","HIP1",0.0853453515652449
"chr11-116986479-116987352","SIK3",0.085336573281354
"chr12-21676559-21677377","LDHB",0.0853354060403697
"chr5-157159070-157159893","CYFIP2",0.0853151242826373
"chr15-98600074-98600959","IGF1R",0.0853146900608202
"chr1-10414949-10415859","PGD",0.085309250276827
"chr2-74576702-74577454","HK2",0.0853088163317852
"chr8-141086092-141087014","DENND3",0.0852855544663277
"chr6-35369964-35370865","ANKS1A",0.0852754028087131
"chr1-160837285-160838165","SLAMF1",0.0852605894874731
"chr9-133787397-133788276","VAV2",0.0852581910855874
"chr17-69326778-69327694","MAP2K6",0.0852562054339244
"chr4-108301717-108302496","LEF1",0.0852555694274983
"chrX-13652733-13653577","OFD1",0.0852260197216388
"chr19-2549462-2550378","MOB3A",0.0852173502223678
"chr17-7120536-7121107","XAF1",0.0852130180823026
"chr1-220878978-220879796","MARC1",0.0851782868830765
"chr22-37574312-37575211","LGALS2",0.0851624561606749
"chr10-124688609-124689492","FAM53B",0.085161773182395
"chr3-27905387-27906270","EOMES",0.0851563929223697
"chr1-154720631-154721501","IL6R",0.0851480355700193
"chr1-206472378-206473228","SRGAP2",0.0851423302402607
"chr19-54209457-54210244","MBOAT7",0.0851255389058894
"chr11-72951851-72952555","FCHSD2",0.0851170866649063
"chr1-40979388-40980271","SCMH1",0.0851043238832445
"chr12-110669944-110670721","HVCN1",0.0850996401439108
"chr19-50817891-50818707","SPIB",0.0850786450907702
"chr6-159690896-159691778","SOD2",0.0850708840423752
"chr3-187015824-187016541","ST6GAL1",0.085063900468364
"chr17-8152108-8152951","PER1",0.0850601132122666
"chr16-50093387-50094282","ADCY7",0.085058829834641
"chr20-23147686-23148569","CD93",0.085057117616434
"chr3-52891460-52892266","STAB1",0.0850553156222427
"chr19-17035770-17036675","MYO9B",0.0850491706444102
"chr2-84782874-84783699","TRABD2A",0.0850486634103929
"chr3-171966867-171967762","PLD1",0.0850478777501603
"chr15-90844900-90845795","IQGAP1",0.0850424835271139
"chr17-83155186-83156090","METRNL",0.0850419360303423
"chr3-157436263-157437103","CCNL1",0.0850328177492653
"chr19-54207817-54208730","VSTM1",0.0850322809534505
"chr14-24605220-24606076","GZMB",0.085031226112033
"chr6-45155808-45156700","SUPT3H",0.0850012578644029
"chr7-27900816-27901664","JAZF1",0.0849962561998967
"chr11-61163925-61164849","SLC15A3",0.0849873260974581
"chr1-115975931-115976803","SLC22A15",0.0849756684149519
"chr13-110916350-110916962","RAB20",0.0849729244006505
"chr19-54280445-54281381","LILRB3",0.0849717906772395
"chr12-39442836-39443728","KIF21A",0.0849616065238532
"chr19-7543306-7544128","PNPLA6",0.0849615755641868
"chr1-17066541-17067425","CROCC",0.0849559335363462
"chr17-3963262-3963965","P2RX5",0.0849463969915821
"chr6-90274172-90275075","MDN1",0.0849454225711338
"chr8-29523960-29524716","DUSP4",0.0849084175880658
"chr19-14434892-14435703","ADGRE5",0.0849079514466814
"chr15-75124986-75125896","C15orf39",0.0849072433951352
"chr9-33446139-33446913","AQP3",0.0849053675242867
"chr3-48563794-48564676","PFKFB4",0.0849022731417227
"chr2-218045996-218046850","RUFY4",0.0848963311773115
"chr9-122923694-122924523","STRBP",0.0848720536159133
"chr14-105585856-105586666","FAM30A",0.0848706928034512
"chr5-17255291-17256221","BASP1",0.0848626806047386
"chr20-50794559-50795381","BCAS4",0.0848624618743702
"chr2-64852635-64853540","ACTR2",0.0848399508920752
"chr5-17282244-17283057","BASP1",0.0848382318915629
"chr17-47762492-47763380","TBX21",0.084835141697985
"chr19-51407216-51408112","SIGLEC10",0.0848069563846197
"chr13-21434303-21435117","LATS2",0.0847942128158723
"chr2-47072573-47073329","CALM2",0.0847881478453237
"chr12-10243633-10244531","KLRD1",0.0847877774488415
"chr1-222772519-222773424","FAM177B",0.0847837317720359
"chr1-151276990-151277895","SNX27",0.0847804635749116
"chr6-150409427-150410275","PLEKHG1",0.08476608911525
"chr18-13218380-13219208","LDLRAD4",0.0847643084970987
"chr2-60515599-60516472","REL",0.0847641380378827
"chr9-27352246-27353092","MOB3B",0.0847467075143854
"chr19-54642823-54643488","LILRB2",0.0847320273454805
"chr5-60494373-60495238","PDE4D",0.0847311340683454
"chr19-35204988-35205806","CD22",0.0847288041468841
"chr2-60966375-60967172","BCL11A",0.0847230869697666
"chr1-178605685-178606556","C1orf220",0.0846941604391262
"chr19-54100414-54101291","MBOAT7",0.0846928310935012
"chr6-167093723-167094571","CCR6",0.0846883450473251
"chr12-52681234-52682122","KRT72",0.0846810324439244
"chr11-60378258-60378689","MS4A7",0.0846785491543501
"chr4-16884765-16885661","LDB2",0.0846776962705207
"chr2-239605741-239606565","HDAC4",0.0846706436202018
"chr11-14414874-14415719","RRAS2",0.0846670384096939
"chr11-104836491-104837401","CASP1",0.084664973095885
"chr2-156327534-156328300","NR4A2",0.0846531845069466
"chr6-158218991-158219903","DYNLT1",0.08464274189841
"chr1-227787759-227788641","OBSCN",0.0846350793956028
"chr22-46753956-46754895","TBC1D22A",0.0846347602722152
"chr5-149687054-149687728","PPARGC1B",0.0846295283695829
"chr6-89035717-89036538","UBE2J1",0.0846289874247345
"chr6-33073244-33074127","HLA-DOB",0.0846283278989792
"chr2-160482444-160483329","RBMS1",0.0846216791791672
"chr11-46236923-46237540","PHF21A",0.0846083701416142
"chr11-406746-407674","IFITM1",0.0846058865877497
"chr20-1467806-1468337","SIRPA",0.0846038058246099
"chr11-68036651-68037516","UNC93B1",0.0846031249626746
"chr22-50399673-50400562","ODF3B",0.084601833449069
"chr16-85931550-85932404","IRF8",0.0846006247091889
"chr17-10197524-10198210","GAS7",0.0845992962414335
"chr2-172223259-172224148","PDK1",0.0845968080167562
"chr19-11074237-11075148","LDLR",0.0845886270666042
"chr19-18374089-18374984","ELL",0.0845848211778908
"chr15-90034992-90035544","IQGAP1",0.0845779511627221
"chr20-1491212-1492044","SIRPB1",0.0845752087868736
"chr19-8577201-8577716","MYO1F",0.0845654562929724
"chr20-8000287-8001015","TMX4",0.0845625775949946
"chr2-47035159-47035948","RHOQ",0.0845555115890923
"chr12-89352130-89352979","DUSP6",0.0845286810099638
"chr2-73034456-73035307","SFXN5",0.0845276857054041
"chr6-32604395-32604778","HLA-DMB",0.0845234105760668
"chr16-85016901-85017753","KIAA0513",0.0845045609561706
"chr14-92725932-92726792","SLC24A4",0.0844919916914397
"chr15-38086055-38086789","SPRED1",0.084489942802435
"chr4-42150620-42151511","BEND4",0.0844713867330274
"chr6-6803417-6804327","LY86",0.0844684677356978
"chr19-54270996-54271757","LILRB4",0.0844650250563956
"chr19-54280445-54281381","LILRB1",0.0844644074779012
"chr11-1782809-1783636","CTSD",0.0844642300109548
"chr17-7579041-7579956","EIF4A1",0.0844636128903899
"chr2-42132785-42133695","EML4",0.0844574373302712
"chr1-158951992-158952913","AIM2",0.0844561325713642
"chr10-72297040-72297744","ANAPC16",0.0844550980472979
"chr12-111399119-111399995","ALDH2",0.0844492775976933
"chr12-120013548-120014448","BICDL1",0.0844385143743085
"chr3-32459872-32460783","CMTM8",0.0844356223793002
"chr1-178579257-178580155","C1orf220",0.0844311770938725
"chr21-33402270-33402958","ITSN1",0.0844084415026725
"chr16-85756046-85756918","IRF8",0.084404328333759
"chr11-640280-641114","IFITM3",0.0843794582265905
"chr5-132294982-132295796","P4HA2",0.0843775802708134
"chr20-23142053-23142815","CST3",0.0843744894785136
"chr14-75613878-75614592","JDP2",0.0843613463915514
"chr20-31610368-31611287","ID1",0.084356091369269
"chr11-65941022-65941956","EHBP1L1",0.0843523069909902
"chr16-57809993-57810895","ADGRG5",0.0843461854510632
"chr3-49238250-49239147","USP4",0.0843446451000798
"chr12-31686845-31687755","DENND5B",0.0843409525132028
"chr1-25099224-25100077","RUNX3",0.0843398978108225
"chr6-158826840-158827739","EZR",0.0843367450149892
"chr5-139727376-139728287","CXXC5",0.0843356790337226
"chr9-98248590-98249443","TBC1D2",0.0843250058997023
"chr17-7114628-7115534","CLEC10A",0.0843209473923456
"chr5-138369335-138370133","ETF1",0.0843089208639216
"chr3-121994926-121995824","SLC15A2",0.0843034346657767
"chr6-146877972-146878664","RAB32",0.0842991990272706
"chr1-76075732-76076559","ST6GALNAC3",0.0842945321164706
"chr19-5340461-5341283","PTPRS",0.0842934316398958
"chr11-61688575-61689424","BEST1",0.0842919925941799
"chr14-63932818-63933617","SYNE2",0.0842895023238413
"chr1-192552472-192553378","RGS1",0.0842772513936999
"chr14-91873222-91874080","CCDC88C",0.0842694165498215
"chr2-32484619-32485530","NLRC4",0.0842612487241085
"chr3-186161988-186162893","IGF2BP2",0.0842540320884032
"chr6-33073244-33074127","HLA-DQA2",0.0842470899558994
"chr2-102522728-102523545","IL18RAP",0.0842396437814013
"chr1-247401348-247401840","NLRP3",0.084231633562337
"chr3-61637158-61638038","PTPRG",0.0842227390152687
"chr3-143998011-143998921","SLC9A9",0.0842144905767231
"chr17-59768704-59769421","VMP1",0.0842089138396515
"chr9-83538245-83539103","FRMD3",0.0842082184328702
"chr1-27513510-27514319","FGR",0.084200182383264
"chr2-48250774-48251636","FOXN2",0.0841861723953694
"chr20-40561818-40562691","MAFB",0.0841837036502514
"chr20-1888863-1889766","SIRPB2",0.084175962984906
"chr16-89873692-89874491","TCF25",0.0841715348646526
"chr1-1173385-1174307","TNFRSF4",0.0841644317968482
"chr4-158783560-158784453","RXFP1",0.084156001668555
"chr22-41732067-41732875","TNFRSF13C",0.0841529246567911
"chr20-1537422-1538182","SIRPA",0.0841455881512912
"chr10-125148984-125149884","CTBP2",0.0841432312581362
"chr12-76588559-76589463","OSBPL8",0.084140132723224
"chr14-51596127-51597118","GNG2",0.0841395015207652
"chr20-32484937-32485826","NOL4L",0.0841384177250253
"chr7-47254041-47254833","TNS3",0.0841380742178548
"chr6-88922920-88923803","UBE2J1",0.0841345561746357
"chr14-92704087-92704992","RIN3",0.0841339635956424
"chr20-49794592-49795465","CEBPB",0.0841251322221386
"chr1-204564504-204565272","PIK3C2B",0.0841208490778749
"chr16-84893682-84894584","CRISPLD2",0.0841183145791357
"chr21-38930647-38931497","ETS2",0.0841137410194653
"chr11-60377729-60378168","MS4A4E",0.0841020882766889
"chr5-35854078-35854845","SPEF2",0.084098108161151
"chr12-10167343-10168261","CLEC1B",0.0840964682801932
"chr17-36066287-36067186","CCL4L2",0.084087765878561
"chr17-45201697-45202584","FMNL1",0.084081043587684
"chr14-49970975-49971874","LINC01588",0.0840774730065056
"chr11-65424882-65425686","MALAT1",0.0840745257516686
"chr3-52914997-52915848","TKT",0.0840709365864068
"chr1-25031953-25032832","RUNX3",0.0840587707932094
"chr8-23074198-23075115","TNFRSF10B",0.0840491762387312
"chr6-32397116-32397930","HLA-DQA1",0.0840461008190009
"chr22-35328195-35329101","APOL6",0.0840261259874345
"chr6-56954667-56955471","DST",0.0840254748353588
"chr22-41926023-41926537","TNFRSF13C",0.0840095346131034
"chr2-223952109-223952996","AP1S3",0.0840061034675923
"chr19-18290062-18290868","UBA52",0.0839903397854641
"chr15-64153247-64154148","SNX22",0.0839765657745042
"chr4-10032399-10033268","SLC2A9",0.08396961915864
"chr22-38967490-38968394","GTPBP1",0.0839651785233293
"chr14-52313805-52314679","PTGER2",0.0839650542118174
"chr19-19063344-19064242","UBA52",0.0839624745060623
"chr17-1467671-1468551","PITPNA",0.0839559968541008
"chr14-92649649-92650431","SLC24A4",0.0839412393780831
"chr12-8985116-8985954","PZP",0.0839170558979354
"chr14-61677214-61678104","HIF1A",0.0839147795063298
"chr6-159092354-159093194","TAGAP",0.0839129684958091
"chr5-139648046-139648865","CXXC5",0.0839067947910172
"chr15-38069015-38069602","SPRED1",0.0838991616015606
"chr5-170357773-170358681","KCNMB1",0.0838934521957257
"chr2-230947648-230948533","ITM2C",0.0838926253732009
"chr1-41661924-41662822","HIVEP3",0.0838816362336516
"chr5-131393877-131394752","CDC42SE2",0.0838774342362174
"chr21-46636924-46637572","PRMT2",0.0838758251817538
"chr19-1252111-1252623","ARID3A",0.0838712384905542
"chr3-212144-213050","CHL1",0.0838688582709468
"chr6-32197309-32198033","HLA-DRB5",0.083862048368715
"chr10-32459061-32459970","EPC1",0.0838563276442112
"chr1-162547905-162548801","SH2D1B",0.0838499170799202
"chr1-12617801-12618626","DHRS3",0.0838354617264463
"chr19-54642823-54643488","LILRB3",0.0838340579022608
"chr3-218781-219624","LINC01266",0.0838320868993092
"chr14-24673132-24673953","GZMH",0.0838140205575982
"chr3-30657827-30658171","TGFBR2",0.0837915267386706
"chr4-185587167-185588058","SNX25",0.0837896680140585
"chr6-32439352-32440271","HLA-DQA2",0.0837863983958499
"chr2-218383645-218384556","SLC11A1",0.0837803934902073
"chr12-10722809-10723743","YBX3",0.0837803607854693
"chr17-8417473-8418375","PER1",0.0837797236007937
"chr17-74528274-74529187","TTYH2",0.0837721103396915
"chr5-176895223-176895983","HK3",0.0837599781946979
"chr1-30756369-30757240","LAPTM5",0.0837560403717768
"chr1-15407327-15408097","EFHD2",0.0837523840688472
"chr2-48168905-48169827","FOXN2",0.0837506870858093
"chr11-61347726-61348624","SLC15A3",0.083745238358411
"chr1-1137006-1137777","LINC01342",0.0837391355989356
"chr20-1375544-1376377","SIRPB2",0.0837327665932202
"chr5-181052701-181053625","BTNL9",0.0837307358117358
"chr9-113151950-113152504","FKBP15",0.0837236019946693
"chr12-111773607-111774502","ALDH2",0.0837148385753984
"chr9-81596831-81597690","TLE1",0.0837043392253226
"chr19-10346337-10347201","C19orf38",0.0837002530945967
"chr20-1944840-1945767","NSFL1C",0.0836924490100339
"chr3-114005164-114006061","CCDC191",0.0836903914596487
"chr10-113131444-113132119","TCF7L2",0.0836834832802811
"chr14-63864003-63864897","ESR2",0.0836713896967134
"chr4-38023417-38024325","TBC1D1",0.0836595820191459
"chr1-27631299-27632152","WASF2",0.08365486279478
"chr17-3719924-3720759","P2RX1",0.0836492917913127
"chr14-69117149-69118020","ACTN1",0.0836384850255968
"chr1-12152997-12153892","MTHFR",0.0836373032585001
"chr12-92378729-92379647","LINC01619",0.083629436405075
"chr3-194089284-194090182","ATP13A3",0.0836193584756133
"chrX-30659155-30660048","CXorf21",0.0836151131669761
"chr15-50055270-50056117","ATP8B4",0.0836058965084117
"chr6-151498013-151498823","CCDC170",0.0835978487166719
"chr7-44796176-44797033","PPIA",0.08359329468023
"chr10-22611526-22612381","PIP4K2A",0.0835739408628613
"chr7-139732059-139732832","KDM7A",0.0835621013321294
"chr1-182394026-182394852","GLUL",0.083557407868044
"chr19-12796179-12797046","JUNB",0.0835565018773568
"chr1-160162776-160163578","NHLH1",0.0835522231850427
"chr11-68009878-68010766","ALDH3B1",0.0835473527836073
"chr12-8951755-8952496","KLRG1",0.0835282386410518
"chr17-5016583-5017485","SCIMP",0.0835253935424605
"chr2-65017885-65018724","RAB1A",0.0835183595138459
"chr1-25033693-25034597","CLIC4",0.0834997655642304
"chr1-154790973-154791830","PBXIP1",0.0834938977355547
"chrX-79258823-79259745","ITM2A",0.0834927963907022
"chr7-3106167-3106986","AC024028.1",0.0834846768177816
"chr9-72292577-72293335","ZFAND5",0.0834846685101697
"chr20-1946458-1947282","SIRPB1",0.0834842715834825
"chr17-74842516-74843424","CD300E",0.0834731674570061
"chr4-142366799-142367439","INPP4B",0.0834578077430795
"chr9-34986275-34987176","ENHO",0.0834499000905972
"chr21-42238264-42239112","UBASH3A",0.0834484416144895
"chr5-76738605-76739541","IQGAP2",0.0834402708262093
"chr11-118608226-118609073","BCL9L",0.0834397720309657
"chr17-74531901-74532772","TTYH2",0.0834301095886566
"chr10-89123287-89124025","IFIT3",0.0834242276202054
"chr1-145719015-145719883","CD160",0.0834229884671099
"chr1-186654493-186655286","PLA2G4A",0.0834193313421349
"chr18-63267950-63268730","BCL2",0.0834172911507636
"chr2-161992266-161993130","DPP4",0.0834166313110638
"chr19-37551032-37551862","SIPA1L3",0.0834078631974212
"chr14-30874130-30874912","COCH",0.0834035612739218
"chr11-123465396-123466285","GRAMD1B",0.0833946095844221
"chr12-31751634-31752466","DENND5B",0.0833942920230604
"chr2-112700028-112700835","IL1B",0.0833756030362588
"chr1-15415772-15416702","EFHD2",0.0833673057868523
"chr8-19457871-19458750","CSGALNACT1",0.0833557697552763
"chr1-154464779-154465593","ATP8B2",0.0833525227804855
"chr1-231626292-231627102","DISC1",0.0833361485118841
"chr6-89009549-89010411","UBE2J1",0.0833175963775455
"chr2-84926776-84927581","TRABD2A",0.0833109052123215
"chr12-92569930-92570843","BTG1",0.0832996133865507
"chr19-54316623-54317542","LILRB4",0.0832935403948446
"chr1-25064393-25065202","RUNX3",0.0832814454470881
"chr2-30144697-30145396","LBH",0.0832774127417544
"chr13-46315434-46316311","CPB2",0.0832748733419117
"chr21-32407633-32408549","EVA1C",0.0832746159485627
"chr17-7130475-7131409","CD68",0.0832721764993621
"chr12-121143753-121144224","CAMKK2",0.0832439371904982
"chr5-124704570-124705487","ZNF608",0.0832425424633511
"chr3-185688558-185689449","IGF2BP2",0.0832378548130248
"chr6-32945189-32945993","HLA-DOB",0.0832306957121518
"chr6-166750897-166751795","CCR6",0.0832219918883222
"chr11-85808914-85809802","DLG2",0.0832149701414581
"chr13-41032492-41033383","ELF1",0.0831930479710188
"chr12-10195966-10196872","KLRD1",0.0831826373800475
"chr17-27540241-27541145","LGALS9",0.083158424436812
"chr19-14605173-14605975","CLEC17A",0.0831573561020266
"chr19-14775550-14776143","ADGRE2",0.0831555810422227
"chr7-22551568-22552458","AC002480.2",0.0831487527668194
"chr3-18411330-18412149","SATB1-AS1",0.0831409646344001
"chr16-4679854-4680735","MGRN1",0.08313339460575
"chr19-10812813-10813687","LDLR",0.0831250289695676
"chr7-7640178-7641084","UMAD1",0.0831219768609991
"chr13-41456956-41457865","NAA16",0.0831171197039103
"chr5-139664012-139664926","SIL1",0.083116549853146
"chr6-32636874-32637784","HLA-DQB2",0.0830973531952001
"chr10-89309924-89310789","IFIT2",0.0830918441743711
"chr3-151362584-151363478","P2RY13",0.0830887062295047
"chr15-99703283-99704042","MEF2A",0.0830854392616008
"chr2-165013573-165014382","SLC38A11",0.0830631522124309
"chr17-74641387-74642299","TTYH2",0.0830620500987589
"chr1-157270750-157271536","FCRL5",0.0830486758254518
"chr7-128963078-128963926","TSPAN33",0.0830441346882304
"chr3-15519897-15520745","COLQ",0.0830409130646552
"chr17-75228195-75228969","GRB2",0.0830353109628853
"chr15-63489981-63490754","USP3",0.083012440646959
"chr22-46773926-46774863","TBC1D22A",0.0830062893130865
"chrX-11427157-11428078","ARHGAP6",0.0830029998171621
"chr3-67947825-67948733","SUCLG2",0.0829968781568839
"chr5-127073021-127073910","MARCH3",0.0829843992966426
"chr11-65487357-65488225","AP5B1",0.0829707844540216
"chr11-61110355-61111121","CD5",0.0829209849781138
"chr1-157819698-157820590","FCRL5",0.0829140170056824
"chr11-9263826-9264647","DENND5A",0.082912621612918
"chr4-152662935-152663643","TMEM154",0.0829120980661329
"chr11-73217933-73218845","FCHSD2",0.0829094005498666
"chr3-19559571-19560428","KCNH8",0.0829034880742733
"chr5-40410030-40410947","RPL37",0.0828985379152247
"chr5-112417738-112418614","EPB41L4A",0.0828979909537865
"chr1-160795613-160796532","TSTD1",0.0828881049288635
"chr12-52243844-52244738","NR4A1",0.0828841603451309
"chr3-111069866-111070573","CD96",0.0828824366819772
"chr1-27943185-27944044","WASF2",0.0828816454316095
"chr12-111393499-111394414","ALDH2",0.0828803882413016
"chr5-35810864-35811756","SPEF2",0.0828736244618788
"chr19-3857377-3858262","EBI3",0.0828728743946473
"chr1-116380441-116381338","CD58",0.0828700282209421
"chr1-159826188-159827094","FCRL6",0.0828679782155024
"chr13-50594136-50595035","RNASEH2B",0.0828642657425805
"chr19-54451044-54451948","MBOAT7",0.082863510007549
"chr2-230582710-230583566","SP140",0.0828625697796806
"chr15-63122179-63122630","USP3",0.0828179963759707
"chr5-56050571-56051461","ANKRD55",0.0828102231118008
"chr20-23245394-23246294","CST3",0.0827982334855519
"chr9-33226695-33227619","B4GALT1",0.0827860329616162
"chr12-124390676-124391213","NCOR2",0.08278588963888
"chr2-237694416-237694900","LRRFIP1",0.0827855743804657
"chr11-44611534-44612414","CD82",0.0827792152951134
"chr1-157045440-157046326","ARHGEF11",0.0827698844905744
"chr16-88455976-88456652","ZFPM1",0.0827671559145441
"chr10-79273974-79274855","ZMIZ1",0.0827642967998117
"chr10-71852418-71853154","PSAP",0.0827614278299514
"chr9-87406503-87407218","DAPK1",0.0827475473615457
"chr5-56464947-56465791","MAP3K1",0.0827441741319721
"chr11-9660602-9661437","DENND5A",0.0827433984757095
"chr22-19643786-19644723","CLTCL1",0.0827429673534327
"chr17-1229299-1230219","ABR",0.0827427652128313
"chr12-10671953-10672886","KLRC2",0.0827384596399662
"chr19-12785974-12786826","MAN2B1",0.0827353100034639
"chr15-90915580-90916461","FES",0.0827324934999425
"chr17-64708709-64709583","RGS9",0.0827314966089559
"chr11-112962984-112963845","NCAM1",0.0827292989618252
"chr6-157561633-157562526","ZDHHC14",0.0827259907901693
"chr1-89351436-89352322","LRRC8B",0.0827054668750883
"chr3-143301247-143302176","CHST2",0.082697066203781
"chr5-55977790-55978668","IL6ST",0.0826948140373869
"chr1-160863567-160864299","FCER1G",0.0826933328960297
"chr19-54903794-54904742","LAIR2",0.0826889715852635
"chr7-22871908-22872790","STEAP1B",0.0826882943467649
"chr10-60768661-60769486","ANK3",0.0826865910824841
"chr20-31523356-31524265","HM13",0.0826860639446749
"chr1-27631299-27632152","SMPDL3B",0.0826847540006045
"chr6-7939384-7940289","TXNDC5",0.0826827133805933
"chr17-78861970-78862870","PGS1",0.0826818341725396
"chr22-45213028-45213925","KIAA0930",0.0826776637346306
"chr21-46540111-46540999","DIP2A",0.0826597930423131
"chr16-11682317-11683159","SNX29",0.0826588491571428
"chr2-221419944-221420838","EPHA4",0.0826376368917876
"chr5-54774498-54775380","SNX18",0.0826347746657893
"chr20-3712227-3713115","C20orf194",0.0826267769782486
"chr12-12441784-12442719","DUSP16",0.0826260279203405
"chr12-8951755-8952496","LINC00612",0.0826252570794734
"chr19-54312395-54313201","LILRA6",0.0826238859596263
"chr17-40531047-40531840","IGFBP4",0.0826211080208381
"chr11-95699856-95700764","SESN3",0.0826098035444941
"chr19-10780085-10780979","LDLR",0.0826022071050894
"chr17-7132584-7133341","XAF1",0.0825939692564548
"chr8-58961574-58962416","TOX",0.0825900416412548
"chr1-157700451-157701288","FCRL2",0.0825814235255373
"chr17-30104354-30105265","CPD",0.0825759653665036
"chr9-132981834-132982540","SLC2A6",0.0825687594155487
"chr11-73204426-73205305","RELT",0.082553385874124
"chr19-53840642-53841404","LILRB3",0.0825531773616538
"chr17-1555816-1556641","PITPNA",0.0825430554455644
"chr4-152643174-152644064","TMEM154",0.0825422905474651
"chr12-124774067-124774782","NCOR2",0.0825394425280697
"chr12-66287883-66288777","HELB",0.082539037550625
"chr6-14758121-14758967","JARID2",0.0825300170717711
"chr12-54280095-54280826","HNRNPA1",0.0825255103409917
"chr9-133839583-133840456","RXRA",0.0825207561427861
"chr16-85922959-85923811","IRF8",0.0825119053804257
"chr13-99214001-99214725","DOCK9",0.0825066551502278
"chr19-18848560-18849471","LRRC25",0.0824887035600107
"chr4-108078898-108079506","LEF1",0.0824858437618842
"chr1-157695290-157696119","FCRL3",0.0824810208796256
"chr19-47369802-47370710","DHX34",0.0824791333737439
"chr22-17800501-17801343","MICAL3",0.0824698661679843
"chr4-169210550-169211396","SH3RF1",0.0824688293289618
"chr1-157991714-157992622","FCRL5",0.0824439672242427
"chr20-63553096-63553941","STMN3",0.0824296762670952
"chr19-8502126-8502880","PRAM1",0.0824289392006983
"chr4-40629542-40630224","RBM47",0.0824239314405085
"chr12-57754565-57755381","MARCH9",0.0824203645945576
"chr3-138915377-138916242","PIK3CB",0.0824062987749474
"chr10-124523130-124524033","CHST15",0.0824022158489478
"chr19-14523102-14523794","TECR",0.0823987321626863
"chr4-10006004-10006868","SLC2A9",0.0823941683067991
"chr1-111592598-111593482","DENND2D",0.0823899365991653
"chr11-73157332-73158119","FCHSD2",0.0823844476368908
"chr19-53844622-53845489","LILRA5",0.0823790962278715
"chr11-350398-351327","IFITM2",0.0823754750064063
"chr19-45040313-45041043","ERCC1",0.0823644103519229
"chr5-170312446-170313261","KCNMB1",0.0823643653860955
"chr16-85898611-85899482","IRF8",0.0823622549224488
"chr19-10518758-10519534","S1PR5",0.0823611590157091
"chr9-35538427-35539306","RUSC2",0.0823565105150942
"chr4-112213714-112214478","ALPK1",0.0823563956716175
"chr19-44845657-44846502","NECTIN2",0.0823431374330285
"chr3-18712711-18713591","SATB1",0.08234295192879
"chr2-138028180-138029058","HNMT",0.0823299589487479
"chr20-59161483-59162348","ZNF831",0.0823293751499808
"chr4-6875256-6876155","KIAA0232",0.0823269344413162
"chr3-32384773-32385599","CMTM6",0.0823262349573961
"chr7-131107739-131108525","AC016831.7",0.0823235395507073
"chr2-64852635-64853540","RAB1A",0.0823073070463399
"chr1-151944246-151945009","S100A11",0.0822930539053451
"chr16-79283333-79284207","MAF",0.082290116471789
"chr14-75406639-75407508","FLVCR2",0.0822844559331759
"chr15-90214678-90215453","SEMA4B",0.0822792012126029
"chr6-33075428-33076328","HLA-DQA2",0.0822788000454662
"chr4-108028968-108029740","LEF1-AS1",0.0822680778767224
"chr1-11790596-11791506","MTHFR",0.0822607494824572
"chr20-5073089-5073920","RASSF2",0.0822573886446959
"chr3-13009037-13009932","IQSEC1",0.0822560072294204
"chr6-130758448-130759316","SAMD3",0.0822335671496672
"chr11-47587636-47588550","SPI1",0.0822318962467888
"chr11-60119479-60120375","MS4A4E",0.082231514487364
"chr5-151151620-151152497","SLC36A1",0.0822258693160548
"chr17-19610661-19611559","AC007952.4",0.0822179793883333
"chr2-8515184-8516045","LINC00299",0.0822179558450014
"chrX-10156264-10157189","CLCN4",0.0822176855205892
"chr17-36105634-36106405","CCL4",0.0821997912574846
"chr20-1664733-1665577","SIRPG",0.0821984972241993
"chr11-66970555-66971460","ANKRD13D",0.0821982132117437
"chr1-121511307-121512253","FCGR1B",0.082196102176912
"chr9-133960191-133961095","RXRA",0.0821796969064639
"chr9-136373329-136374162","NACC2",0.0821706998282456
"chr19-8592076-8592995","ADAMTS10",0.0821688153004312
"chr1-167617260-167618135","RCSD1",0.0821657046078116
"chr6-167102931-167103854","CCR6",0.0821649116991558
"chr1-157269388-157270252","FCRL3",0.0821513567557771
"chr20-47438597-47439452","NCOA3",0.0821503361850713
"chr19-35090261-35091126","CD22",0.0821477481204482
"chr15-44677202-44678067","B2M",0.0821466141004861
"chr13-109715648-109716518","IRS2",0.0821382288828603
"chr14-75427519-75428389","FLVCR2",0.0821358418958939
"chr19-47313047-47313717","C5AR1",0.0821356915800461
"chr17-27206979-27207792","KSR1",0.0821320836043296
"chr15-39326773-39327674","THBS1",0.0821244689836258
"chr1-203756086-203756874","ATP2B4",0.0821238422235608
"chr19-58097873-58098760","ZSCAN18",0.0821031101458868
"chr15-100341655-100342488","ADAMTS17",0.0820972134120521
"chr16-81778872-81779712","CMIP",0.0820898241540043
"chr3-51024818-51025719","CISH",0.082086245199613
"chr2-48328742-48329554","FOXN2",0.0820861869129209
"chrX-124736511-124737425","TENM1",0.0820849625338231
"chr1-152036501-152037299","S100A11",0.0820686125757494
"chr6-45377426-45378334","RUNX2",0.0820647661983769
"chr14-97878578-97879451","LINC01550",0.0820621576265767
"chr1-203655441-203656343","ATP2B4",0.0820583927716555
"chr17-47720885-47721789","TBX21",0.082050664873411
"chr19-54280445-54281381","NLRP12",0.0820406304748204
"chr14-98173145-98173959","LINC01550",0.0820366329816242
"chr19-11323883-11324806","TSPAN16",0.082030279674621
"chr19-926651-927470","CFD",0.0820230593483545
"chr2-230257483-230258330","SP140",0.0820157909452375
"chr12-113040521-113041416","OAS3",0.0820055186606231
"chr2-239222901-239223500","HDAC4",0.0820013647370311
"chr6-134295646-134296542","SGK1",0.0819970029152716
"chr21-33644358-33645108","ITSN1",0.0819953792369773
"chr10-124092210-124093132","CHST15",0.0819942184084252
"chr17-20280561-20281323","SPECC1",0.0819915386885071
"chr20-32205115-32205956","TM9SF4",0.0819912208901988
"chr1-161705225-161706113","FCGR2B",0.0819910964758868
"chr19-49468764-49469631","FLT3LG",0.0819870947465045
"chr6-159983575-159984389","IGF2R",0.0819816684364632
"chr7-36283403-36284290","EEPD1",0.081980513647255
"chr11-111409682-111410480","POU2AF1",0.0819657897229007
"chr17-7836634-7837391","PER1",0.0819570280487763
"chr6-16651606-16652499","ATXN1",0.0819477258150199
"chr22-37590144-37591046","LGALS2",0.0819338482486222
"chr10-32953557-32954346","ITGB1",0.0819317640850172
"chr12-8996529-8997397","PZP",0.0819283390996683
"chr11-118241236-118242023","CD3E",0.0819128855248279
"chr2-108986821-108987723","SH3RF3",0.0818939164117354
"chr2-46984925-46985753","RHOQ",0.0818909969691985
"chr10-71627730-71628627","PSAP",0.0818863230072573
"chr5-96870274-96871119","LIX1",0.0818823919720737
"chr3-50316466-50317392","CISH",0.0818783670656031
"chr19-54316623-54317542","LILRA5",0.0818611420622156
"chr14-70668844-70669756","MAP3K9",0.0818601745737932
"chr14-102768027-102768910","TRAF3",0.0818535024479631
"chr17-35177211-35178120","SLFN5",0.081850228320387
"chr19-7656831-7657719","STXBP2",0.0818487812879722
"chr4-139188812-139189693","SETD7",0.0818469666320433
"chr1-203606974-203607890","ATP2B4",0.081844781584452
"chr15-58247973-58248841","AQP9",0.0818424240582076
"chr1-58738625-58739442","JUN",0.0818351377158977
"chr16-3074648-3075543","CLUAP1",0.0818158451064868
"chr1-27625911-27626730","SMPDL3B",0.0818045002098005
"chr3-122697940-122698840","PARP15",0.0818035371955804
"chr22-41935930-41936845","SREBF2",0.0817980652321077
"chr5-139388267-139388866","MZB1",0.081774163328548
"chr6-130183599-130184466","SAMD3",0.0817566497309623
"chr2-184596609-184597385","ZNF804A",0.0817485641761101
"chr11-85823564-85824471","SYTL2",0.0817470047639574
"chr14-24627086-24627911","GZMH",0.0817457465291642
"chr11-73217933-73218845","FAM168A",0.0817229124942986
"chr11-9716470-9717379","SWAP70",0.0817180351809128
"chr11-114077347-114078232","ZBTB16",0.0817153896764779
"chr20-32062508-32063353","TM9SF4",0.081714614759395
"chr9-68546316-68547202","PIP5K1B",0.0817132942111903
"chr5-68275025-68275925","PIK3R1",0.081713262651738
"chr1-159799975-159800873","FCRL6",0.0817087503504681
"chr21-15682029-15682801","USP25",0.0817073669837063
"chr22-19419485-19420314","CDC45",0.0817032131385049
"chr6-33080505-33081227","HLA-DQB1",0.0816928683646908
"chr8-16196707-16197599","MSR1",0.0816885072601222
"chr20-32034439-32035295","TM9SF4",0.0816840628250765
"chr2-191150577-191151439","AC067945.4",0.0816763839056055
"chr2-169349138-169350018","LRP2",0.0816734084909555
"chr17-20702442-20703340","LGALS9B",0.0816696498014144
"chr7-22523777-22524626","STEAP1B",0.0816488030082949
"chr18-2889511-2890433","MYL12A",0.0816326225025168
"chr5-6645257-6646170","SRD5A1",0.0816311222557553
"chr2-190408254-190409037","MFSD6",0.0816306333308403
"chr17-7094027-7094901","XAF1",0.0816182665871566
"chr17-44110822-44111708","GRN",0.0816177043117093
"chr1-154463362-154464205","ATP8B2",0.0816059311310697
"chr2-97745253-97746130","ZAP70",0.0816037609702398
"chr8-6426019-6426910","AGPAT5",0.0815905023806983
"chr6-152186214-152186923","SYNE1",0.0815797064038863
"chr10-33155485-33156351","ITGB1",0.0815766902134571
"chr1-24748283-24749116","CLIC4",0.0815646595789044
"chr10-62183187-62184096","ARID5B",0.0815646376944155
"chrX-23871641-23872509","ACOT9",0.0815588247778726
"chr14-91867136-91867997","CATSPERB",0.0815572259877496
"chr1-17603103-17604000","ARHGEF10L",0.0815552365426692
"chr4-140718070-140718883","TBC1D9",0.0815472833281716
"chr8-129269037-129269924","CCDC26",0.0815182346458355
"chr9-120692925-120693780","MEGF9",0.0815152700450082
"chr5-124583530-124584441","ZNF608",0.0815115162956324
"chr14-61749031-61749931","HIF1A",0.081509417595542
"chr2-168965696-168966632","LRP2",0.0815000102596628
"chr12-10285705-10286575","KLRC1",0.0814952517394918
"chr12-121144338-121145027","OASL",0.0814945592477763
"chr9-91905740-91906629","ROR2",0.0814932028593263
"chr17-30352000-30352857","CPD",0.0814819639498568
"chr12-98446604-98447455","APAF1",0.0814811112012679
"chr1-9900145-9901048","KIF1B",0.0814777011638936
"chr22-37590144-37591046","CYTH4",0.0814775387236669
"chr1-184866764-184867643","C1orf21",0.0814714508758692
"chr12-54967134-54967827","TESPA1",0.0814671607857778
"chr6-42915640-42916499","PTCRA",0.0814594812325169
"chr6-79666384-79667230","SH3BGRL2",0.0814593178685894
"chr22-33299356-33300210","LARGE-AS1",0.0814576111361814
"chr7-77570042-77570868","GSAP",0.081456931240895
"chr3-49248514-49249369","USP4",0.081455770014624
"chr3-112907977-112908844","BTLA",0.0814528713193385
"chr16-31130114-31130917","ITGAX",0.0814500724761755
"chr9-126985626-126986496","RPL12",0.0814447613053174
"chr16-57529757-57530680","ADGRG1",0.0814424290965252
"chr7-2863379-2864260","TTYH3",0.0814363838097355
"chr2-217902392-217903285","RUFY4",0.0814284533381343
"chr2-43226233-43227114","ZFP36L2",0.0814145053116176
"chr18-44798181-44799020","SETBP1",0.081412589953293
"chr3-197031181-197032080","PIGX",0.0814014698368623
"chr1-67274425-67275303","IL12RB2",0.0813994806068448
"chr6-7324235-7325150","RREB1",0.0813987491607724
"chr11-33912410-33913239","LMO2",0.0813981024680863
"chr17-64001559-64002453","MAP3K3",0.0813933288814848
"chr12-123075516-123076384","PITPNM2",0.081387795510072
"chr15-73051758-73052696","NEO1",0.0813837619509709
"chr15-90059253-90060153","SEMA4B",0.0813543387008345
"chr1-157709964-157710455","FCRL3",0.0813517190762096
"chr3-4978795-4979479","BHLHE40",0.0813487976484856
"chr19-10412032-10412929","S1PR5",0.0813427743802927
"chr14-22819075-22819876","SLC7A7",0.0813389383397758
"chr15-40902307-40903187","CHP1",0.0813321955880572
"chr1-27904257-27905143","WASF2",0.0813318398899119
"chr14-68782017-68782696","ACTN1",0.0813271228001611
"chr7-2237022-2237929","SNX8",0.081322517431012
"chr1-24727253-24728152","CLIC4",0.0813179960168752
"chr9-37034090-37034923","EBLN3P",0.081308102480184
"chr7-22661750-22662657","RAPGEF5",0.0813059084533245
"chr3-27721603-27722486","EOMES",0.0813053923822096
"chr18-32773081-32773908","KLHL14",0.0813030251550904
"chr3-52891460-52892266","TKT",0.081292380840915
"chr4-38857525-38858320","TLR1",0.0812874063701716
"chr10-12053529-12054312","USP6NL",0.0812821806395364
"chr6-154256777-154257632","IPCEF1",0.0812713670819392
"chr19-3813613-3814348","MATK",0.0812657580319568
"chr17-76597661-76598465","SEC14L1",0.0812592958942502
"chr16-50741512-50742393","CYLD",0.0812590809364312
"chr2-46970312-46971202","RHOQ",0.0812555982130577
"chr16-81447361-81448160","CMIP",0.0812537173489082
"chr17-78442410-78443321","PGS1",0.0812421437615268
"chr19-54451044-54451948","LILRA5",0.0812409355569764
"chr20-48788472-48789283","LINC00494",0.0812385594904102
"chr19-35420105-35421011","TYROBP",0.0812319560976548
"chr7-21945385-21946309","RAPGEF5",0.0812288429631231
"chr9-131621226-131622005","RAPGEF1",0.0812142032383908
"chr12-10397212-10398014","KLRC4",0.0812135398958176
"chr4-38761286-38762153","TLR1",0.0812088956343592
"chr18-55376117-55376998","TCF4",0.0812039427741649
"chr1-24372821-24373720","IFNLR1",0.0811905238707383
"chr12-10279695-10280578","KLRC3",0.0811872428464617
"chr22-39308498-39309426","APOBEC3A",0.081175705077692
"chr3-171805915-171806768","FNDC3B",0.0811751755716186
"chr4-108045354-108046193","LEF1-AS1",0.0811618032492363
"chr3-58355068-58355750","DNASE1L3",0.0811575887979676
"chr19-41327356-41328242","TGFB1",0.0811554366802858
"chr19-54047349-54048256","LILRA6",0.0811546647467124
"chr19-54573467-54574229","OSCAR",0.0811519733175852
"chr14-92649649-92650431","ITPK1",0.0811518284745781
"chr6-32774153-32775018","HLA-DPA1",0.0811462400249759
"chr1-51328872-51329731","TTC39A",0.0811413062912408
"chr1-24984851-24985712","RUNX3",0.0811063726279881
"chr14-94390228-94391122","SERPINA1",0.0810854269629081
"chr19-54606852-54607436","LILRB1",0.0810817587033276
"chr6-30781573-30782454","IER3",0.0810792610114496
"chr1-27885463-27886053","IFI6",0.0810753077257321
"chr19-35907869-35908552","TYROBP",0.0810744943837721
"chr2-60492265-60493196","BCL11A",0.0810743889214425
"chr22-17121085-17121878","IL17RA",0.0810654537586114
"chr15-101455171-101456084","CHSY1",0.0810631829603494
"chr14-103122934-103123798","EIF5",0.0810539604563437
"chr17-65179353-65180192","RGS9",0.0810525820620899
"chr6-32589385-32590284","HLA-DQA2",0.0810505310195618
"chr5-79235652-79236526","JMY",0.0810237815579767
"chr9-112061017-112061908","SUSD1",0.081013746075257
"chr19-48967282-48968212","FTL",0.0810054470030579
"chr19-7674025-7674925","PNPLA6",0.0810016852216283
"chr16-57889379-57890122","ADGRG5",0.0809994086493689
"chrX-107741746-107742681","VSIG1",0.0809947674825351
"chr2-38666831-38667712","GALM",0.0809929066942278
"chr5-74865840-74866721","FAM169A",0.0809810835672019
"chr20-3712227-3713115","SIGLEC1",0.0809810693658534
"chr19-49475887-49476706","FLT3LG",0.0809788606347702
"chr19-54280445-54281381","MYADM",0.0809784283574314
"chr6-159683011-159683771","SOD2",0.0809762754294869
"chr2-152594039-152594932","FMNL2",0.080970810994629
"chr14-52175723-52176607","GNG2",0.0809707990460709
"chr3-19539673-19540522","KCNH8",0.0809706399990457
"chr19-16324257-16325144","KLF2",0.0809696699016275
"chr12-9751606-9752440","CLEC2D",0.0809393635884792
"chr3-196687999-196688906","PAK2",0.0809350781146756
"chr20-50378933-50379842","CEBPB",0.0809339197803998
"chr1-231750768-231751604","DISC1",0.0809336987815547
"chr22-39114759-39115596","MGAT3",0.080928502058602
"chr2-144459689-144460569","GTDC1",0.0809264447536767
"chr21-41431505-41432403","BACE2",0.0809073688202006
"chr20-3713855-3714742","SIGLEC1",0.0809045590686435
"chr5-140321549-140322438","SRA1",0.0809004855478792
"chr1-17364997-17365900","PADI4",0.0808979470378867
"chr1-156151106-156151847","LMNA",0.0808952649041272
"chr1-157776681-157777606","FCRL2",0.0808929403983589
"chr11-72741232-72742082","ATG16L2",0.0808922665367319
"chr5-150112764-150113639","CD74",0.0808843721745913
"chr12-10385031-10385912","KLRD1",0.0808609928480902
"chr4-76034905-76035757","NAAA",0.0808551509577097
"chr3-151347256-151348091","P2RY13",0.0808531303175519
"chr3-72100462-72101320","RYBP",0.080844955568204
"chr1-108074786-108075683","VAV3",0.0808365357648155
"chr2-161956416-161957302","DPP4",0.0808197345085996
"chr13-41271547-41272334","NAA16",0.0808166162149386
"chr1-157562245-157563098","FCRL3",0.0808156217241987
"chr19-18152346-18153325","JAK3",0.0808029254932688
"chr4-176065414-176066313","GPM6A",0.0807997461259102
"chr19-18514627-18515518","ELL",0.0807868535517128
"chr2-69978314-69979166","MXD1",0.0807761612418098
"chr19-49929473-49930300","FLT3LG",0.0807716704431599
"chr19-1247954-1248788","MIDN",0.0807547176974727
"chr12-10400611-10401464","KLRK1",0.0807482158104895
"chr6-161079747-161080669","MAP3K4",0.0807465566363923
"chr17-78818689-78819599","CYTH1",0.0807458884456722
"chr21-41761194-41761953","MX1",0.0807213089973071
"chr10-14564063-14564975","FAM107B",0.0806985117030427
"chr12-79689448-79690258","PAWR",0.080696050023313
"chr21-45234144-45234866","LINC00334",0.0806957778926377
"chr7-100368900-100369786","ZCWPW1",0.0806811711049762
"chr2-64212157-64212948","PELI1",0.0806753253168795
"chr4-139872059-139872962","MGST2",0.0806745933056924
"chr19-6767228-6768156","SH2D3A",0.0806650347048789
"chr6-138992704-138993553","NHSL1",0.0806527449524239
"chr10-116946891-116947667","SHTN1",0.0806413909699271
"chr14-75615015-75615883","LINC01220",0.0806370614434886
"chr6-3456640-3457483","SLC22A23",0.080635981644593
"chr20-3433984-3434842","SIGLEC1",0.0806257800917831
"chr3-53166723-53167619","PRKCD",0.0806256700435887
"chr14-24329475-24330346","GZMB",0.0806095142676794
"chr17-19303955-19304804","AC007952.4",0.0806043216798861
"chr19-45514824-45515713","ERCC1",0.0806023256423175
"chr19-3141708-3142574","NFIC",0.0805896298890281
"chr7-111987031-111987986","DOCK4",0.0805881900974514
"chr6-134720450-134721352","SGK1",0.0805766929269584
"chr16-88971499-88972393","CBFA2T3",0.0805646674897369
"chr2-73033356-73034051","SFXN5",0.0805493658762387
"chr3-71454092-71454656","FOXP1",0.0805402588925636
"chr14-63748765-63749538","SGPP1",0.0805311126910841
"chr5-160271201-160272086","CCNJL",0.0805236614554967
"chr9-92953854-92954745","SUSD3",0.0805110725358278
"chr11-60378258-60378689","MS4A4E",0.0804958216092751
"chr14-91836126-91836967","CATSPERB",0.0804849917304544
"chr8-17922380-17923252","PCM1",0.0804797250027192
"chr16-85568186-85569008","IRF8",0.0804744617097924
"chr3-52253057-52253939","RPL29",0.0804661831871173
"chr12-113214682-113215577","OAS3",0.0804550333851393
"chr1-153375253-153376131","S100A8",0.0804546812370969
"chr6-96924151-96925061","KLHL32",0.0804508483101312
"chr2-152114150-152115048","FMNL2",0.080448817236214
"chr19-45075052-45075940","ERCC1",0.0804484668153258
"chr19-53829732-53830632","MBOAT7",0.0804456594867072
"chr17-74712648-74713532","CD300LF",0.0804431071990607
"chr19-14775550-14776143","ADGRE5",0.0804412654032992
"chr1-88701181-88701928","GBP1",0.0804396698680361
"chr14-104924477-104925340","PLD4",0.0804371012271017
"chr20-43438240-43439093","MYBL2",0.0804360259803112
"chr16-29337176-29338101","CD19",0.0804321175332448
"chr1-204452863-204453764","PIK3C2B",0.0804255088763087
"chr6-32774153-32775018","HLA-DRB5",0.0804241043304803
"chr16-81822880-81823790","PLCG2",0.0804218160820143
"chr22-41939818-41940699","CENPM",0.0804211933747563
"chr19-14126906-14127706","PRKACA",0.0804208631765976
"chr9-114369259-114370167","AKNA",0.0804204699725302
"chr9-72423851-72424734","ZFAND5",0.0804142504580035
"chr2-165016455-165017319","SLC38A11",0.0804087993764469
"chr2-179031604-179032460","CCDC141",0.080405107351619
"chr12-109827878-109828786","TCHP",0.0804026168686233
"chr5-80139563-80139995","SERINC5",0.080400756755479
"chr19-54312395-54313201","NLRP12",0.0804003106965597
"chr11-44680825-44681685","TSPAN18",0.0803904477509518
"chr17-64066477-64067387","ERN1",0.0803887540238095
"chr6-106098569-106099343","PRDM1",0.0803656006851622
"chr12-10673735-10674629","STYK1",0.08036295435587
"chr14-32349724-32350591","AKAP6",0.0803609741051075
"chr22-49966705-49967404","PLXNB2",0.080360254024815
"chr19-2663859-2664788","DIRAS1",0.0803487446246479
"chr17-82278950-82279769","SECTM1",0.0803482619999569
"chr1-153566215-153567026","S100A6",0.0803377960232182
"chr16-85062838-85063397","COTL1",0.0803374905530079
"chr19-5321901-5322798","PTPRS",0.080333906023354
"chr16-57802046-57802953","KIFC3",0.0803309276334183
"chr17-74520695-74521115","TTYH2",0.0803278496156586
"chr3-186525968-186526821","ST6GAL1",0.0803195758384585
"chr1-24481776-24482565","NIPAL3",0.0803185527329862
"chr11-6413443-6414339","DCHS1",0.080310698605183
"chr7-22696444-22697203","STEAP1B",0.0803105738102348
"chr6-149494665-149495522","ZC3H12D",0.0802822826627992
"chr19-54247696-54248604","LILRA6",0.080274882929776
"chr7-22499760-22500659","STEAP1B",0.0802745103601905
"chr15-59002115-59003027","MYO1E",0.0802677690117062
"chr15-90059253-90060153","ZNF710",0.0802595037833499
"chr12-31896301-31897204","DENND5B",0.0802564743527018
"chr14-32201170-32201829","AKAP6",0.0802425666678398
"chr2-197954046-197954938","PLCL1",0.0802402029021258
"chr12-9027114-9027893","PZP",0.0802396084776513
"chr11-65424882-65425686","SLC25A45",0.080235358485377
"chr19-42283573-42284567","ARHGEF1",0.0802234359050526
"chr19-18117468-18118368","JAK3",0.0802170185343737
"chr19-566162-566951","CFD",0.0802151222747316
"chr2-28406545-28407420","FOSL2",0.0802127537802046
"chr5-56102020-56102867","IL6ST",0.0802004493375419
"chr6-157823765-157824629","SNX9",0.0801976281796613
"chr19-1415129-1416004","ARID3A",0.080195852270927
"chr6-106702152-106703075","QRSL1",0.0801954152391844
"chr12-10182373-10183252","OLR1",0.0801862002068771
"chr12-110661205-110662121","HVCN1",0.0801850008882776
"chr17-21130876-21131748","DHRS7B",0.0801795065647269
"chr1-1212684-1213430","TNFRSF18",0.0801509767564533
"chr22-26642704-26643541","MIAT",0.0801505061789735
"chr9-87502200-87503096","CTSL",0.0801476130582509
"chr5-10699791-10700695","ANKRD33B",0.080141907642105
"chr17-7121215-7121781","CD68",0.0801402240640006
"chr19-39430465-39431384","PLEKHG2",0.0801395222133621
"chr9-91147500-91148348","NFIL3",0.0801325468803945
"chr13-41464938-41465811","RGCC",0.0801153089098177
"chr10-71775028-71775937","CDH23",0.0801083077889513
"chr12-122898261-122899176","PITPNM2",0.08010754865126
"chr6-69867021-69867841","LMBRD1",0.0801030585447695
"chr11-118305616-118306367","CD3G",0.080089767493526
"chr7-150668176-150669104","GIMAP1",0.0800890194818663
"chr6-7201760-7202625","RREB1",0.0800817740344563
"chr3-50620209-50621200","MAPKAPK3",0.0800665035073534
"chr14-75301485-75302380","FLVCR2",0.0800552095826366
"chr6-32397116-32397930","HLA-DOB",0.0800511413598023
"chr17-82241339-82242209","SLC16A3",0.0800509907063492
"chr16-85870425-85871056","IRF8",0.0800480062171295
"chr11-65610733-65611607","EHBP1L1",0.0800327745144123
"chr9-91394848-91395648","NFIL3",0.0800179813180563
"chr3-5139524-5140274","ARL8B",0.0800178959225704
"chr1-116980929-116981804","IGSF3",0.0800156076345809
"chr2-41840542-41841410","EML4",0.0800030970968537
"chr11-61162530-61163239","SLC15A3",0.0799996092967032
"chr1-160837285-160838165","SLAMF6",0.0799941915846509
"chr7-92684888-92685784","CDK6",0.07998603066766
"chr19-51116562-51117401","NKG7",0.0799653375975116
"chr11-122843192-122844066","CRTAM",0.0799533210321796
"chr1-240575985-240576889","GREM2",0.0799463298698515
"chr11-61163925-61164849","VPS37C",0.079934118416047
"chr19-1415129-1416004","MIDN",0.0799309617042359
"chr12-29164464-29165353","FAR2",0.0799239317115071
"chr12-10197605-10198487","KLRC1",0.0799169210070732
"chr14-105617019-105617723","FAM30A",0.0799160732855743
"chr17-1098066-1098944","PITPNA",0.0799091053755555
"chr6-118558580-118559454","CEP85L",0.0799055241297354
"chr11-72584118-72585012","ARAP1",0.0798843560747908
"chr17-5232525-5233433","CXCL16",0.0798828807058183
"chr5-112419927-112420749","EPB41L4A",0.0798708260021979
"chr1-24186939-24187807","CNR2",0.0798688504262318
"chr21-38985227-38986031","ERG",0.0798542349061362
"chr5-150129704-150130595","PPARGC1B",0.0798520907246456
"chr4-42671234-42672103","ATP8A1",0.0798485506096907
"chr2-197934707-197935408","PLCL1",0.0798452087759147
"chr17-5220811-5221688","PFN1",0.0798422572548163
"chr10-89242683-89243524","ANKRD22",0.0798374543733985
"chr3-71309180-71309875","FOXP1",0.0798104968681842
"chr9-68638945-68639707","PIP5K1B",0.0797971101883278
"chr12-10213211-10213873","KLRD1",0.0797851781274538
"chr5-143002370-143003288","NR3C1",0.0797690773959945
"chr3-141266684-141267543","RASA2",0.0797675844341496
"chr19-19627858-19628711","ZNF506",0.0797654764533788
"chr19-37973518-37974388","PPP1R14A",0.0797530742738133
"chr7-91164839-91165668","FZD1",0.0797410022671621
"chr3-32516151-32517020","CMTM6",0.0797352543539387
"chr8-141366794-141367622","GPR20",0.0797341784259875
"chr13-21061132-21061961","ZDHHC20",0.0797340729800993
"chr12-10394214-10394868","KLRC4",0.0797309817020984
"chr2-184599737-184600499","ZNF804A",0.0797228141564552
"chr2-17518056-17518962","SMC6",0.0797212575732349
"chr20-50292260-50293160","CEBPB",0.0796982457983018
"chr19-11179732-11180622","ACP5",0.0796974897466709
"chr1-204072913-204073764","ATP2B4",0.0796937701935448
"chr12-47360632-47361359","PCED1B-AS1",0.0796930808853845
"chr11-65316463-65317062","AP5B1",0.079691772012039
"chr19-54551197-54551699","LAIR2",0.0796901969043831
"chr10-7269100-7270009","SFMBT2",0.0796872041265664
"chr20-50799574-50800502","BCAS4",0.0796858060165744
"chr6-32437089-32438003","HLA-DQA2",0.0796855954774003
"chr9-35618044-35618932","CD72",0.0796803522375436
"chr11-73386955-73387796","RELT",0.0796726202682002
"chr11-326705-327597","IFITM3",0.079668191145891
"chr3-15342722-15343625","EAF1",0.0796656370937528
"chr7-115008804-115009575","MDFIC",0.0796616762034201
"chr11-85756084-85756909","SYTL2",0.0796602567138023
"chr3-190231577-190232430","IL1RAP",0.0796431209046015
"chr12-107319831-107320567","BTBD11",0.0796418344362498
"chr19-54247696-54248604","LILRA5",0.079636639077098
"chr12-113214682-113215577","OAS1",0.0796264101955543
"chr17-7169087-7169889","CD68",0.0796034425413654
"chr2-226838988-226839793","COL4A4",0.0796032508359568
"chr17-7557971-7558686","CD68",0.0795977574109313
"chr10-17023234-17024063","VIM",0.0795921587621488
"chr20-36644062-36644983","SLA2",0.0795879226661816
"chr20-24929904-24930711","CST7",0.0795860277901916
"chr20-32475063-32475906","HCK",0.0795806237995409
"chr1-25095408-25096251","RUNX3",0.0795791344547156
"chr21-33007469-33008379","OLIG1",0.0795756617780725
"chr19-11318969-11319874","C19orf38",0.0795715118205326
"chr12-14156890-14157804","ATF7IP",0.0795703962593683
"chr2-179264209-179265124","SESTD1",0.079570191936939
"chr2-217934393-217935147","RUFY4",0.0795657059995482
"chr12-121546886-121547732","CAMKK2",0.0795650652804648
"chr16-89719009-89719853","FAM157C",0.0795470301648754
"chr1-17307938-17308582","PADI4",0.0795409818614596
"chr15-23565977-23566568","MKRN3",0.0795368272736244
"chr21-39097230-39098127","ETS2",0.0795249061983349
"chr15-52234775-52235534","GNB5",0.0795203399269782
"chr15-88635195-88635856","ISG20",0.0795200479507831
"chr3-12841204-12842079","RPL32",0.0795022046308514
"chr17-2122923-2123381","SLC43A2",0.0795008465964132
"chr12-26126319-26126845","SSPN",0.0794875980759827
"chr15-59327668-59328548","MYO1E",0.079464982381178
"chr3-141552810-141553678","RASA2",0.0794488712655413
"chr17-59167284-59168165","PRR11",0.0794315753785093
"chr1-157552015-157552857","FCRL3",0.0794304947645669
"chr1-27116386-27117293","WASF2",0.0794180883968384
"chr1-146037642-146038430","TXNIP",0.0794175285035091
"chr16-50695335-50696092","NOD2",0.079412437014566
"chr14-75297088-75298024","JDP2",0.0794060707408886
"chr22-37574312-37575211","TRIOBP",0.0794045900335172
"chr5-170404169-170405061","LCP2",0.0793817256324378
"chr12-10395144-10396052","KLRD1",0.07937814277812
"chr2-108652282-108653196","LIMS1",0.0793689978135479
"chr1-157700451-157701288","FCRL5",0.0793685192541138
"chr18-23570696-23571548","NPC1",0.0793582153445636
"chr10-944201-945096","LARP4B",0.0793561359752603
"chr14-63857212-63858110","ESR2",0.0793503042989634
"chr22-46593156-46594013","TBC1D22A",0.0793491180782652
"chr7-151206769-151207615","WDR86-AS1",0.0793475140206991
"chr7-102306689-102307594","SH2B2",0.0793446616628175
"chr6-11770396-11771302","NEDD9",0.0793315256875354
"chr4-38761286-38762153","KLHL5",0.0793098288370491
"chr10-14571721-14572611","FAM107B",0.0793096086407828
"chr5-150081608-150082507","CSF1R",0.0792902288103054
"chr19-14409801-14410682","ADGRE5",0.0792602235429479
"chr3-190120340-190121121","P3H2",0.0792560035362399
"chr19-54312395-54313201","LILRA5",0.0792428776049856
"chr12-10397212-10398014","KLRC1",0.0792203932624377
"chr22-38981862-38982732","APOBEC3A",0.079216216966605
"chr1-89274157-89275056","GBP5",0.0792149865182386
"chr13-99303746-99304564","GPR183",0.079188461094053
"chr6-41208227-41209147","TREML2",0.0791751418233517
"chr19-54209457-54210244","LILRA2",0.0791737183387744
"chr22-32132171-32133095","RFPL2",0.0791730608727095
"chr11-65134430-65135275","RASGRP2",0.0791694646071891
"chr4-112316123-112316987","ALPK1",0.0791668254057793
"chr2-108986821-108987723","EDAR",0.0791431232036598
"chr8-60851644-60852554","RAB2A",0.0791422472621218
"chr18-69876380-69877189","CD226",0.0791418251752266
"chr20-37356101-37356879","SAMHD1",0.0791417900742511
"chr7-44097008-44097880","AEBP1",0.0791416555532756
"chr13-108281624-108282469","TNFSF13B",0.0791373372022746
"chr10-88852924-88853815","IFIT3",0.079135729740633
"chr1-15231400-15232310","PLEKHM2",0.0791339062235553
"chr1-21261567-21262457","EIF4G3",0.0791315553659328
"chr22-35380646-35381546","APOL6",0.0791300821912221
"chr17-78759017-78759888","CYTH1",0.0791185216199591
"chr6-111804347-111805167","FYN",0.0791167327517703
"chr2-201257977-201258789","TRAK2",0.0791072522844568
"chr6-167111292-167112036","CCR6",0.0790985541757535
"chr11-107988170-107989085","RAB39A",0.0790978900580389
"chr16-85135909-85136772","CRISPLD2",0.0790954745548131
"chr20-1844446-1845348","SIRPA",0.0790941989128246
"chr22-46768268-46769122","TBC1D22A",0.0790893414526294
"chr2-108988788-108989635","EDAR",0.0790825428596937
"chr17-83152991-83153902","METRNL",0.0790729184567888
"chr19-7718488-7719369","FCER2",0.0790715357808428
"chr21-38979340-38980243","ETS2",0.0790666745138564
"chr7-150603301-150604170","GIMAP7",0.0790493058805936
"chr2-218733444-218734326","CYP27A1",0.079038912069908
"chr15-59398185-59398863","MYO1E",0.0790379355769816
"chr7-55469004-55469896","VOPP1",0.0790367662799832
"chr6-327875-328683","IRF4",0.0790333583093885
"chr17-3684978-3685647","P2RX5",0.0790197360553608
"chr11-63871767-63872658","RPS6KA4",0.0790189175689656
"chr16-81457520-81458419","CMIP",0.0790067832996537
"chr8-141294675-141295542","DENND3",0.0790053562647713
"chr12-122646503-122647414","CLIP1",0.0789948142671153
"chr5-175696280-175697170","HRH2",0.0789848142902819
"chr2-68390849-68391748","PPP3R1",0.0789798572294765
"chr20-32112673-32113517","TM9SF4",0.0789713539570226
"chr6-42770894-42771807","TRERF1",0.0789628774682088
"chr17-77579460-77580340","SEC14L1",0.0789267814961522
"chr6-143397083-143397975","PHACTR2",0.0789194498813995
"chr9-134340753-134341092","RXRA",0.0789133969345567
"chr1-161623183-161624023","PCP4L1",0.0789127411624585
"chr17-27530722-27531614","LGALS9",0.0789076658026914
"chr19-39403543-39404422","ZFP36",0.0789053891381039
"chr15-60408193-60409089","ANXA2",0.0789038078653453
"chr16-81752025-81752901","CMIP",0.0788917625514325
"chr7-140315915-140316849","KDM7A",0.0788743590740352
"chr4-38985292-38985999","TMEM156",0.0788725479465189
"chr6-32945189-32945993","HLA-DQA2",0.0788714633692671
"chr12-52585752-52586668","KRT73",0.0788695254140685
"chr10-72088255-72089092","ANAPC16",0.0788691557978172
"chr10-29735366-29736082","SVIL",0.0788616595968548
"chr19-54551197-54551699","KIR2DL1",0.0788579246814065
"chr3-52243971-52244773","STAB1",0.078855859742386
"chr15-101193755-101194600","CHSY1",0.0788558078865837
"chr2-88615620-88616502","EIF2AK3",0.0788557300040933
"chr6-33620796-33621715","CUTA",0.0788516341946775
"chr3-30353841-30354733","TGFBR2",0.0788481117351068
"chr6-30617127-30617968","HLA-E",0.0788433481336614
"chr13-99314507-99315385","GPR183",0.0788416887194762
"chr7-94655792-94656648","PEG10",0.0788206560209759
"chr12-9906616-9907509","KLRD1",0.0788146397039873
"chr16-1855088-1855987","TMEM204",0.0788101232987923
"chr15-38072287-38073000","SPRED1",0.0788094708901527
"chr17-30972127-30972938","RNF135",0.0788076864396687
"chr3-18778274-18779194","SATB1-AS1",0.0788056047339811
"chr12-10288766-10289668","KLRC2",0.0787986644391298
"chr12-10186114-10186944","GABARAPL1",0.0787983682471855
"chr12-71625907-71626767","TRHDE",0.0787960031373861
"chr6-106974623-106975365","QRSL1",0.0787958007060546
"chr9-133845123-133846028","VAV2",0.078790615785042
"chr12-107369406-107370288","BTBD11",0.0787841706446908
"chr19-54662484-54663343","FCAR",0.078782995964867
"chr7-66204814-66205730","TPST1",0.0787757033336069
"chr1-154954959-154955726","KRTCAP2",0.0787521619496544
"chr19-53851505-53852345","MBOAT7",0.0787414850937988
"chr16-81752025-81752901","PLCG2",0.0787353350772379
"chr12-108691342-108692233","CORO1C",0.0787313492870148
"chr2-60926890-60927764","REL",0.0787309896544361
"chr12-122681577-122682496","CLIP1",0.0787258547911886
"chr9-88927229-88928072","S1PR3",0.0787208892516417
"chr19-13147832-13148335","MAN2B1",0.0787159908520531
"chr14-105691108-105691978","FAM30A",0.078714797524157
"chr15-52232061-52232810","FAM214A",0.0787061209649205
"chr17-7114628-7115534","TNFSF13",0.0787026594302979
"chr22-37574312-37575211","CYTH4",0.078700955468162
"chr11-33891227-33892118","LMO2",0.0786914869143809
"chr17-19980025-19980896","SPECC1",0.0786879875457114
"chr5-157112831-157113733","HAVCR2",0.0786836165933831
"chr19-39893364-39894279","FCGBP",0.0786729186850827
"chr2-26455427-26456289","RAB10",0.078672842338329
"chr19-54804097-54804892","KIR2DL3",0.0786575406466976
"chr11-406746-407674","PGGHG",0.0786513697853283
"chr3-69500360-69501181","FRMD4B",0.0786492048983313
"chr16-68417618-68418541","SLC7A6",0.0786421927272456
"chr19-44765361-44766264","NECTIN2",0.0786403895079634
"chr12-31204728-31205615","DENND5B",0.0786332585251085
"chr4-10044464-10045334","SLC2A9",0.0786280094258307
"chr12-29691167-29692060","TMTC1",0.0786218602763661
"chr6-168662218-168662902","SMOC2",0.0786124850490843
"chr2-100643805-100644664","RPL31",0.078610282506195
"chr22-37590144-37591046","TRIOBP",0.0786073256577882
"chr6-148866584-148867422","UST",0.0786069726393996
"chr17-36107652-36108025","CCL4L2",0.0785945571637642
"chr8-78515791-78516678","PKIA",0.0785916250571207
"chr14-92675711-92676534","SLC24A4",0.0785895636754552
"chr8-60702975-60703848","CHD7",0.0785885244320231
"chr5-76715640-76716508","IQGAP2",0.0785777190816082
"chr15-88635971-88636624","HAPLN3",0.078570533848337
"chr2-241108583-241109277","PASK",0.0785667237911626
"chr6-157556612-157557245","ZDHHC14",0.078563793809345
"chr2-219247423-219248338","TUBA4A",0.078563738524494
"chr12-10243633-10244531","KLRF1",0.0785614551284972
"chr11-110092621-110093529","RDX",0.0785564079756692
"chr16-85571752-85572392","IRF8",0.0785532370254838
"chr12-106245866-106246637","CKAP4",0.0785525229811483
"chr5-173714344-173715260","CPEB4",0.0785502874469453
"chr19-51339625-51340442","SIGLEC9",0.0785488847803612
"chr12-101931498-101932417","CHPT1",0.0785466720003522
"chr16-21590212-21591004","IGSF6",0.0785266902523822
"chr14-24246547-24247451","GZMH",0.0785244992448292
"chr12-8953711-8954643","PZP",0.0785244535660414
"chr7-102408217-102409062","ORAI2",0.0785225156281867
"chr1-24733013-24733921","CLIC4",0.0785222978881727
"chr5-124934783-124935650","ZNF608",0.0785208030291866
"chr1-88701181-88701928","PKN2",0.0785190223973313
"chr4-139674989-139675836","ELF2",0.0785183093340318
"chr2-1781183-1781989","PXDN",0.0785141667040459
"chr2-234490175-234490932","ARL4C",0.0785080735223882
"chr17-78442410-78443321","SOCS3",0.0785018309310133
"chr2-152030671-152031540","FMNL2",0.07850026651613
"chr8-27334308-27335128","PTK2B",0.078489253693118
"chr16-4413994-4414865","HMOX2",0.07848604173017
"chr19-33302169-33303081","CEBPA",0.0784824121164633
"chr4-6177505-6178389","JAKMIP1",0.0784796006032686
"chr11-59284139-59285031","GLYATL1",0.0784628693001539
"chr2-233418468-233419356","DGKD",0.0784592396562613
"chr17-74917140-74917992","CD300E",0.0784567857628783
"chr6-35331974-35332870","FKBP5",0.0784462929410758
"chr3-18409976-18410793","SATB1",0.0784457548766267
"chr16-50038906-50039807","ADCY7",0.0784408850491276
"chr6-32668046-32668961","HLA-DOB",0.078433872987708
"chr19-43782446-43783352","KCNN4",0.0784317397527496
"chr5-91162412-91163320","LUCAT1",0.0784299926787356
"chr10-12277639-12278541","CAMK1D",0.078426574778349
"chr16-79271888-79272806","MAF",0.0784258659508454
"chr12-12622169-12623095","DUSP16",0.078417256387919
"chrX-17736768-17737692","SCML1",0.0784147594275726
"chr16-85063500-85063837","KIAA0513",0.0784117212932233
"chr18-69898363-69898922","CD226",0.0784033312141579
"chr14-73237165-73237835","NUMB",0.0783980683995617
"chr11-124732006-124732910","NRGN",0.0783969357769326
"chr20-32509429-32510306","NOL4L",0.0783851728708828
"chr2-241881268-241882183","LINC01237",0.0783776551642144
"chr18-69885642-69886509","DOK6",0.0783752924241635
"chr3-169940243-169941149","SEC62",0.0783725973819797
"chr12-31810850-31811743","DENND5B",0.07836898411574
"chr1-9730308-9731196","KIF1B",0.0783669723397597
"chr1-27885463-27886053","WASF2",0.0783658092435203
"chr17-76480775-76481654","RHBDF2",0.0783626502069998
"chr16-11327097-11327879","CIITA",0.0783609401091082
"chr16-88957910-88958825","CBFA2T3",0.0783586755295708
"chr22-38967490-38968394","CBX6",0.0783542669210417
"chr7-2529057-2529689","TTYH3",0.0783535766909446
"chr3-195039818-195040693","ACAP2",0.0783504121987858
"chr1-9892920-9893736","KIF1B",0.0783474888957023
"chr3-122002799-122003645","SLC15A2",0.0783456165413316
"chr5-150488340-150489176","NDST1",0.0783424022635172
"chr13-41464938-41465811","VWA8",0.0783413867231306
"chr18-4453874-4454730","DLGAP1",0.0783397684722958
"chr6-11413439-11414191","TMEM170B",0.0783388767480787
"chr19-54573467-54574229","LILRA1",0.0783322604584384
"chr6-167098507-167099368","CCR6",0.078328409891735
"chr1-995474-996299","HES4",0.0783278902564458
"chr10-5852148-5853062","PFKFB3",0.0783180186392757
"chr18-77067224-77068079","MBP",0.0783136458390258
"chr17-78198678-78199600","PGS1",0.0783134088794441
"chr4-76089951-76090852","SCARB2",0.0783104612797327
"chr19-4539743-4540629","KDM4B",0.0783091429472641
"chr11-46235974-46236718","PHF21A",0.0783056600171994
"chr21-39094199-39095004","ETS2",0.0783030081556077
"chr5-10563763-10564619","ANKRD33B",0.0782946055458893
"chr11-65546202-65547094","SLC25A45",0.0782901026736766
"chr9-35814769-35815705","SIT1",0.0782878612451383
"chr13-75326321-75327197","LMO7",0.078285512074347
"chr9-37372032-37372665","ZCCHC7",0.07828323236466
"chr22-41919321-41920274","SREBF2",0.0782696403877682
"chr11-83053725-83054609","RAB30",0.0782623605437212
"chr1-241531352-241532131","KMO",0.0782481147901057
"chr1-151944246-151945009","SNX27",0.0782465730459439
"chr8-73880047-73880796","UBE2W",0.0782406809854593
"chr19-54373490-54374378","LILRA6",0.0782392222404618
"chr5-132457248-132458092","IRF1",0.0782247174014243
"chr9-112894436-112895183","FKBP15",0.0782225440246955
"chr15-88656622-88657437","ISG20",0.0782218595187857
"chr19-54643793-54644548","LILRA2",0.0782161122749864
"chr4-114603225-114604120","UGT8",0.0782111662827875
"chr2-165013573-165014382","SCN3A",0.0782062774713073
"chrX-47634037-47634807","CFP",0.0781953385174205
"chr2-218363425-218364313","GPBAR1",0.0781952849417067
"chr4-71107463-71108375","SLC4A4",0.0781847034271824
"chr2-168246600-168247119","STK39",0.0781794712461429
"chr22-23820501-23821408","VPREB3",0.0781785505019167
"chr16-85954996-85955856","IRF8",0.0781755380942325
"chr9-94642882-94643790","MFSD14B",0.0781731276688323
"chr20-1537422-1538182","SIRPB1",0.0781571886014844
"chr6-157456158-157457079","ZDHHC14",0.0781537951370472
"chr15-94323930-94324782","MCTP2",0.0781499463883432
"chr22-50534127-50534923","ODF3B",0.0781404027647948
"chr21-46626468-46627221","PRMT2",0.0781373452495507
"chr4-73734973-73735869","CXCL8",0.0781357813669982
"chr20-57398050-57398895","PMEPA1",0.0781352900592504
"chr2-105795805-105796576","NCK2",0.0781340525435911
"chr19-6590573-6591391","CD70",0.0781330869808461
"chr19-54270996-54271757","LILRA5",0.0781319369645775
"chr21-43345726-43346649","PDXK",0.0781310548973076
"chr19-37962044-37962902","SIPA1L3",0.0781296339809613
"chr2-37345682-37346373","CDC42EP3",0.0781294251121515
"chr6-110415177-110416066","DDO",0.0781258808281783
"chr9-81530118-81531001","TLE1",0.0781242967794068
"chr2-179049464-179050272","CCDC141",0.078123417254598
"chr10-89384630-89385485","IFIT3",0.078118583371342
"chr1-161778329-161779157","FCRLA",0.0781128879708925
"chr1-36115674-36116572","AGO4",0.0781102937067702
"chr1-211697124-211697823","TRAF5",0.078109467715643
"chr14-75283766-75284470","FLVCR2",0.07810174891375
"chr4-80072886-80073761","ANTXR2",0.0780915707671689
"chr4-101813378-101814251","PPP3CA",0.0780913580581549
"chr4-26583494-26584421","STIM2",0.0780902739585019
"chrX-69537988-69538896","EDA",0.0780874164712213
"chr1-226121395-226122276","PARP1",0.0780791012562899
"chr19-54756052-54756914","KIR2DL3",0.0780774026319783
"chr19-14090548-14091426","DNAJB1",0.0780752241074882
"chr14-95695659-95696542","TCL6",0.0780749593201407
"chr6-144161712-144162511","UTRN",0.0780739842784743
"chr14-75249278-75250199","YLPM1",0.0780541698675396
"chr11-36558365-36559284","PRR5L",0.0780380483530507
"chr14-95703966-95704884","TCL1B",0.078036198963075
"chr8-42139949-42140805","KAT6A",0.078036057904288
"chr19-23395070-23395939","ZNF91",0.0780337950935965
"chr19-4878195-4878933","PTPRS",0.0780302456023458
"chr2-29113566-29114380","CLIP4",0.0780073863697837
"chr2-151900022-151900891","FMNL2",0.0780017669520725
"chr20-48712226-48713104","PREX1",0.0779926349337655
"chr4-153683884-153684700","TLR2",0.0779913807524489
"chr19-7527355-7528196","INSR",0.077988593075916
"chr1-23723449-23724308","CNR2",0.0779843704577027
"chr1-114340991-114341841","PTPN22",0.0779840823705375
"chr1-20589419-20589970","CDA",0.0779695160688512
"chr1-158819394-158820227","PYHIN1",0.0779641563023051
"chr19-14667850-14668751","CLEC17A",0.0779636142116046
"chr10-48625665-48626332","WDFY4",0.0779567527596046
"chr1-39936461-39937363","SMAP2",0.0779564442377008
"chr15-38128054-38128871","SPRED1",0.0779524164331836
"chr20-4012354-4013176","RNF24",0.0779487752600356
"chr19-54662484-54663343","MBOAT7",0.0779480412890573
"chr6-158867240-158868083","EZR",0.0779395680625658
"chr1-150322354-150323003","ADAMTSL4",0.0779389476434299
"chr3-149393256-149394215","RNF13",0.0779300655308474
"chr14-97709334-97710201","LINC01550",0.0779134791588516
"chr19-1252111-1252623","CFD",0.0779052118975519
"chr17-82217554-82218300","SLC16A3",0.0778841248816558
"chr18-9090860-9091772","ANKRD12",0.0778713417441205
"chr20-60055464-60056361","MIR646HG",0.0778640961148061
"chr12-8996529-8997397","LINC00612",0.0778617204376992
"chr14-92456386-92457280","RIN3",0.0778516142074292
"chr14-75283766-75284470","LINC01220",0.0778442053745313
"chr10-88027264-88028165","PAPSS2",0.0778421790696458
"chr12-9604020-9604936","KLRB1",0.0778420129609273
"chr1-175673327-175674207","TNR",0.077839406550078
"chr6-167121824-167122705","TCP10L2",0.0778296333592882
"chr19-18677706-18678616","ELL",0.077823963892381
"chr14-103122934-103123798","TRAF3",0.0778227800586389
"chr7-151206769-151207615","GIMAP5",0.0778201668115712
"chr10-104323982-104324841","ITPRIP",0.077808297875142
"chr11-118229699-118230516","CD3E",0.0778051117706462
"chr18-55489402-55490170","TCF4",0.0778022638607628
"chr10-8365715-8366601","GATA3",0.0778011645800538
"chr11-359008-359872","IFITM2",0.0777973455967318
"chr14-67816198-67817112","RAD51B",0.0777798420966655
"chr3-114294750-114295601","TIGIT",0.0777744770500765
"chr1-17606623-17607486","ARHGEF10L",0.0777739638881692
"chr19-37854859-37855737","SIPA1L3",0.0777635362300259
"chr4-25928696-25929581","RBPJ",0.0777635076301913
"chr9-113148899-113149727","FKBP15",0.077763312405101
"chr10-5852148-5853062","GDI2",0.0777622727415761
"chr11-133944873-133945808","IGSF9B",0.0777588175623768
"chr9-37565453-37566299","ZCCHC7",0.0777578325884153
"chr3-174440703-174441582","NAALADL2",0.0777506528491161
"chr6-134630493-134631334","SGK1",0.0777485686162351
"chr21-42424884-42425789","PDE9A",0.0777451464455982
"chr2-218332959-218333773","GPBAR1",0.0777431058028381
"chr2-112673929-112674830","SLC20A1",0.0777377227083838
"chr5-112531946-112532768","EPB41L4A",0.077734552285725
"chr10-67763894-67764743","HERC4",0.0777298092014959
"chr3-5026288-5027197","BHLHE40",0.0777220103804604
"chr7-22523777-22524626","RAPGEF5",0.0777198913935683
"chr2-58569548-58570398","LINC01122",0.077709664693643
"chr19-38928086-38929001","ACTN4",0.0777011414271689
"chr2-168455646-168456653","CERS6",0.0776999219606295
"chr10-70162535-70163320","PRF1",0.0776985135369811
"chr7-100371961-100372808","ZCWPW1",0.0776976182636041
"chr1-15836904-15837687","EFHD2",0.0776965497177948
"chr21-39105002-39105857","ETS2",0.0776903284386646
"chr11-72827665-72828511","ATG16L2",0.0776880292883605
"chr14-95875935-95876748","TCL6",0.0776845824901843
"chr10-131765913-131766575","TCERG1L",0.0776807966803638
"chr14-64755610-64756516","PLEKHG3",0.0776759817543514
"chr11-66608035-66608807","C11orf80",0.0776756563517749
"chr3-43708895-43709715","ABHD5",0.0776737562329695
"chr6-159092354-159093194","DYNLT1",0.0776463055871438
"chr19-54670655-54671583","LILRB4",0.0776397024689381
"chr6-62367358-62368245","KHDRBS2",0.0776382970255271
"chr22-38926949-38927863","APOBEC3A",0.0776330156588581
"chr14-52265082-52265916","PTGDR",0.0776179378195398
"chr8-124372278-124373167","TMEM65",0.0776106629571169
"chr12-10381821-10382703","KLRD1",0.0776003767026752
"chr3-16300785-16301668","RFTN1",0.0775986094867029
"chr6-7962955-7963879","BMP6",0.0775975094753168
"chr12-124171327-124172210","NCOR2",0.0775941863971138
"chr5-157201627-157202447","CYFIP2",0.0775883425658732
"chr1-183279663-183280508","NPL",0.0775847479446558
"chr19-38287357-38288248","KCNK6",0.0775830588583608
"chr11-61162530-61163239","VPS37C",0.0775782829298204
"chr11-68302876-68303675","UNC93B1",0.0775777111743608
"chr4-6773879-6774746","KIAA0232",0.0775689769446972
"chr19-54316623-54317542","LILRA1",0.0775689595793722
"chr2-101961183-101962093","LINC01127",0.0775672260282572
"chr10-89327538-89328430","IFIT3",0.077566679573681
"chr6-135851232-135852085","PDE7B",0.0775657936427786
"chr19-4264561-4265477","MATK",0.0775589464468378
"chr12-10312186-10313067","KLRC2",0.0775574093794809
"chr11-65422190-65422657","NEAT1",0.077546313883502
"chr20-24984957-24985707","CST7",0.0775387225934778
"chr9-133862484-133863408","VAV2",0.0775347742533963
"chr19-54756052-54756914","KIR2DL4",0.0775332846100299
"chr19-51819710-51820584","SIGLEC10",0.0775320585343395
"chr5-150142623-150143523","NDST1",0.0775265278327008
"chr19-18479970-18480680","IFI30",0.0775102949967536
"chr2-127639949-127640797","PROC",0.0775098866171414
"chr3-194135856-194136534","HES1",0.0774958827519373
"chr12-32264708-32265543","BICD1",0.0774898154386706
"chr13-40776614-40777416","FOXO1",0.0774874085126802
"chr17-78866629-78867397","TIMP2",0.0774851871151803
"chr20-24948732-24949611","APMAP",0.0774841136646196
"chr6-149480646-149481442","ZC3H12D",0.0774820021288954
"chr5-73693787-73694634","ARHGEF28",0.0774803710344488
"chr9-120890153-120890966","TRAF1",0.0774728712648287
"chr17-1586810-1587718","PITPNA",0.0774685088147497
"chr5-139638261-139639016","CXXC5",0.0774644554181693
"chr11-14393706-14394602","RRAS2",0.0774617596577677
"chr7-2902788-2903626","AC024028.1",0.0774602993304072
"chr8-66784772-66785362","SGK3",0.077454002773028
"chr1-207910549-207911414","CD34",0.0774507836657793
"chr19-35447248-35448100","FFAR2",0.0774403926573841
"chr13-48567609-48568464","RCBTB2",0.0774387156249101
"chr10-88852924-88853815","IFIT2",0.077429899309307
"chr19-53851505-53852345","LILRA6",0.0774277109907288
"chr20-1963739-1964611","SIRPA",0.077412146647366
"chr8-80864453-80865372","PAG1",0.0774096743731573
"chr6-32589385-32590284","HLA-DOB",0.0774056928856253
"chr17-5184057-5184961","PFN1",0.0774029115413484
"chr19-54662484-54663343","LILRA6",0.0774011880306176
"chr10-110503874-110504751","SHOC2",0.0773964876811656
"chr12-10481577-10482463","KLRC1",0.0773879930336368
"chr12-25020380-25021268","LRMP",0.0773866725916452
"chr11-72411417-72412282","ARAP1",0.0773809389126704
"chr1-2151005-2151828","NADK",0.0773798396706327
"chr17-50634359-50635218","ABCC3",0.0773782536005234
"chr6-132713549-132714408","VNN1",0.0773631778341985
"chr3-43641276-43642233","ABHD5",0.0773518810656636
"chr7-150483809-150484628","GIMAP7",0.0773486148132543
"chrX-79360990-79361907","ITM2A",0.0773430381379498
"chr1-151945527-151946356","S100A11",0.0773389717591484
"chr8-29350419-29351320","DUSP4",0.0773356153916823
"chr17-7114628-7115534","CD68",0.077333228780989
"chr3-4976859-4977729","BHLHE40",0.0773292632743172
"chr19-4976080-4976960","KDM4B",0.0773287813984116
"chr19-19627858-19628711","PBX4",0.0773245367720092
"chr13-31805576-31806336","FRY",0.0773157107172756
"chr12-8989220-8990090","KLRG1",0.0773144301486645
"chr19-2090020-2090899","MOB3A",0.0773101218333708
"chr19-23758468-23759320","ZNF91",0.0773088572521912
"chr16-8632432-8633352","C16orf72",0.077308750713256
"chr16-57816003-57816886","ADGRG1",0.0773039881110568
"chr2-164866149-164867059","SCN3A",0.0773024136271485
"chr19-38417569-38418449","KCNK6",0.0773020779014041
"chr14-75297088-75298024","LINC01220",0.0772973774658318
"chr17-63460549-63461342","MAP3K3",0.0772883904645727
"chr11-65553093-65553970","SLC25A45",0.0772779049331189
"chr16-28542720-28543629","APOBR",0.0772746031789163
"chr10-88759410-88760325","LIPN",0.0772701483065417
"chr3-161035496-161036280","PPM1L",0.0772666260132107
"chr12-32273507-32274318","BICD1",0.0772534203815958
"chr2-101713886-101714726","RNF149",0.0772505604429832
"chr14-65351386-65352251","FUT8",0.0772319366528486
"chr11-72975572-72976452","RELT",0.0772252463507488
"chr18-55240997-55241444","TCF4",0.0772104272800295
"chr11-129814082-129814973","LINC01395",0.077209807147831
"chr19-53840642-53841404","NLRP12",0.0772061303568711
"chr22-23425103-23425965","VPREB3",0.0772044511645806
"chr20-36627841-36628699","SLA2",0.077200967326412
"chr2-8282311-8283142","ID2",0.0771965807250908
"chr3-156680717-156681593","TIPARP",0.077181157382807
"chr2-8681536-8682405","ID2",0.0771721303442851
"chr12-64699417-64700336","TBK1",0.0771714231813205
"chr2-100819743-100820669","NPAS2",0.0771697499392692
"chr4-142961576-142962396","GAB1",0.0771691691709806
"chr14-50085389-50086292","LINC01588",0.0771663271847113
"chr1-28176260-28177158","PTAFR",0.0771518777672193
"chr10-124341714-124342105","CHST15",0.0771466515594715
"chr6-33057086-33057991","HLA-DOB",0.077141847100925
"chr5-55021170-55021911","GZMK",0.0771403978801072
"chr6-135497357-135498199","AHI1",0.0771370777794682
"chr11-118876511-118877372","KMT2A",0.077131873264573
"chr12-108734179-108734953","CORO1C",0.0771315094083394
"chr6-90233718-90234613","MDN1",0.0771314260618324
"chr22-50303622-50304072","SCO2",0.0771300992856687
"chr11-72483478-72484408","ATG16L2",0.0771292668999938
"chr19-54210642-54211486","LAIR2",0.0771283740452424
"chr17-83182459-83183289","METRNL",0.0771277983911284
"chr22-21689527-21690193","YPEL1",0.0771245294139773
"chr14-90087167-90088083","FOXN3",0.0771219419636012
"chr2-25376556-25377446","DNMT3A",0.0771205065035669
"chr9-73270838-73271707","LINC01474",0.0771137989702325
"chr2-102368554-102369259","IL18RAP",0.0771052765230088
"chr19-11318969-11319874","RAB3D",0.0770938142817835
"chr11-6413443-6414339","APBB1",0.0770920449984584
"chr12-116861073-116861956","HRK",0.0770893887051199
"chr14-65301738-65302542","FUT8",0.0770868613064764
"chr12-6605084-6605710","LAG3",0.0770858512957765
"chr12-124506069-124507004","NCOR2",0.0770843207581873
"chr19-51138327-51139110","CD33",0.0770817934180015
"chr18-45938218-45939123","RNF165",0.0770645814209602
"chr9-86099026-86099939","AGTPBP1",0.0770530399201186
"chr4-15659581-15660464","BST1",0.0770510457458811
"chr1-157490338-157491192","CD5L",0.0770445681831052
"chr21-46550301-46551134","DIP2A",0.0770440466917156
"chr7-151727422-151728299","PRKAG2",0.0770389042369161
"chr1-154404892-154405775","IL6R",0.07702376371844
"chr1-17281647-17282523","PADI4",0.0770203972215284
"chr4-158006701-158007602","TMEM144",0.0770123676325037
"chr1-20588525-20589296","CDA",0.077011620843683
"chr6-6591759-6592672","F13A1",0.0770074751235906
"chr16-85016901-85017753","ZDHHC7",0.0770028224956154
"chr12-49233556-49234170","TUBA1C",0.0769972979833943
"chr15-68578164-68579041","CORO2B",0.0769948798862461
"chr6-31592632-31593530","NCR3",0.0769912689451475
"chr5-124740790-124741613","ZNF608",0.0769703275776834
"chr11-93537518-93538418","SMCO4",0.0769662840472801
"chr4-75102081-75102936","PARM1",0.0769561261201597
"chr4-26861475-26862163","STIM2",0.076949959326895
"chr2-60549970-60550872","REL",0.0769496031684918
"chr7-108452499-108453382","NRCAM",0.0769464122648818
"chr7-8131788-8132720","GLCCI1",0.0769456986171678
"chr19-54573467-54574229","LILRB3",0.0769448826220427
"chr12-120292859-120293678","RPLP0",0.0769379913646284
"chr13-30376527-30377406","HMGB1",0.076929228054686
"chr3-169931829-169932707","SEC62",0.0769198087601927
"chr8-71843580-71844440","TRPA1",0.0769154193697994
"chr13-75326321-75327197","TBC1D4",0.0769144967714506
"chr21-42614537-42615318","UBASH3A",0.076914167632701
"chr1-86774067-86774959","SH3GLB1",0.0769094895948812
"chr9-37408873-37409799","EBLN3P",0.0769081097293409
"chr22-44701687-44702560","PRR5",0.0769051397919526
"chr1-23573980-23574912","CNR2",0.0769012011930167
"chr16-79589459-79590351","MAF",0.0768953854358052
"chr2-200245234-200246137","SPATS2L",0.0768810079614422
"chr17-3558413-3559240","ATP2A3",0.0768633359020882
"chr5-80399303-80400198","FAM151B",0.0768593375918311
"chr18-22221113-22221969","GATA6",0.0768585606550668
"chr19-7544528-7545249","INSR",0.0768562928201529
"chr19-17559901-17560730","MYO9B",0.0768441666664876
"chr14-34043504-34044393","EGLN3",0.0768375335379289
"chr12-124381531-124382438","NCOR2",0.076831105999365
"chr3-172096914-172097773","FNDC3B",0.0768289007536279
"chr6-158666801-158667703","TAGAP",0.0768174435378272
"chr6-79964329-79965222","ELOVL4",0.07679657724435
"chr9-127396522-127397436","RALGPS1",0.0767934036018147
"chr4-38075201-38076076","RELL1",0.0767787491805009
"chr14-35366085-35366659","BAZ1A",0.0767712597895876
"chr12-123115240-123116096","HIP1R",0.0767682914354645
"chr2-102418068-102418880","IL18RAP",0.0767607356962364
"chr16-50278908-50279779","NOD2",0.076758754484267
"chr9-68951942-68952860","TJP2",0.0767527932515741
"chr6-119076255-119077069","CEP85L",0.0767498446084543
"chr7-22712705-22713548","RAPGEF5",0.0767485673108689
"chr12-133130010-133130907","ZNF10",0.0767453782420141
"chr2-226838988-226839793","COL4A3",0.0767378223647165
"chr17-4770361-4771185","CXCL16",0.0767312297290086
"chr1-226424433-226425205","ITPKB",0.0767288553200205
"chr2-130181472-130182334","MZT2B",0.076728728481197
"chr6-30325529-30326266","HLA-E",0.0767270897576463
"chr3-56923543-56924462","ARHGEF3",0.0767180511399749
"chr6-41705818-41706718","TFEB",0.0767146931219624
"chr11-74018180-74019090","FAM168A",0.0767044967953981
"chr11-35303734-35304539","CD44",0.0767043213377879
"chr14-22561508-22562382","DAD1",0.0766960483258111
"chr6-18122231-18123130","KIF13A",0.0766948478942366
"chr7-21965960-21966801","CDCA7L",0.0766861597914488
"chr1-245056669-245057556","EFCAB2",0.0766841707235981
"chr5-55104867-55105747","GZMA",0.0766841301333887
"chr2-174752223-174752972","CHRNA1",0.0766795466061664
"chr4-15659581-15660464","CC2D2A",0.0766755175861245
"chr3-31947579-31948475","ZNF860",0.0766673673672673
"chr6-106666382-106667295","QRSL1",0.0766656692568652
"chr22-37079417-37080322","IL2RB",0.0766500395424863
"chr12-108337151-108338009","CMKLR1",0.0766492900319225
"chr8-143397885-143398764","LY6E",0.0766467926466824
"chr2-65017885-65018724","ACTR2",0.0766411898878163
"chr5-150123437-150124010","PPARGC1B",0.0766312149481696
"chr17-74531901-74532772","CD300LB",0.076623700702343
"chr1-150548692-150549598","MCL1",0.076611006107944
"chr8-17917430-17918262","ASAH1",0.0766092282897879
"chr2-108585152-108586002","LIMS1",0.0766035547577932
"chr8-42141417-42142190","AP3M2",0.0766013834347352
"chr16-72787228-72788091","ZFHX3",0.0765945578007032
"chr1-161216800-161217658","HSPA6",0.0765944262581358
"chr19-47336637-47337476","C5AR2",0.0765931994009488
"chr19-859131-859923","MIDN",0.076591661333098
"chr15-63490974-63491792","LACTB",0.0765907001636182
"chr6-167119420-167120314","CCR6",0.0765882827096546
"chr17-7887231-7888088","RPL26",0.0765670028060404
"chr2-203867326-203868221","CTLA4",0.0765629539944511
"chr17-8173130-8174063","RPL26",0.0765464489778522
"chr11-67283148-67284051","KDM2A",0.0765394807809131
"chr1-157776681-157777606","FCRL5",0.076536688290556
"chr4-67575094-67575997","STAP1",0.0765331768725307
"chr12-12560820-12561629","DUSP16",0.0765309523102501
"chr21-44353943-44354422","AGPAT3",0.0765233083071943
"chr3-32457775-32458678","CMTM8",0.076520796627418
"chr11-46318316-46319219","PHF21A",0.0765055091252673
"chr8-26437953-26438693","DPYSL2",0.0765001644779642
"chr11-119306359-119307241","BCL9L",0.0764977377150218
"chr22-37739317-37740168","CYTH4",0.0764943568792944
"chr13-109417857-109418742","IRS2",0.0764868069618545
"chr15-75072934-75073841","C15orf39",0.0764859788465517
"chr17-82170151-82171047","SECTM1",0.0764753561747931
"chr5-75059635-75060538","FAM169A",0.0764743857350186
"chr1-157585672-157586605","FCRL5",0.0764605581100772
"chr1-201023277-201024140","KIF21B",0.0764595782309648
"chr20-47727265-47728183","NCOA3",0.0764567371053034
"chr2-218381671-218382577","CYP27A1",0.0764519701842102
"chr3-49248514-49249369","RHOA",0.0764508665328294
"chr5-78529232-78530130","AP3B1",0.0764486443814562
"chr15-69515608-69516399","DRAIC",0.0764412132212871
"chr5-155767193-155767942","SGCD",0.0764394582096587
"chr12-108305554-108306354","CMKLR1",0.0764381387206707
"chrX-1239465-1240380","IL3RA",0.0764312793588302
"chr6-146595738-146596615","RAB32",0.0764153927962701
"chr2-8425197-8425996","ID2",0.0764103154513838
"chr10-117441518-117442269","SHTN1",0.0764095613133384
"chr1-25565020-25565842","LDLRAP1",0.0764048757241458
"chr19-54643793-54644548","MBOAT7",0.0763982130537735
"chr14-95395944-95396834","TCL6",0.0763966371581403
"chr6-56954667-56955471","BEND6",0.0763931628465597
"chr13-27449891-27450831","GTF3A",0.0763919992187276
"chr20-59722720-59723580","MIR646HG",0.0763829860422424
"chr2-98715649-98716479","MGAT4A",0.0763769558073815
"chr2-111618610-111619530","MIR4435-2HG",0.0763700799707649
"chr19-14366307-14367200","TECR",0.076361520207256
"chr16-17448788-17449730","XYLT1",0.0763439774572193
"chr1-154464779-154465593","PBXIP1",0.0763351169293627
"chr12-121451862-121452627","P2RX7",0.0763316736702885
"chr18-57837596-57838492","ATP8B1",0.0763238337469431
"chr12-65825150-65825976","IRAK3",0.0763236833012418
"chr14-101819373-101820184","HSP90AA1",0.076322034820742
"chr19-7543306-7544128","STXBP2",0.0763134271456357
"chr4-108527469-108528359","LEF1-AS1",0.0763117960366332
"chr14-52154914-52155615","PTGDR",0.0763044323533609
"chr16-85137167-85138062","KIAA0513",0.076291754863996
"chr8-16631981-16632868","MSR1",0.0762886775239688
"chr12-68364913-68365819","RAP1B",0.0762853976187006
"chr14-50082912-50083762","LINC01588",0.0762829160316938
"chr6-31558707-31559544","LST1",0.0762820237447795
"chr19-51339625-51340442","FPR1",0.0762767101477114
"chr1-9593208-9594091","SLC25A33",0.0762692866443093
"chr17-72634425-72635287","LINC00511",0.0762692276332138
"chr12-10671953-10672886","KLRC3",0.0762659622565955
"chr15-68888111-68889027","CORO2B",0.076262475619496
"chr1-92016536-92017367","TGFBR3",0.0762551853078834
"chr3-53109866-53110710","TKT",0.0762504476023745
"chr5-149805633-149806509","PPARGC1B",0.0762495374506567
"chr22-42435793-42436616","NFAM1",0.0762424118929426
"chr16-10878472-10879342","CIITA",0.0762319928035329
"chr19-6459948-6460874","SH2D3A",0.0762314495906594
"chr2-65435951-65436842","RAB1A",0.0762288852416266
"chr1-24416691-24417460","RCAN3",0.0762283912752613
"chr13-31042578-31043266","ALOX5AP",0.0762252666387541
"chr6-144153159-144153970","UTRN",0.0762243046569375
"chr9-123175817-123176549","STRBP",0.0762098572886548
"chrX-1462577-1463484","P2RY8",0.0762080928405268
"chr19-7491938-7492824","MCOLN1",0.0762075088782344
"chr11-67356791-67357703","ANKRD13D",0.0762049293466687
"chr19-41876957-41877634","POU2F2",0.0762029263103546
"chr18-77065036-77065984","MBP",0.0761981917527094
"chr19-8577201-8577716","PRAM1",0.0761944871704762
"chr17-83199626-83200092","METRNL",0.0761885492137676
"chr16-12033804-12034624","SNX29",0.0761842611503533
"chr11-3164810-3165680","OSBPL5",0.0761833688942164
"chr5-150058459-150059363","NDST1",0.0761792190764086
"chr12-8985116-8985954","LINC00612",0.0761769354168033
"chr19-37920545-37921493","SIPA1L3",0.0761738497874489
"chr5-157255453-157256280","CYFIP2",0.0761702628826057
"chr18-26226083-26226916","TAF4B",0.0761671389255147
"chr19-54660160-54660841","LILRA6",0.0761660059606595
"chr19-38417569-38418449","RASGRP4",0.07616588764179
"chr6-122789130-122790033","SMPDL3A",0.0761658389151856
"chr1-65811742-65812647","PDE4B",0.07615241250472
"chr19-1180194-1181092","CFD",0.0761507703073621
"chr19-54694414-54695306","KIR2DL1",0.0761487893251105
"chr1-175598934-175599813","TNR",0.0761482789031979
"chr16-85137167-85138062","CRISPLD2",0.0761406094813837
"chr1-160795613-160796532","SLAMF6",0.0761392516396963
"chr12-6167512-6168367","TNFRSF1A",0.0761366450684646
"chr2-108988788-108989635","SH3RF3",0.0761345174794678
"chr11-61699951-61700740","FTH1",0.0761334140561735
"chr4-108043291-108044050","LEF1-AS1",0.0761314580931054
"chr17-4725503-4726377","CXCL16",0.0761287467262266
"chr17-3570869-3571746","P2RX5",0.0761264670094031
"chr17-73291222-73292101","SLC39A11",0.0761197026801482
"chr2-112700991-112701746","IL1B",0.0761188425305915
"chr6-36853087-36853967","RAB44",0.0761185756373305
"chr17-27528932-27529835","LGALS9",0.0761184860094455
"chr5-134079579-134080423","SKP1",0.0761169253411249
"chr3-52174659-52175567","STAB1",0.0761135405283396
"chr11-67120714-67121591","KDM2A",0.0761103289102307
"chr2-235746041-235746911","AGAP1",0.0761089955233834
"chr22-37271051-37271914","CYTH4",0.076101385893373
"chr10-89889680-89890337","LINC01374",0.0760983244616426
"chr17-7130475-7131409","XAF1",0.0760908541765571
"chr17-74569322-74570226","CD300LB",0.0760889999072787
"chr7-150668176-150669104","GIMAP4",0.0760815373107285
"chr11-66020737-66021543","FOSL1",0.0760744179746237
"chr1-15260993-15261928","EFHD2",0.0760727234499592
"chr17-78592137-78593016","SOCS3",0.0760722654910195
"chr19-7596616-7597250","TGFBR3L",0.0760632842751678
"chr19-54803174-54803941","KIR3DL1",0.0760615004868119
"chr8-125439691-125440400","TRIB1",0.0760454722959511
"chr7-2608652-2609581","TTYH3",0.0760451798320401
"chr19-54660160-54660841","LILRB1",0.0760442528019147
"chr2-108965336-108966203","SH3RF3",0.0760381971005457
"chr11-36375016-36375774","PRR5L",0.0760364276646877
"chr11-61954876-61955645","BEST1",0.076034668608892
"chr5-78573032-78573754","LHFPL2",0.0760219661004363
"chr2-86764463-86765347","CD8B",0.0760116744140707
"chr14-55117645-55118546","FBXO34",0.0759942730108189
"chr14-105699563-105700409","FAM30A",0.0759911595899084
"chr8-19699862-19700774","CSGALNACT1",0.07598139427325
"chr22-37186076-37187006","IL2RB",0.0759805528378682
"chr15-94253458-94254345","MCTP2",0.0759794569602171
"chr17-45228802-45229711","ARHGAP27",0.0759784153276704
"chr10-103554717-103555583","NT5C2",0.075974538043934
"chr11-114186967-114187886","ZBTB16",0.0759712377355691
"chr17-74730350-74731237","SLC9A3R1",0.0759583560836442
"chr10-132904070-132904901","UTF1",0.0759570572943728
"chr2-60971379-60972112","REL",0.0759533920831642
"chr5-119285357-119286157","TNFAIP8",0.0759516106070328
"chr16-85903474-85904250","C16orf74",0.0759388188326206
"chr17-80212829-80213657","GAA",0.0759304644902712
"chr9-128053351-128054193","SH2D3C",0.0759277190233109
"chr2-8301744-8302640","LINC00299",0.0759272949517581
"chr13-99542551-99543472","GPR183",0.0759244822701645
"chr10-78578730-78579560","ZMIZ1",0.0759197593151933
"chrX-118976017-118976824","LONRF3",0.0759146742326617
"chr2-8315589-8316431","ID2",0.0759102644396743
"chr5-124410284-124411179","ZNF608",0.0759063637930679
"chr11-62841342-62842191","EEF1G",0.0759053512725421
"chr5-170861605-170862444","RANBP17",0.0758960540397311
"chr2-28717276-28718067","FOSL2",0.0758920583930478
"chr6-42928982-42929848","TRERF1",0.0758901074039746
"chr12-108850522-108851434","CORO1C",0.0758684992821412
"chr1-156907137-156908037","ARHGEF11",0.0758682579951008
"chr12-111777103-111777946","SH2B3",0.0758674813470177
"chr12-2890358-2891259","ITFG2",0.0758674240792796
"chr12-52198579-52199001","NR4A1",0.0758547302834308
"chr19-55216507-55217347","FCAR",0.0758486247037238
"chr11-107457423-107458338","CWF19L2",0.0758480624248558
"chr1-150162829-150163697","ADAMTSL4",0.0758470407667406
"chr8-30069249-30070033","SARAF",0.0758460938581691
"chr2-231707892-231708787","PTMA",0.0758447799245366
"chr2-108587815-108588708","LIMS1",0.0758402051764505
"chr10-125060952-125061632","CTBP2",0.0758353283703041
"chr3-108124327-108125148","IFT57",0.0758336635281351
"chr11-65859172-65859940","CFL1",0.0758298526536151
"chr5-56100249-56101136","ANKRD55",0.0758219200738994
"chr1-28110873-28111791","IFI6",0.075807630427907
"chr6-157557362-157557976","ZDHHC14",0.0758069400081394
"chr10-102452526-102453449","TRIM8",0.0758001554060611
"chr5-177457445-177458248","DOK3",0.0757983865643463
"chr9-137470576-137471377","LRRC26",0.0757926058104898
"chr19-35357928-35358816","FFAR2",0.075788217860504
"chr22-38952435-38952920","APOBEC3A",0.0757803185789461
"chr2-241041357-241042280","SNED1",0.0757784628357682
"chr19-16083094-16083988","TPM4",0.0757651297115905
"chr9-113125152-113126071","SLC46A2",0.0757568935428643
"chr1-151992176-151992968","S100A10",0.0757561620646622
"chr3-132316925-132317842","DNAJC13",0.0757536886139326
"chr17-49360904-49361630","FAM117A",0.0757504539681514
"chr4-10722692-10723555","CLNK",0.0757477310756707
"chr18-23306645-23307506","NPC1",0.0757452301798783
"chr16-19168739-19169469","SYT17",0.0757410416398065
"chr9-133141679-133142570","RALGDS",0.0757159363345636
"chr10-117237104-117237980","ENO4",0.0757137262145802
"chr22-30196048-30196931","MTMR3",0.0757085487966688
"chr8-127674609-127675494","AC108925.1",0.075703472615475
"chr19-20039006-20039880","PBX4",0.0757030690606317
"chr19-54572416-54573211","LILRB1",0.0757022449545414
"chr2-204006062-204006969","ICOS",0.0757003987001044
"chr14-75297088-75298024","FLVCR2",0.0756952898676041
"chr17-80092623-80093413","GAA",0.0756904840060997
"chr16-85832487-85833169","C16orf74",0.0756900944485383
"chr12-64625121-64626019","TBK1",0.075685599456037
"chr3-69320660-69321387","FRMD4B",0.0756846016050892
"chr15-66865844-66866743","SMAD3",0.0756799748456121
"chr1-64544884-64545764","CACHD1",0.0756750663665878
"chr6-26056058-26056919","HIST1H4C",0.0756728286533575
"chr16-53090535-53091345","CHD9",0.0756681357661599
"chr2-60058588-60059452","BCL11A",0.0756612495077979
"chr19-48492837-48493807","FTL",0.0756359084702261
"chr5-132364134-132365020","SLC22A4",0.0756336193601489
"chr6-127879626-127880222","THEMIS",0.0756314488006994
"chr1-99264011-99264912","PLPPR4",0.0756303563373269
"chr12-6383621-6384537","LTBR",0.0756299957516225
"chr8-123085579-123086458","FBXO32",0.0756273417438253
"chr12-54384495-54385095","NCKAP1L",0.0756204638746517
"chr13-21434303-21435117","ZDHHC20",0.0756200019343838
"chr16-57601749-57602624","ADGRG1",0.0756159412160074
"chr6-132267332-132268184","STX7",0.0756073235886298
"chr2-152334796-152335660","FMNL2",0.0756055723362778
"chr7-86978535-86979441","TMEM243",0.0755946653906834
"chr19-50679066-50679971","SPIB",0.0755921766101256
"chr10-79079447-79080293","ZMIZ1",0.0755879645045157
"chr11-61080499-61081288","CD5",0.0755849462581073
"chr16-29337176-29338101","RABEP2",0.0755835018736926
"chr6-20319460-20320433","CDKAL1",0.0755751561021795
"chr12-111406887-111407655","ALDH2",0.0755643073644374
"chr15-58521209-58522111","ALDH1A2",0.0755633470844245
"chr11-568160-569085","PGGHG",0.0755629756193716
"chr18-59093406-59094249","ZNF532",0.0755487314169203
"chr1-24483210-24484015","NIPAL3",0.0755462072441822
"chr2-71453292-71454124","DYSF",0.075544544908126
"chr9-87514754-87515500","DAPK1",0.0755428538657235
"chr7-75711577-75712479","HIP1",0.0755368318830866
"chr15-75042808-75043578","C15orf39",0.0755334577233948
"chr17-74682047-74682840","CD300LF",0.0755331367549984
"chr9-124624850-124625742","ARPC5L",0.0755267083976691
"chr15-79977160-79978029","BCL2A1",0.0755045587787764
"chr3-51499688-51500534","RPL29",0.0754854779610233
"chr7-121138050-121138941","FAM3C",0.0754850516212537
"chr21-46425396-46426247","S100B",0.0754827924042515
"chr19-45514824-45515713","CLASRP",0.0754746988828463
"chr17-74282764-74283609","SLC9A3R1",0.0754739610990196
"chr19-54209457-54210244","LILRB4",0.0754696692414934
"chr1-161739847-161740592","FCGR3A",0.0754584233009764
"chr19-34269751-34270669","KIAA0355",0.0754567879787021
"chr9-27701430-27702260","MOB3B",0.0754540825824421
"chr4-139188812-139189693","MGST2",0.0754453841614101
"chrX-65034537-65035344","ZC4H2",0.0754359469455478
"chr8-24376389-24377148","ADAM28",0.0754313103493056
"chr20-25321216-25322108","APMAP",0.0754216428552987
"chr11-73289082-73289901","RELT",0.0754193151698438
"chr16-85758887-85759714","IRF8",0.0754192088243115
"chr14-68506583-68507448","ACTN1",0.0754107148388917
"chrX-154712549-154713454","FLNA",0.0753999900306417
"chr17-58568956-58569735","TEX14",0.0753963975756641
"chr9-134372770-134373528","VAV2",0.0753957658454114
"chr10-8402274-8403168","GATA3",0.0753931593319616
"chr6-148771723-148772633","UST",0.0753841397529384
"chr10-12252634-12253537","CAMK1D",0.0753729649052731
"chr2-36797114-36797928","VIT",0.0753725696147638
"chr12-14278349-14279237","ATF7IP",0.0753713092759675
"chr6-138970703-138971632","NHSL1",0.0753554001221325
"chr20-50276061-50276758","CEBPB",0.0753410160298066
"chr2-203860873-203861796","ICOS",0.0753324053778276
"chr1-160795613-160796532","SLAMF1",0.0753289575608248
"chr12-94263305-94264138","PLXNC1",0.0753260441763205
"chr15-64893570-64894454","PDCD7",0.075325221545697
"chr19-7491938-7492824","PNPLA6",0.0753211000505936
"chr16-67158774-67159409","TRADD",0.0753182717163727
"chr7-22726457-22727388","IL6",0.0753151153561544
"chr11-47244661-47245543","SPI1",0.0753017414383539
"chr4-8221261-8222158","SH3TC1",0.0752963841395304
"chr1-109113606-109114463","KIAA1324",0.0752948512025051
"chr9-129762339-129763215","LINC01503",0.0752947585303099
"chr15-59686077-59686910","MYO1E",0.0752890851004445
"chr14-103118778-103119687","MARK3",0.0752889530806576
"chr11-65901849-65902671","CTSW",0.075285464926993
"chr1-24534772-24535666","RUNX3",0.0752791182209386
"chr6-144162892-144163675","UTRN",0.0752785092888571
"chr5-124521263-124522154","LINC01170",0.0752728148302649
"chr16-3503289-3504185","CLUAP1",0.0752724285911093
"chr9-33714721-33715694","UBAP1",0.0752695245635555
"chr5-126855023-126855917","MEGF10",0.0752651518109017
"chr19-54882617-54883454","NCR1",0.0752513683135801
"chr10-102818727-102819624","TRIM8",0.0752502575474101
"chr12-122898261-122899176","HIP1R",0.0752476516283334
"chr14-92519762-92520564","RIN3",0.0752469341597397
"chr16-27231955-27232777","IL4R",0.0752332224675017
"chr4-99855669-99856459","DAPP1",0.0752288121408202
"chr21-33215526-33216297","IFNGR2",0.0752162454578528
"chr2-218744973-218745806","GPBAR1",0.0752153580784885
"chr20-57709688-57710525","RBM38",0.0752110486087369
"chr16-4663458-4664309","MGRN1",0.0752075131777539
"chrX-23810947-23811814","ACOT9",0.0751974445372463
"chr14-102565096-102565988","TRAF3",0.0751919694971916
"chr9-37302039-37302915","ZCCHC7",0.0751863600064745
"chr4-38785801-38786646","TLR1",0.0751809544392584
"chr20-36957625-36958506","SRC",0.0751797055240673
"chr18-48813747-48814654","SMAD7",0.0751778134483158
"chr11-503103-503959","IFITM3",0.0751754767960039
"chr11-73280455-73281139","ATG16L2",0.0751710922845355
"chr19-12793337-12794223","JUNB",0.0751664624061037
"chr11-73271805-73272656","ATG16L2",0.0751599607680248
"chr4-39360307-39361137","TMEM156",0.0751563759482282
"chr9-35619314-35620184","CD72",0.0751495108036963
"chr11-36149480-36150376","LDLRAD3",0.0751415965562939
"chr1-10208308-10209134","KIF1B",0.0751355171835359
"chr2-108965336-108966203","EDAR",0.0751350735288895
"chr12-121991872-121992783","BCL7A",0.0751348588666819
"chr5-127567991-127568472","MEGF10",0.0751343847839612
"chr15-59543576-59544433","MYO1E",0.0751311300246951
"chr7-26398837-26399326","SNX10",0.075124652107532
"chr8-127732277-127733022","AC108925.1",0.0751178957506739
"chr2-204022742-204023492","CD28",0.0751173247168383
"chr1-159827405-159828229","FCRL6",0.0751173037232278
"chr14-92649649-92650431","RIN3",0.0751063302699763
"chr4-26583494-26584421","TBC1D19",0.0751016872101298
"chr17-74531901-74532772","CD300A",0.0750986293029055
"chr11-95674538-95675387","SESN3",0.0750935870793142
"chr14-100621958-100622843","WARS",0.0750911646669397
"chr8-72000183-72000966","MSC",0.075090054555379
"chr22-30279133-30280053","MTMR3",0.0750895398781737
"chr19-47383137-47384027","C5AR2",0.0750880156783109
"chrX-39439955-39440740","LINC01281",0.0750839547510986
"chr2-111671154-111672037","MIR4435-2HG",0.0750838726937438
"chr19-50387146-50388083","KCNC3",0.0750812109007782
"chr12-122702949-122703853","HCAR3",0.0750794784717694
"chr17-30351000-30351756","CPD",0.0750777102050407
"chr17-4735880-4736773","ANKFY1",0.0750721456484113
"chr17-76491560-76492394","RHBDF2",0.0750564163296225
"chr1-159076656-159077509","AIM2",0.0750544303466135
"chr14-100871229-100872071","MEG3",0.0750508880095996
"chr19-39877319-39878072","FCGBP",0.0750449424658319
"chr16-391659-392466","AXIN1",0.0750217071236666
"chr3-152269482-152270076","MBNL1",0.0750177071619094
"chr16-81740335-81741211","PLCG2",0.0750165524648328
"chr9-95494233-95495102","PTCH1",0.0750033046914824
"chr16-67490129-67491019","ATP6V0D1",0.0750017517160249
"chr2-203803888-203804752","CD28",0.0749904293889635
"chr4-71005986-71006848","JCHAIN",0.0749898896692261
"chr11-75768167-75769098","UVRAG",0.0749862494506574
"chr4-2418400-2419320","ZFYVE28",0.0749858095404624
"chr7-2902788-2903626","CHST12",0.0749775376979006
"chr2-234993133-234993979","SH3BP4",0.0749665861705432
"chr19-18119332-18120075","JAK3",0.0749597430827681
"chrX-46952834-46953605","JADE3",0.0749551508779275
"chr16-85729772-85730641","IRF8",0.0749513272670551
"chr9-134175081-134175877","RXRA",0.0749480500307988
"chr19-54694414-54695306","LAIR2",0.0749469986274847
"chr1-1000568-1001089","HES4",0.074945957555577
"chr6-16668928-16669748","ATXN1",0.074944837319314
"chr12-8987373-8988178","PZP",0.0749393476172841
"chr20-37336297-37337155","SAMHD1",0.0749392133744905
"chr11-95254002-95254902","SESN3",0.0749379000077454
"chr3-98778731-98779430","ST3GAL6",0.0749369720633201
"chr1-27625911-27626730","WASF2",0.0749331193918934
"chr22-24844743-24845615","SGSM1",0.0749307635317675
"chr5-102754810-102755649","PAM",0.0749299308705425
"chr22-44025327-44026157","PARVB",0.0749230881085151
"chr10-22913162-22913794","PIP4K2A",0.0749182443094499
"chr6-32920352-32921197","HLA-DRB1",0.0749168545318605
"chr5-139660867-139661753","SIL1",0.0749164281621471
"chr3-151274852-151275546","P2RY14",0.0749147347486638
"chr1-15080191-15081024","EFHD2",0.0749139540898938
"chr17-19398196-19399074","AC007952.4",0.0749137718025308
"chr19-54643793-54644548","LILRA5",0.0749136433471509
"chr16-81863463-81864384","PLCG2",0.0749089423161101
"chr15-88624276-88625212","ISG20",0.0749082785350725
"chr17-4759607-4760527","CXCL16",0.0749079607242028
"chr2-223893635-223894520","AP1S3",0.0749027543089499
"chr22-39292286-39293171","CBX6",0.0748999742150298
"chr7-75905707-75906633","HIP1",0.0748992572999355
"chr19-4542922-4543756","KDM4B",0.0748981053159829
"chr6-26473656-26474582","HIST1H4C",0.074896405179095
"chr9-136695890-136696674","LRRC26",0.0748961239329796
"chr17-36082339-36083172","CCL3",0.0748926634476858
"chr16-84911324-84912213","ZDHHC7",0.0748916099876041
"chr14-103122934-103123798","MARK3",0.0748886235946845
"chr20-8005172-8006082","TMX4",0.0748859277460698
"chr4-3285829-3286704","SH3BP2",0.0748787258038919
"chr1-28174486-28175345","SMPDL3B",0.0748674101803886
"chr22-40334584-40335447","TNRC6B",0.0748646388201517
"chr3-98555977-98556735","GPR15",0.0748627355548552
"chr16-85016901-85017753","CRISPLD2",0.0748574540410134
"chr15-52709595-52710469","FAM214A",0.0748562111562926
"chr1-88701181-88701928","GBP2",0.0748473501898308
"chr4-39124917-39125803","TLR10",0.0748307096319594
"chr22-44172166-44173048","PARVB",0.0748281109126043
"chr12-10389614-10390434","KLRC4",0.0748214562315119
"chr12-110456364-110457219","HVCN1",0.0748213971677839
"chr10-119542415-119543165","RGS10",0.0748209541281838
"chr16-27398744-27399625","IL4R",0.0748186770876519
"chr10-69232493-69233404","HKDC1",0.0748136732654659
"chr8-125343766-125344672","TRIB1",0.0748026850050932
"chr14-75268724-75269541","JDP2",0.0747962883810333
"chr3-150925562-150926471","P2RY14",0.0747920789142736
"chr17-7120536-7121107","TNFSF13",0.0747878007878519
"chr3-141796342-141797125","TFDP2",0.0747839687874212
"chr13-41463060-41463882","RGCC",0.0747827696178315
"chr17-3688004-3688651","P2RX5",0.0747811382966416
"chr14-91228172-91229044","CCDC88C",0.0747637441505685
"chr2-17812718-17813443","GEN1",0.0747616738300135
"chr8-19510869-19511756","CSGALNACT1",0.0747600957805894
"chr4-24973792-24974724","CCDC149",0.0747519673299114
"chr1-23424202-23425139","MDS2",0.0747508470189025
"chr9-131656219-131657081","RAPGEF1",0.0747444737148576
"chr3-41117152-41118063","CTNNB1",0.0747328574306492
"chr19-45670597-45671521","FOSB",0.074731391768449
"chr14-95695659-95696542","TCL1B",0.0747308161930212
"chr8-28773095-28774016","KIF13B",0.0747273026460625
"chr22-50301707-50302606","TYMP",0.0747241473156283
"chr3-143280819-143281713","CHST2",0.0747019976648439
"chr6-159119577-159120470","TAGAP",0.0747002241866761
"chr3-112460420-112461128","BTLA",0.0746983507888726
"chr11-9573086-9573992","SWAP70",0.0746973434370281
"chr10-12348918-12349781","CAMK1D",0.0746948557070899
"chr7-116843189-116843958","CAPZA2",0.0746939340963611
"chr5-145936225-145937085","SH3RF2",0.074677545277225
"chr19-18401493-18402390","LRRC25",0.0746747819122911
"chr12-121557438-121558353","RHOF",0.0746711716636368
"chr4-970067-970971","DGKQ",0.0746662004102935
"chr3-11060595-11061412","ATG7",0.0746572404431223
"chr15-100917711-100918532","LRRK1",0.0746567481346129
"chr12-111834641-111835560","ALDH2",0.0746553426758915
"chr7-121385522-121386398","WNT16",0.0746400331615493
"chr2-218047460-218048331","RUFY4",0.0746378196485098
"chr14-92263661-92264510","SLC24A4",0.0746357224190483
"chr22-50308391-50309129","PLXNB2",0.0746353716843921
"chr6-87731712-87732448","AKIRIN2",0.0746308073771393
"chr20-51666786-51667719","ATP9A",0.0746258098615749
"chr19-54756052-54756914","KIR2DL1",0.0746200868582827
"chr10-6601174-6601894","PRKCQ-AS1",0.0746172991540905
"chr19-53844622-53845489","MBOAT7",0.0746169867028009
"chr7-25125007-25125923","OSBPL3",0.0746034126383601
"chr16-79639598-79640295","MAF",0.0745953255669167
"chr5-150131791-150132659","PPARGC1B",0.0745675001879056
"chr1-28174486-28175345","STX12",0.0745641357160191
"chr2-111698636-111699503","MIR4435-2HG",0.0745624380981073
"chr1-226127437-226128342","ACBD3",0.0745581460894893
"chr16-31459288-31460127","FUS",0.0745482174109731
"chr17-75534863-75535743","TSEN54",0.0745464090631251
"chr3-142270198-142271062","TFDP2",0.0745455546270069
"chr20-1819012-1819893","SIRPA",0.0745453572340262
"chr10-97781547-97782378","SFRP5",0.074542630140729
"chr2-38682057-38682613","GALM",0.0745404434059546
"chr21-26389964-26390860","APP",0.0745333505601413
"chr14-52351871-52352782","PTGDR",0.0745319040549108
"chr2-70084756-70085539","AAK1",0.0745240220075815
"chr12-25157479-25158363","LRMP",0.0745145572460286
"chr20-32539650-32540513","COMMD7",0.0745144187435493
"chr17-7644514-7645416","ASGR1",0.0745123768251299
"chr2-42123771-42124676","EML4",0.0744913859004455
"chr12-9813849-9814741","KLRF1",0.0744645401230624
"chr3-151276369-151277236","MED12L",0.0744617444516951
"chr12-8465445-8466074","CLEC4E",0.0744551271979258
"chr21-33265720-33266614","IFNGR2",0.0744537283593706
"chr19-54247696-54248604","MBOAT7",0.0744481883950556
"chr1-236394942-236395809","EDARADD",0.0744401869839255
"chr12-122974508-122975338","MPHOSPH9",0.0744199918774551
"chr6-132745806-132746704","VNN3",0.0744149506849428
"chr19-54643793-54644548","LILRB1",0.0743968882708729
"chr10-95745269-95746166","PDLIM1",0.0743967424088289
"chr1-155101962-155102871","ADAM15",0.0743963205950632
"chr5-80147128-80147885","SERINC5",0.0743848614396496
"chr6-36127264-36128063","MAPK14",0.0743801115498009
"chr19-54643793-54644548","LILRA6",0.0743763424939682
"chr19-54285300-54286175","LILRA4",0.074367498745109
"chr13-74230764-74231697","LINC00402",0.0743544229800605
"chr10-88851457-88852309","IFIT2",0.074353564147275
"chr5-56154763-56155571","IL6ST",0.0743529352662974
"chr19-7656831-7657719","PNPLA6",0.074343307109523
"chr4-165299089-165299980","KLHL2",0.0743428569166539
"chr14-90384312-90385075","CALM1",0.0743394171236446
"chr4-108172787-108173619","RPL34-AS1",0.0743336252763596
"chr19-14613809-14614650","CLEC17A",0.0743312053546862
"chr16-81774030-81774939","PLCG2",0.0743080669380191
"chr2-36800146-36801034","CRIM1",0.0742983514331669
"chr13-48660332-48661205","RCBTB2",0.0742874770243777
"chr1-41915825-41916757","HIVEP3",0.0742791610279755
"chr10-12129099-12130018","CAMK1D",0.0742659655508934
"chr9-127835525-127836426","SH2D3C",0.0742607246449654
"chr9-117717842-117718723","TLR4",0.0742568407910806
"chr19-54270996-54271757","LILRB1",0.0742535911811097
"chr7-91162200-91163081","FZD1",0.0742511219082344
"chr5-131382100-131382960","CDC42SE2",0.0742456661742224
"chr4-26074349-26075183","RBPJ",0.0742432711728511
"chr22-38953719-38954616","CBX6",0.0742396374082145
"chr15-45583427-45584336","BLOC1S6",0.0742371091074229
"chr6-106715675-106716537","CD24",0.0742314538852363
"chr19-19668212-19669083","NDUFA13",0.0742272824275451
"chr19-45325881-45326782","ERCC1",0.0742258010038623
"chrX-45769890-45770768","MIR222HG",0.0742252085004183
"chr3-14410417-14411317","SLC6A6",0.0742132582007213
"chr17-6752438-6753163","XAF1",0.0742124873498586
"chr22-21950190-21951033","MAPK1",0.074205766454606
"chr17-8138569-8139432","RPL26",0.0742051708395571
"chr3-112120060-112120886","BTLA",0.0742051128542721
"chr22-26671055-26671840","MIAT",0.0742041824211438
"chr3-113985287-113986166","GRAMD1C",0.0742022595651338
"chr9-72355843-72356694","ZFAND5",0.0741981295999842
"chr8-23243120-23244031","CHMP7",0.0741968992817544
"chr22-42962094-42962953","PACSIN2",0.0741951979199966
"chr12-111389451-111390350","CUX2",0.0741936506528618
"chr7-70006187-70007082","AUTS2",0.0741922316480436
"chr11-72738105-72738657","ARAP1",0.0741792846562845
"chr7-28955713-28956562","CPVL",0.0741770623658097
"chr10-103554717-103555583","NEURL1",0.0741688464521766
"chr17-31581935-31582825","NF1",0.0741682495592162
"chr21-46425396-46426247","COL6A2",0.0741676458013125
"chr1-27943185-27944044","IFI6",0.0741658100217579
"chr9-83472682-83473258","FRMD3",0.074165444550714
"chr12-10300972-10301824","KLRC1",0.07416529302095
"chr7-112084250-112085144","IFRD1",0.0741635150452405
"chr6-161369079-161369948","AGPAT4",0.0741631009595072
"chr11-48031741-48032614","CELF1",0.0741575714396292
"chr2-64191850-64192699","AC012368.1",0.0741567081199769
"chr8-144878484-144879361","RPL8",0.074155607898681
"chr14-74962151-74962976","JDP2",0.0741486041521306
"chr16-21658541-21659316","IGSF6",0.0741469742929677
"chr9-124621695-124622547","ARPC5L",0.0741468973013188
"chr6-37791120-37792024","ZFAND3",0.0741391007410446
"chr12-10558958-10559849","KLRC4",0.0741349217044866
"chr19-54100414-54101291","LILRA5",0.0741265681486463
"chr11-3156171-3157031","OSBPL5",0.0741200235815826
"chr17-30104354-30105265","SSH2",0.0741198259293555
"chr19-41875134-41876045","ARHGEF1",0.0741115116262108
"chr20-1756816-1757699","SIRPB1",0.0741041942054323
"chr6-33343580-33344436","CUTA",0.0740947176125533
"chr6-111846331-111847196","FYN",0.0740917855895888
"chr19-54804097-54804892","LAIR2",0.0740913956201927
"chr2-113218177-113218941","IL1B",0.0740892123814916
"chr2-87825337-87826101","RGPD2",0.0740888777069723
"chr19-51136872-51137708","CD33",0.0740877016773231
"chr6-111836936-111837488","FYN",0.0740841459527128
"chr12-121214609-121215374","P2RX4",0.0740727274081515
"chr11-72741232-72742082","ARAP1",0.0740619796695864
"chr8-38362579-38363431","PLPP5",0.0740560933349618
"chr1-43348901-43349784","ST3GAL3",0.0740549975716167
"chr17-83048276-83049121","METRNL",0.0740536146335264
"chr4-686943-687850","GAK",0.0740501080749671
"chr9-129776905-129777828","TOR1B",0.0740367526208254
"chr11-113242582-113243381","NCAM1",0.0740153749052903
"chr2-43218595-43219353","ZFP36L2",0.074009344605952
"chr15-90660409-90661076","IQGAP1",0.0740064434260164
"chr7-132868836-132869717","PLXNA4",0.0740022953289499
"chr15-58737803-58738697","ALDH1A2",0.0739942570935698
"chr1-12601812-12602499","TNFRSF1B",0.0739915703568302
"chr6-111757103-111757954","FYN",0.073986951130926
"chr5-141604035-141604844","DIAPH1",0.0739835605126324
"chr1-27625911-27626730","IFI6",0.0739732191670197
"chr17-56602329-56603223","NOG",0.0739685361395862
"chr20-63803384-63804336","TPD52L2",0.0739671509627118
"chr7-2413175-2414059","CHST12",0.0739641521536508
"chr14-22815406-22816271","SLC7A7",0.073955159066246
"chr19-33795253-33796064","CEBPA",0.0739502290518331
"chr6-132483953-132484798","LINC01013",0.0739440390827277
"chr7-28799886-28800793","CHN2",0.0739381122640781
"chr15-45048432-45049352","SPG11",0.0739349042212651
"chr1-150322354-150323003","PLEKHO1",0.0739335644726212
"chr6-152184706-152185489","SYNE1",0.0739333340275608
"chr2-9552267-9553176","ADAM17",0.0739195544033676
"chr11-67120714-67121591","ANKRD13D",0.0739189048697451
"chr1-152049557-152050339","S100A11",0.0739165018757244
"chr12-49201931-49202567","TUBA1A",0.0739143572172064
"chr9-124218409-124219327","NEK6",0.0739143469479085
"chr10-127905611-127906134","PTPRE",0.0738960248766375
"chr17-64020170-64021034","LIMD2",0.0738770709232933
"chr3-18778274-18779194","SATB1",0.0738730942793986
"chr5-154708619-154709525","LARP1",0.0738574085319819
"chr17-74712648-74713532","TTYH2",0.0738558926405108
"chr11-118869915-118870766","DDX6",0.0738555627968652
"chr10-4825943-4826796","AKR1E2",0.0738555189390446
"chr12-123075516-123076384","MPHOSPH9",0.0738505200022624
"chr11-61963062-61963956","BEST1",0.0738414756039843
"chr19-51590489-51591343","FPR3",0.0738389637875893
"chr4-102760404-102761186","MANBA",0.0738382930708942
"chr17-2265945-2266804","METTL16",0.0738374683293317
"chr15-55250284-55251125","RAB27A",0.0738286439987533
"chr6-20403085-20404002","E2F3",0.0738283421775706
"chr1-221097427-221098324","MARC1",0.0738231168633297
"chr3-150888946-150889696","TSC22D2",0.0738190232444624
"chr7-139873721-139874625","HIPK2",0.0738109860474456
"chr8-60702975-60703848","AC022182.1",0.0738080844146812
"chr15-85003753-85004535","AKAP13",0.0737967296936781
"chr8-37821705-37822000","RAB11FIP1",0.0737891939556951
"chr2-212815143-212815992","IKZF2",0.0737879933492884
"chr6-16420679-16421600","ATXN1",0.0737789080526686
"chr10-124035631-124036542","CHST15",0.07376958688375
"chr20-50002936-50003794","CEBPB",0.073765617561897
"chr8-133499152-133499844","ST3GAL1",0.0737620772618555
"chr6-44064161-44065085","VEGFA",0.0737597154508292
"chr2-197891616-197892461","PLCL1",0.0737593913126251
"chr10-110859614-110860264","SHOC2",0.0737412080571703
"chr7-2362486-2363295","CHST12",0.0737394823601951
"chr9-4740781-4741642","RCL1",0.0737372186486245
"chr1-23577081-23577980","CNR2",0.0737329841816305
"chr20-50046811-50047651","CEBPB",0.0737267847204616
"chr19-54573467-54574229","FCAR",0.0737258521208748
"chr18-55343207-55344066","TCF4",0.0737250865617245
"chr1-183023738-183024147","LAMC1",0.0737084741140981
"chr22-36913138-36914029","CYTH4",0.0736912362745212
"chr17-57255947-57256874","DGKE",0.0736880472982233
"chr19-18393674-18394483","LRRC25",0.0736808785307302
"chr17-45228802-45229711","PLEKHM1",0.0736781463257919
"chr4-141636202-141637061","IL15",0.0736756733518735
"chr22-37739317-37740168","TRIOBP",0.0736719680476139
"chr12-121278248-121279109","OASL",0.0736637286086434
"chr3-30631079-30632005","TGFBR2",0.0736577308782273
"chr17-76481775-76482401","RHBDF2",0.0736576010085568
"chr15-79978583-79979448","ZFAND6",0.073653742012686
"chr3-31916979-31917610","ZNF860",0.0736453416864545
"chr16-29335112-29336028","RABEP2",0.0736310305944387
"chr20-37349743-37350633","SAMHD1",0.0736282776888743
"chr2-30336890-30337743","LBH",0.0736260595730584
"chr6-73394475-73395334","DDX43",0.0736247303629845
"chr19-14888397-14889300","CLEC17A",0.0736245336851321
"chr9-107424921-107425823","KLF4",0.0736166780926374
"chr3-125155579-125156184","OSBPL11",0.073615359655789
"chr22-31227745-31228632","LIMK2",0.0736140170486606
"chrX-2928420-2929275","ARSD",0.0736108980959945
"chr14-24690240-24691167","GZMH",0.0736074529688212
"chr2-88855316-88856232","EIF2AK3",0.0736041142413514
"chr12-10503205-10504094","KLRK1",0.0735881599977946
"chr16-55832761-55833543","LPCAT2",0.0735711290666922
"chr11-62816291-62817203","STX5",0.0735706636823117
"chr20-1894092-1894983","SIRPA",0.0735706160517766
"chr20-62339432-62340324","LAMA5",0.0735702600864641
"chr11-125070444-125071340","SLC37A2",0.073553716161016
"chr10-92742017-92742900","HHEX",0.073546436416144
"chr17-76191617-76192477","UBALD2",0.0735423128645318
"chr14-52068751-52069665","PTGDR",0.0735419132301571
"chr22-30273068-30273900","MTMR3",0.0735397984064013
"chr1-17658591-17659502","ARHGEF10L",0.073539697269641
"chr12-10312186-10313067","KLRF1",0.0735137796169375
"chr7-42237685-42238397","GLI3",0.0735121298008748
"chr13-42354867-42355717","VWA8",0.0735108683055709
"chr2-8457020-8457758","LINC00299",0.0735058689414836
"chr3-187773961-187774814","LPP",0.0735057692287939
"chr16-11572006-11572908","LITAF",0.0734885120312096
"chr11-72950983-72951731","ATG16L2",0.0734854056696929
"chr1-12183938-12184863","MTHFR",0.0734790404585478
"chr7-138903195-138904076","ZC3HAV1",0.0734789886215305
"chr12-55929115-55930002","ESYT1",0.0734758640143751
"chr6-32920352-32921197","HLA-DQA1",0.0734722033987144
"chr22-44663872-44664729","PRR5",0.0734510458864635
"chr14-91880728-91881618","CCDC88C",0.0734485261797995
"chr14-24611988-24612859","GZMB",0.0734484201061802
"chr3-151345976-151346739","P2RY13",0.0734365699458847
"chr5-35830338-35831247","SPEF2",0.0734362080693603
"chr11-3037206-3037981","CDKN1C",0.0734357527178715
"chr9-96013853-96014758","HABP4",0.0734285599747383
"chr2-164975586-164976435","SLC38A11",0.0734114556051794
"chr19-54502393-54503304","NCR1",0.0734023799771675
"chr7-150435281-150436181","LINC00996",0.0733842978586592
"chr10-79149684-79150592","ZMIZ1",0.0733837326081672
"chr16-85135909-85136772","ZDHHC7",0.0733775224357813
"chr5-56060458-56061353","IL6ST",0.0733744842869598
"chr9-72440113-72440968","ZFAND5",0.0733740046579695
"chr1-157784967-157785907","FCRL2",0.0733642809685946
"chr8-109574520-109575370","SYBU",0.0733552805191417
"chr1-24189904-24190670","CNR2",0.0733548768544257
"chr22-25054562-25055473","SGSM1",0.0733543025457001
"chr1-15260993-15261928","TMEM51",0.07335426144129
"chr12-46357395-46358240","SLC38A2",0.073348159806594
"chr19-54916680-54917505","KIR3DL1",0.0733413203671377
"chr2-66446113-66446866","MEIS1",0.0733387197688726
"chr9-96777617-96778505","HABP4",0.0733371352136352
"chr1-158115028-158115826","CD1C",0.073335329883544
"chr19-58097873-58098760","ZNF544",0.0733316039678801
"chr2-213101487-213102362","IKZF2",0.0733123427001026
"chr8-141089328-141090169","PTK2",0.073290029521933
"chr7-583800-584681","PRKAR1B",0.0732796772291918
"chr20-5973671-5974536","FERMT1",0.0732783349227353
"chr1-154714404-154715224","IL6R",0.0732779402248892
"chr8-95165101-95165996","TP53INP1",0.0732730517637969
"chr4-103074536-103075238","MANBA",0.0732703619548307
"chr5-75059635-75060538","ANKRD31",0.073269567844225
"chr14-20816743-20817657","RNASE6",0.0732683363152111
"chr1-226800003-226800667","ITPKB",0.073264610846043
"chr11-65431116-65431988","FAU",0.0732638420960603
"chr1-221098736-221099614","MARC1",0.0732594729997463
"chr16-88452602-88453477","APRT",0.0732563655755118
"chr15-60839353-60840064","RORA",0.0732557803030121
"chr6-75748710-75749626","MYO6",0.0732475104011094
"chr17-63498987-63499849","MAP3K3",0.0732357212737561
"chr19-6498375-6499285","RFX2",0.0732314857215848
"chr12-10305376-10306318","STYK1",0.0732238060650227
"chr6-12265476-12266357","PHACTR1",0.073218190259807
"chr11-79440728-79441579","TENM4",0.0732166675032689
"chr3-121992437-121993284","SLC15A2",0.073210929878847
"chr11-85752601-85753498","DLG2",0.0732082098059422
"chr19-3141708-3142574","GNA15",0.0732025196194534
"chr14-91880728-91881618","CATSPERB",0.0731792299474541
"chr10-118792270-118793129","CACUL1",0.073178440633857
"chr4-76208141-76209035","PPEF2",0.07317513987617
"chr12-10195966-10196872","KLRF1",0.0731738007149583
"chr6-16699084-16699847","ATXN1",0.0731725699893429
"chr19-11293441-11294349","LDLR",0.0731692176849762
"chr16-50093387-50094282","HEATR3",0.0731678146337936
"chr4-26884231-26885088","STIM2",0.0731571344599414
"chr16-30470688-30471548","CORO1A",0.0731559971549105
"chr2-8334693-8335584","LINC00299",0.073149191570919
"chr19-49537616-49538492","CD37",0.0731481282589173
"chr19-1213648-1214571","MIDN",0.0731389597436059
"chr18-58800312-58801197","ZNF532",0.0731372823675163
"chr10-104351170-104351847","ITPRIP",0.0731365281111474
"chr19-54707741-54708605","KIR3DL1",0.0731328891903246
"chr8-38943439-38944332","PLEKHA2",0.073132666762555
"chr10-77622636-77623521","KCNMA1",0.0731254643071398
"chr2-105753793-105754687","UXS1",0.073124876324291
"chr12-9760684-9761272","KLRD1",0.0731237145308431
"chr1-112700459-112701392","RHOC",0.0731233106031792
"chr7-121372309-121373197","FAM3C",0.073113175264529
"chr5-140342081-140342893","CD14",0.0731000087275018
"chr2-219603523-219604436","SLC4A3",0.0730995469382829
"chr5-81750831-81751702","SSBP2",0.0730957045430109
"chr20-1731529-1732337","SIRPG",0.073091625807927
"chr3-112514335-112515186","BTLA",0.0730897521984963
"chr5-55101253-55102004","GZMA",0.0730886053377998
"chr12-120474381-120475187","CABP1",0.0730864116407714
"chr19-12789625-12790506","IER2",0.0730862170089891
"chr22-35601975-35602850","APOL6",0.0730836196114875
"chr4-38023417-38024325","RELL1",0.0730835039703761
"chr17-4750292-4751118","VMO1",0.0730823757691478
"chr20-825698-826622","FAM110A",0.0730807142358437
"chr5-119275428-119276345","DMXL1",0.0730774913833322
"chr3-194526889-194527804","ATP13A3",0.0730720846683709
"chr12-113415960-113416873","OAS3",0.0730697450999485
"chr17-1586810-1587718","MIR22HG",0.0730595106788306
"chr12-116265064-116265873","MED13L",0.0730449828094245
"chr4-6885891-6886775","KIAA0232",0.0730449426175458
"chr12-22163912-22164757","ST8SIA1",0.0730267981659503
"chr6-26198963-26199846","HIST1H4C",0.0730228895954026
"chr14-73240578-73241424","PSEN1",0.0730225742784556
"chr10-12270582-12271448","CAMK1D",0.0729975485106821
"chr17-7887231-7888088","CTC1",0.0729873101825939
"chr14-32202971-32203902","AKAP6",0.0729833683636936
"chr6-32197309-32198033","HLA-DQB1",0.0729817928009156
"chr6-161242920-161243848","AGPAT4",0.072970151555138
"chr9-113176651-113177465","FKBP15",0.0729689625417578
"chr11-61880178-61880909","FADS3",0.0729650508614183
"chr9-89489666-89490564","SEMA4D",0.0729598867935159
"chr12-10481577-10482463","KLRC4",0.0729500295619208
"chr14-35365318-35365974","BAZ1A",0.0729470871127622
"chr15-28912272-28912958","APBA2",0.0729416166062423
"chr19-49356937-49357720","CD37",0.0729409885201335
"chr5-139407286-139408172","CXXC5",0.0729306353925866
"chr16-47018012-47018881","PHKB",0.0729061392710884
"chr12-29158093-29158988","FAR2",0.0728991934698988
"chr12-122067708-122068605","BCL7A",0.0728909198008225
"chr1-153566215-153567026","S100A9",0.0728830846740432
"chr10-89251529-89252419","STAMBPL1",0.0728808567183636
"chr11-133947988-133948762","IGSF9B",0.0728797334971036
"chr6-154354744-154355635","IPCEF1",0.0728743278484054
"chr1-223393165-223394035","SUSD4",0.0728714002582354
"chr6-110484064-110484957","CDK19",0.0728559943650937
"chr7-3062778-3063665","AC024028.1",0.0728516621726483
"chr8-33554577-33555325","RNF122",0.0728478769132852
"chr5-131393877-131394752","RAPGEF6",0.0728473498669019
"chr13-28467872-28468752","PAN3",0.0728456727515684
"chr18-58863281-58864106","ZNF532",0.0728388096337315
"chr12-91977886-91978750","BTG1",0.0728339921364203
"chr12-95131621-95132435","FGD6",0.072832254802583
"chr7-191978-192887","FAM20C",0.0728317869284648
"chr6-149094671-149095530","TAB2",0.0728122858953465
"chr17-7625968-7626691","TNFSF13",0.0728121608965302
"chr4-6807076-6807968","KIAA0232",0.0728088699341571
"chr6-151690001-151690714","ESR1",0.0728061246502553
"chr1-185412210-185413115","HMCN1",0.0728021276633439
"chr19-49468764-49469631","CD37",0.0727992399150874
"chr9-136996134-136997036","CLIC3",0.0727989513498332
"chr19-45442612-45443375","ERCC1",0.072798609222224
"chr1-9522213-9523104","SLC25A33",0.0727983018875935
"chr12-6337005-6337837","LAG3",0.0727920605064915
"chr18-12606782-12607612","TUBB6",0.0727870666056906
"chr4-8167516-8168345","SH3TC1",0.0727865066849453
"chr2-206530482-206531397","ADAM23",0.0727859957812438
"chr16-68287335-68288182","SLC7A6",0.0727841814288078
"chr20-63638924-63639780","STMN3",0.0727810991955896
"chr1-37094015-37094888","GRIK3",0.0727735335101287
"chr6-137982359-137983123","PERP",0.0727724022430488
"chr9-88988884-88989767","S1PR3",0.0727649132489634
"chr6-30617127-30617968","LINC00243",0.072758369269545
"chr22-46370704-46371511","TTC38",0.072758305709739
"chr4-15689553-15690358","CC2D2A",0.0727580151121361
"chr6-33093729-33094485","HLA-DQA1",0.0727553359135404
"chr6-144159473-144160274","UTRN",0.0727535097783796
"chr20-57681043-57681874","PMEPA1",0.0727516577420988
"chr17-27335972-27336857","LGALS9",0.0727515205304099
"chr17-7121215-7121781","XAF1",0.0727514709592634
"chr17-4374832-4375708","ATP2A3",0.0727445687728021
"chr6-16700371-16701211","ATXN1",0.0727439085510534
"chr6-32657980-32658909","HLA-DMA",0.0727402528602795
"chr5-58582563-58583465","GAPT",0.0727398145771727
"chr1-236064706-236065430","LYST",0.0727390947247635
"chr16-1543238-1544147","CLCN7",0.0727328275257726
"chr17-7887231-7888088","CHD3",0.072726883751705
"chr9-93119670-93120550","FAM120A",0.0727267643228204
"chr3-193831907-193832766","HES1",0.0727262443430795
"chr6-148987733-148988627","UST",0.0727260301327365
"chr19-54019941-54020790","LILRA5",0.0727244021885969
"chr18-26215348-26216244","TAF4B",0.072713367830067
"chr19-29623671-29624471","PLEKHF1",0.0727083013712398
"chr1-178925693-178926540","ANGPTL1",0.0726962043899056
"chr14-68977596-68978444","ACTN1",0.0726952063057792
"chr20-3811405-3812227","CDC25B",0.0726724852867071
"chr1-12433951-12434730","DHRS3",0.072668668337433
"chr3-67737749-67738622","SUCLG2",0.072659182407205
"chr12-95995960-95996762","LTA4H",0.0726587824031309
"chr3-18223381-18224244","TBC1D5",0.0726570012986945
"chr16-11308502-11309319","CIITA",0.072654691704264
"chr10-33126084-33126853","ITGB1",0.0726508129760025
"chr17-74599199-74599994","CD300LF",0.0726507528877917
"chr19-14577555-14578325","CLEC17A",0.0726503121263426
"chr19-10797303-10798185","ICAM3",0.0726461777935955
"chr9-133127256-133128120","RALGDS",0.0726436676156392
"chr16-81797245-81798108","PLCG2",0.0726423074171905
"chr17-49361900-49362774","FAM117A",0.0726313839247267
"chr19-54662484-54663343","LILRA1",0.0726298271165663
"chr14-69644378-69645090","SUSD6",0.0726271472062853
"chr4-15673809-15674544","FBXL5",0.0726266691435224
"chr2-46970312-46971202","CALM2",0.0726221616848464
"chr1-15146702-15147561","TMEM51",0.0726167448270392
"chr5-175652780-175653672","THOC3",0.072615377056772
"chr8-125434173-125435152","TRIB1",0.0726152841383308
"chr4-108070507-108071345","LEF1-AS1",0.0726013134449212
"chr5-65790117-65790990","NLN",0.0726009481732342
"chr9-82091472-82092336","TLE1",0.072600070222363
"chr19-35445865-35446723","FFAR2",0.0725972822742077
"chr7-151917587-151918358","PRKAG2",0.0725949320756741
"chr21-42439371-42440236","PDE9A",0.0725840227488884
"chr19-20661168-20662030","ZNF626",0.0725826821301144
"chr13-49641634-49642484","DLEU1",0.0725752963691376
"chr7-80722633-80723378","SEMA3C",0.0725707195120934
"chr11-61094870-61095631","CYB561A3",0.0725635397126442
"chr3-5011446-5012327","EGOT",0.0725627421630431
"chr3-137970822-137971666","ESYT3",0.0725597461069631
"chr17-32140943-32141648","RHOT1",0.0725567162065336
"chr19-8502126-8502880","MYO1F",0.0725534425496193
"chr14-101707162-101707987","PPP2R5C",0.0725519177254574
"chr20-1820452-1821349","SIRPB1",0.0725425836839535
"chr16-56951143-56952027","HERPUD1",0.0725402290278324
"chr16-84805983-84806858","GSE1",0.0725392895453826
"chr9-113151950-113152504","SNX30",0.0725392155861872
"chr19-12785974-12786826","JUNB",0.0725298177939459
"chr11-61816514-61817377","FTH1",0.0725226722755543
"chr4-108512833-108513684","LEF1-AS1",0.0725224708412124
"chr3-66303432-66304170","LRIG1",0.0725216352907168
"chr6-16712786-16713623","ATXN1",0.07251231201438
"chr2-152421329-152422131","FMNL2",0.0725075450248124
"chr10-87659445-87660276","PAPSS2",0.0725064622126319
"chr16-67393087-67393976","ATP6V0D1",0.0725034191782964
"chr3-192898671-192899567","MB21D2",0.0725011490241643
"chr19-15233020-15233866","ADGRE2",0.0724996295656925
"chr3-46110637-46111577","CCR2",0.0724948214495966
"chr3-72274370-72275273","RYBP",0.0724939734894554
"chr17-63773383-63774213","LIMD2",0.0724932247983107
"chr5-151215212-151215932","SLC36A1",0.0724905523404991
"chr6-16654440-16655358","ATXN1",0.0724836658596981
"chr9-36029591-36030457","GLIPR2",0.0724762114198223
"chr22-50303622-50304072","PLXNB2",0.0724721661554581
"chrX-110087576-110088212","TMEM164",0.0724583468688813
"chr11-62444066-62444846","AHNAK",0.0724539358348558
"chr19-35430707-35431640","FFAR2",0.0724514064007737
"chr3-72101962-72102796","RYBP",0.0724513130968293
"chr21-15413812-15414700","USP25",0.0724476205698345
"chr12-112887300-112888199","OAS3",0.07244071399521
"chr6-17987349-17988262","RNF144B",0.0724389232385118
"chr12-67268663-67269631","CAND1",0.0724302028036822
"chr2-68272406-68273282","PPP3R1",0.0724120545781075
"chr1-1410617-1411316","MXRA8",0.0724077415901035
"chr2-43219561-43220420","ZFP36L2",0.0724023204384579
"chr11-45031894-45032765","CD82",0.0723965977575691
"chr19-29671383-29672217","URI1",0.0723903610767525
"chr9-113125152-113126071","SNX30",0.0723878497792576
"chr3-108820447-108821278","TRAT1",0.0723832124991257
"chr1-231806372-231807269","DISC1",0.0723806425710997
"chr15-55220940-55221863","RAB27A",0.0723778949213188
"chr9-37402828-37403675","ZCCHC7",0.0723768417298867
"chr19-51784714-51785619","SIGLEC5",0.0723721565502904
"chr9-37390523-37391422","ZCCHC7",0.0723721305079114
"chr11-121467808-121468678","SORL1",0.0723621965326026
"chr3-68057409-68058321","SUCLG2-AS1",0.07235242572308
"chr16-57646392-57647269","KIFC3",0.0723522094897627
"chr11-67996663-67997588","ALDH3B1",0.0723440710008682
"chr3-119638605-119639458","GSK3B",0.0723406670423885
"chr11-108593297-108594102","C11orf65",0.0723399145888767
"chr5-160293718-160294614","CCNJL",0.0723356786587172
"chr19-47313829-47314282","C5AR1",0.0723338783051084
"chr11-122843192-122844066","HSPA8",0.0723287498345229
"chr19-10101877-10102600","S1PR5",0.0723250349736821
"chr6-32920352-32921197","HLA-DRA",0.0723239342037624
"chr3-138370841-138371722","PIK3CB",0.0723237076383847
"chr3-122021737-122022596","EAF2",0.0723236851473247
"chr16-57589132-57589863","ADGRG3",0.0723206261711798
"chr19-54209457-54210244","LILRB1",0.0723181266391644
"chr18-55235884-55236825","TCF4",0.0723169586414421
"chr3-112297426-112298290","CD200",0.0723122236678544
"chr1-121092383-121093283","FCGR1B",0.072311537841441
"chr13-48500467-48501369","CYSLTR2",0.0723109732010501
"chr6-159036542-159037170","TAGAP",0.0723090721464226
"chr19-55075219-55076087","LILRB4",0.0723070977454113
"chr12-75977645-75978547","GLIPR1",0.0723009480561811
"chr21-43812028-43812860","AGPAT3",0.0723004279107234
"chr10-30284840-30285706","MAP3K8",0.0722988184976571
"chr2-132353255-132353942","GPR39",0.0722939212701722
"chr5-55037146-55038014","GZMK",0.0722835737684927
"chr2-218360151-218361066","GPBAR1",0.0722832773562637
"chr17-64272722-64273594","ERN1",0.07228297172702
"chr12-82686430-82687274","TMTC2",0.0722816908872906
"chr6-44976955-44977835","RUNX2",0.0722771129516073
"chr5-139638261-139639016","MZB1",0.0722705668690338
"chr4-108116574-108117279","LEF1-AS1",0.0722671177742882
"chr1-72280877-72281623","NEGR1",0.0722654551454908
"chr20-60054424-60055136","MIR646HG",0.0722611456515505
"chr19-13102627-13103502","LYL1",0.072259762846235
"chr19-54268757-54269609","MYADM",0.0722582372505347
"chr17-66461721-66462493","APOH",0.0722574261720335
"chr6-33093729-33094485","HLA-DQB1",0.072254040429079
"chr1-23979915-23980808","SRSF10",0.0722531870492481
"chr9-96009549-96010382","PTCH1",0.0722512481270454
"chr11-61347726-61348624","VPS37C",0.0722481927765963
"chr8-16163734-16164620","MSR1",0.0722390980155769
"chr5-102296037-102296919","SLCO4C1",0.0722256838901177
"chr6-33570693-33571643","CUTA",0.0722233775724894
"chr1-159188137-159188993","AIM2",0.0722154257468964
"chr5-54637751-54638596","GZMA",0.0722069447292185
"chr1-58576678-58577475","JUN",0.0722066080436886
"chr12-38587347-38588057","CPNE8",0.0722043809716385
"chr8-96820493-96821393","CPQ",0.0722023163242751
"chr17-77285480-77286377","SEC14L1",0.0721897952140426
"chr2-165203600-165204484","SCN3A",0.0721780926464646
"chr3-186095332-186096273","TRA2B",0.0721643844378886
"chr19-7674025-7674925","MCOLN1",0.0721628635829164
"chr3-61564272-61565103","PTPRG",0.0721592396361162
"chr7-87600345-87601175","ABCB1",0.0721575742741476
"chr11-74580896-74581792","POLD3",0.0721575306545612
"chr14-49862521-49863340","LINC01588",0.0721552692959023
"chr1-85330607-85331339","MCOLN2",0.0721519484954897
"chr1-56574413-56575218","PLPP3",0.0721495793352253
"chr20-50029562-50030470","CEBPB",0.0721413157594084
"chr11-88345152-88346009","CTSC",0.0721327158109218
"chr3-151384470-151385311","P2RY13",0.072123829012195
"chr11-8168547-8169431","STK33",0.0721227024578011
"chr11-119509811-119510692","CBL",0.0721178101899614
"chr3-134839682-134840514","EPHB1",0.0721078572123896
"chr1-111733144-111733952","C1orf162",0.0721061522981229
"chr13-109387181-109388044","IRS2",0.0721039754351062
"chr7-28685499-28686396","CHN2",0.0721037538105562
"chr8-61094927-61095489","CHD7",0.0721028729335782
"chr12-48925248-48925902","FKBP11",0.0720917448026483
"chr17-74442637-74443531","CD300E",0.0720883883505894
"chr12-122716414-122717307","CLIP1",0.0720805536675832
"chr20-3906847-3907769","CDC25B",0.0720798504601478
"chr5-177416012-177416883","RAB24",0.0720778208160362
"chr13-50230077-50230972","DLEU1",0.0720776021702219
"chr1-50098347-50099164","ELAVL4",0.0720749415720539
"chr3-66393748-66394625","LRIG1",0.0720706070423702
"chr4-1055563-1056458","SPON2",0.0720701720095399
"chr5-68279796-68280690","PIK3R1",0.0720630926489976
"chr17-74690210-74691105","TTYH2",0.0720473854096794
"chr1-156119577-156120454","LMNA",0.0720395960293675
"chr9-131677233-131677995","RAPGEF1",0.0720392653650885
"chr19-44635794-44636686","RELB",0.0720374057553169
"chr16-84911324-84912213","CRISPLD2",0.0720230042469402
"chr12-29783651-29784405","TMTC1",0.0720187778579049
"chr13-71610614-71611536","DACH1",0.0720093292322183
"chr11-122674964-122675862","UBASH3B",0.071993983499859
"chr17-82743394-82744171","FN3K",0.0719932893443532
"chr21-37863621-37864503","KCNJ15",0.0719774341487832
"chr17-55072758-55073581","HLF",0.071976620466473
"chr10-89163486-89164337","IFIT3",0.0719718060254104
"chr3-196220510-196221318","NRROS",0.0719504226558579
"chr12-10305376-10306318","KLRC1",0.0719366833219411
"chr22-29310742-29311641","AP1B1",0.0719357212450114
"chr1-180278771-180279649","QSOX1",0.0719283658309823
"chr6-29564720-29565576","HCG9",0.0719232834127869
"chr2-164754116-164755037","SLC38A11",0.0719232185481099
"chr17-64174643-64175554","MILR1",0.0719228910966694
"chr2-20617762-20618656","RHOB",0.0719216084333617
"chr20-1943404-1944242","SIRPB1",0.071917367898158
"chr4-15996627-15997433","CD38",0.0719084805437001
"chr3-52237224-52238003","STAB1",0.0719059703332506
"chr4-39657215-39658066","SMIM14",0.0718997087054555
"chr5-55021170-55021911","GZMA",0.0718982926207854
"chr1-48767706-48768618","BEND5",0.0718899870859333
"chr19-54606852-54607436","LILRA1",0.0718899746317788
"chr20-2299047-2299929","SIRPA",0.0718853058511791
"chr3-56724985-56725853","ARHGEF3",0.0718833100283746
"chr2-17813563-17814252","GEN1",0.0718817546110519
"chr19-19817056-19817969","ZNF506",0.0718811183333128
"chr3-49238250-49239147","RHOA",0.0718747311337943
"chr10-6072328-6073128","IL2RA",0.0718722499299525
"chr3-138367563-138368414","MRAS",0.071871737090824
"chr8-26133692-26134604","BNIP3L",0.0718680432952564
"chr8-132480676-132481541","KCNQ3",0.0718672922298012
"chr20-1943404-1944242","SIRPD",0.0718672083141681
"chr12-4842182-4843051","AKAP3",0.0718654071997918
"chr1-89556818-89557729","LRRC8B",0.0718615670890082
"chr2-156430839-156431549","NR4A2",0.0718593055260402
"chr19-35712719-35713588","ZBTB32",0.0718490818484963
"chr4-6177505-6178389","C4orf50",0.0718454050227196
"chr19-53849030-53849854","LILRA6",0.0718414675074554
"chr9-515452-516319","KANK1",0.0718412155288272
"chr9-469779-470671","KANK1",0.0718355743841973
"chr1-156148033-156148923","LMNA",0.0718343374595944
"chr21-14687010-14687840","NRIP1",0.0718330978545315
"chr21-44065187-44066101","RRP1B",0.0718330171149008
"chr8-80097031-80097810","TPD52",0.0718302452783961
"chr6-146594029-146594847","RAB32",0.0718247842140562
"chr8-94960216-94960986","TP53INP1",0.0718220304567002
"chr13-109402668-109403510","IRS2",0.0718203200421457
"chr7-139885963-139886873","HIPK2",0.0718171997642686
"chr5-139764033-139764775","CXXC5",0.0718169986394274
"chr12-24742134-24743017","LRMP",0.0718133790507759
"chr17-7625968-7626691","CD68",0.0717966884145346
"chr5-17215964-17216844","BASP1",0.0717910390253546
"chr14-32202971-32203902","ARHGAP5",0.0717893368879989
"chr6-108616516-108617341","FOXO3",0.0717495138682418
"chr1-172674944-172675816","FASLG",0.0717409136876593
"chr2-84845847-84846745","DNAH6",0.0717387372313641
"chr9-36949201-36950070","ZCCHC7",0.0717321258632738
"chr11-32829415-32830200","HIPK3",0.0717308372523059
"chr1-53106197-53107047","SLC1A7",0.0717217133609744
"chr21-31659243-31660083","SOD1",0.0717172434273924
"chr19-20166771-20167639","ZNF506",0.0717127562065603
"chr3-186108779-186109697","IGF2BP2",0.0717094415317029
"chr19-3797899-3798788","MATK",0.0717083449093834
"chr9-129868793-129869707","USP20",0.0717059058490718
"chr7-30225752-30226620","ZNRF2",0.0717028183799208
"chr17-5610738-5611623","NLRP1",0.0716993765274457
"chr15-85408008-85408824","AKAP13",0.0716984096139969
"chr9-112860947-112861681","FKBP15",0.071691874977183
"chr2-28395216-28396090","PPP1CB",0.0716859500633028
"chr11-75340365-75341243","ARRB1",0.0716788749773524
"chr4-145938414-145939230","ZNF827",0.0716780246947904
"chr12-132904459-132905367","ZNF10",0.0716758256477023
"chr7-22728386-22729124","STEAP1B",0.0716743914255535
"chr11-47359309-47360145","SPI1",0.0716725789879375
"chr3-32285278-32286088","CMTM8",0.0716700605446785
"chr22-17781278-17782167","BID",0.0716698908586975
"chr17-16989200-16989924","TNFRSF13B",0.0716684871612946
"chr2-86764463-86765347","CD8A",0.0716682765233579
"chr1-192608867-192609762","RGS1",0.0716662820651518
"chr5-134114137-134114996","JADE2",0.071663133846587
"chr19-12785974-12786826","IER2",0.0716592327752378
"chr1-10378271-10379085","KIF1B",0.0716552804340488
"chr15-67850921-67851805","PIAS1",0.0716436195749435
"chr9-136225544-136226355","QSOX2",0.0716331990680649
"chr19-1101456-1102263","MIDN",0.0716304254472256
"chr12-120006996-120007905","BICDL1",0.0716266454421199
"chr6-148519914-148520757","UST",0.07162605682603
"chr3-14319358-14320247","SLC6A6",0.0716221379269325
"chr7-22709489-22710281","RAPGEF5",0.0716096927498022
"chr10-89333690-89334587","STAMBPL1",0.071609385314499
"chr6-90195185-90195914","BACH2",0.0716040611015793
"chrX-154368445-154369345","GAB3",0.0715946402618262
"chr9-72304883-72305801","LINC01504",0.0715878361612352
"chr22-42931253-42932112","PACSIN2",0.0715843810742483
"chr21-36966212-36967112","HLCS",0.0715842752725758
"chr17-57892571-57893370","CUEDC1",0.0715813402623767
"chr20-63730481-63731406","STMN3",0.0715766170371272
"chr15-65791854-65792775","RAB11A",0.0715754333970922
"chr1-146006901-146007795","TXNIP",0.0715741775528117
"chr5-134524872-134525783","JADE2",0.0715699826534116
"chr8-65951473-65952376","MTFR1",0.0715680154915891
"chr7-2623114-2623956","TTYH3",0.071561181325665
"chr3-112128678-112129578","CD200",0.0715542625785194
"chr4-38761286-38762153","TLR10",0.0715494626248569
"chr4-8207152-8207970","SH3TC1",0.0715466467372113
"chr6-6806548-6807453","F13A1",0.0715449170967003
"chr2-102368554-102369259","IL18R1",0.0715417338267035
"chr19-17771993-17772916","NXNL1",0.0715415781038892
"chr6-42025151-42026021","TFEB",0.0715322627359058
"chr17-78252092-78252943","TNRC6C-AS1",0.0715197572903276
"chr6-31727224-31728135","NOTCH4",0.0715166969937485
"chr1-159301995-159302814","FCER1A",0.0715142916361014
"chr1-206719131-206719971","FCMR",0.0715140081409411
"chr6-144181470-144182295","UTRN",0.0715128742049422
"chr13-76745226-76746032","KCTD12",0.0715104179399176
"chr4-85660608-85661321","ARHGAP24",0.0715082994046541
"chr10-61987694-61988594","ARID5B",0.0715032574329995
"chr14-95560666-95561527","TCL1A",0.0714977204483442
"chr18-58896050-58896899","ZNF532",0.071494425171119
"chr3-196357615-196358528","TM4SF19",0.0714911344669592
"chr19-54312395-54313201","LILRA2",0.0714904555569835
"chr11-73204426-73205305","FAM168A",0.0714894907568896
"chr7-77500686-77501528","PTPN12",0.0714803125299389
"chr2-8543355-8544204","ID2",0.0714796934997117
"chr2-108957774-108958653","SH3RF3",0.0714752392780874
"chr2-43194630-43195537","ZFP36L2",0.0714746159335954
"chr17-36089802-36090735","CCL4",0.0714657136575429
"chr7-24979035-24979621","OSBPL3",0.0714643627947654
"chr19-14402046-14402953","PRKACA",0.0714642629308712
"chr7-22445169-22445872","CDCA7L",0.0714606564606694
"chr7-105849155-105850025","CDHR3",0.0714553848025906
"chr6-32691746-32692625","HLA-DOB",0.0714389346160794
"chr17-7121215-7121781","TNFSF13",0.071433179985342
"chr19-54019941-54020790","VSTM1",0.0714288940159836
"chr13-50289941-50290828","DLEU1",0.071426341789287
"chr5-83474319-83474902","XRCC4",0.0714236887439136
"chr19-566162-566951","ARID3A",0.0714233330182083
"chr2-100643805-100644664","NPAS2",0.0714216253002446
"chr2-233100305-233101114","INPP5D",0.0714187213800908
"chr11-65431116-65431988","CTSW",0.0714175948166618
"chr22-23844256-23845089","DERL3",0.0714163441567268
"chr10-37976169-37977069","ZNF33A",0.0714146882446782
"chr12-104649637-104650479","CHST11",0.0714114749950973
"chr2-74421280-74422122","C2orf81",0.0714111894229835
"chr8-23541152-23542010","TNFRSF10B",0.071407828750464
"chr6-13434818-13435378","GFOD1",0.071405725693418
"chr6-36912361-36913167","PIM1",0.071404044653707
"chr15-58331881-58332681","ALDH1A2",0.0714013577366202
"chr19-54606852-54607436","LILRA5",0.0713951130652347
"chr4-3402292-3403161","RGS12",0.0713902781566782
"chr6-73695533-73696411","CD109",0.0713898488682968
"chr19-50713284-50714133","C19orf81",0.071384453232312
"chr8-56559660-56560581","LINC00968",0.0713814461211973
"chr9-110802343-110803095","LPAR1",0.0713791922137068
"chr12-124734119-124735031","NCOR2",0.0713774388120056
"chr22-39099182-39100078","MGAT3",0.0713730079084726
"chr17-7112020-7112885","XAF1",0.0713719578800556
"chr12-122966075-122966972","C12orf65",0.0713653416621669
"chr3-71360401-71361233","FOXP1",0.0713642842835325
"chr16-88619691-88620599","RNF166",0.0713620167500035
"chr19-54542342-54543197","NCR1",0.0713619120772275
"chr9-87792609-87793406","CTSL",0.0713605919496532
"chr16-85002404-85003311","KIAA0513",0.0713444162374235
"chr1-156123377-156124229","LMNA",0.0713416553528316
"chr18-44548412-44549219","SETBP1",0.0713407617008102
"chr2-164913504-164914335","COBLL1",0.0713394256289458
"chr1-25622328-25622952","MAN1C1",0.0713387126240038
"chr8-127992787-127993679","PVT1",0.0713365227881674
"chr22-35352329-35353217","APOL6",0.0713333735648812
"chr17-74528274-74529187","CD300LB",0.071322532411274
"chr9-133844123-133844688","VAV2",0.0713158191109558
"chr17-82838073-82838943","METRNL",0.0713095278996001
"chr6-44925168-44926051","RUNX2",0.0713078750872485
"chr4-112817711-112818580","ANK2",0.0713066714509553
"chr3-108125409-108126205","CD47",0.0713006643372855
"chr12-6643833-6644476","LTBR",0.0712984356472389
"chr6-41271729-41272630","TFEB",0.071292739794732
"chr10-74589006-74589915","KAT6B",0.0712816767422802
"chr4-39946052-39946913","SMIM14",0.0712803298439127
"chr5-132495862-132496750","IRF1",0.0712780084038731
"chr2-241762740-241763671","PDCD1",0.071273227741947
"chr5-135578596-135579506","TGFBI",0.0712678549473738
"chr6-6885375-6886123","RREB1",0.0712664814255802
"chr3-108136632-108137478","IFT57",0.0712629494975856
"chr20-40571533-40572389","TOP1",0.0712628865743633
"chr2-149038264-149039191","LYPD6B",0.0712619699031213
"chr19-45514824-45515713","VASP",0.0712594521171436
"chr19-18486145-18487047","LRRC25",0.0712502843919791
"chr4-82044010-82044894","RASGEF1B",0.0712499524290799
"chr12-123436259-123437148","RILPL2",0.0712469288163946
"chr19-16572013-16572903","KLF2",0.0712461190909256
"chr17-35081920-35082727","FNDC8",0.0712456735354039
"chr22-23276573-23277473","VPREB3",0.0712417287806001
"chr14-91405032-91405961","CATSPERB",0.0712403533093934
"chr5-94574883-94575788","SLF1",0.0712389673702452
"chr15-67109374-67110237","SMAD3",0.071226116409811
"chr20-35615946-35616777","CPNE1",0.071214611391779
"chr6-33570693-33571643","PHF1",0.0712134834074051
"chr12-108854186-108854965","CORO1C",0.0712111595019853
"chr19-54551197-54551699","NLRP7",0.071202544864425
"chr4-139674989-139675836","MGST2",0.071202356358143
"chr19-18502582-18503436","LRRC25",0.0712004078298171
"chr9-37324122-37324936","EBLN3P",0.0711980534830535
"chr1-157270750-157271536","FCRL3",0.0711904803425816
"chr14-67359606-67360447","RAD51B",0.0711887443952688
"chr7-5441716-5442604","TNRC18",0.0711804693171929
"chr11-1760159-1761057","CTSD",0.0711712192815917
"chr5-54670919-54671826","SNX18",0.071162562185003
"chr12-124754827-124755758","NCOR2",0.0711588353933237
"chr6-30614601-30615490","HLA-E",0.0711535487950157
"chr13-109654124-109654972","IRS2",0.07114530491432
"chr5-78648351-78649218","LHFPL2",0.0711433435210262
"chr2-218045996-218046850","GPBAR1",0.0711419140901425
"chr16-31073945-31074809","FUS",0.0711383640564367
"chr19-12791087-12791913","JUNB",0.071134817878674
"chr5-170363442-170364333","KCNMB1",0.0711314141109971
"chr20-1874615-1875518","SIRPB2",0.0711237564713179
"chr6-32685379-32686278","HLA-DOB",0.0711211207235854
"chr17-5418526-5419207","PFN1",0.0711183001655785
"chr15-78747723-78748631","CHRNA3",0.0711154246737984
"chr2-105738310-105739178","UXS1",0.0711030107443478
"chr2-218377827-218378716","RUFY4",0.0711012919527417
"chr10-95183338-95184264","PDLIM1",0.0710968916903894
"chr7-29202330-29203238","CHN2",0.0710956601315889
"chr13-99419969-99420880","GPR18",0.0710902266033161
"chr17-4843038-4843977","ARRB2",0.0710898610600324
"chr13-41463060-41463882","NAA16",0.0710889720666744
"chr15-55250284-55251125","CCPG1",0.0710820413056828
"chr5-142950632-142951481","NR3C1",0.0710759242943768
"chr3-196687999-196688906","NRROS",0.0710730161027504
"chr3-114315457-114316304","TIGIT",0.0710677837153529
"chr10-11741980-11742867","USP6NL",0.071063017722516
"chr22-30372637-30373529","MTMR3",0.071059614786389
"chr22-37271051-37271914","TRIOBP",0.0710551108121137
"chr7-467748-468586","FAM20C",0.0710452158656613
"chr1-159436167-159437064","FCER1A",0.0710401170239664
"chr18-34493172-34493869","DTNA",0.0710390334835987
"chr10-71208752-71209648","CDH23",0.0710354743505195
"chr7-139916157-139917056","HIPK2",0.0710354362158214
"chr1-100449173-100449959","CDC14A",0.0710337097232051
"chr12-108768495-108769408","CORO1C",0.0710319983073007
"chr20-3798960-3799768","CDC25B",0.0710312701496751
"chr8-63146593-63147498","YTHDF3",0.0710302339717987
"chr15-90019720-90020621","ANPEP",0.0710284109503804
"chr19-47363516-47364400","DHX34",0.0710214388328968
"chr19-43668188-43669112","PLAUR",0.0710189861583674
"chr18-58970795-58971614","SEC11C",0.0710112840134322
"chr12-9732900-9733735","CLECL1",0.0710076776535945
"chr16-29346727-29347581","RABEP2",0.0710047395249662
"chr12-68163316-68164237","IFNG",0.070992256169879
"chr7-150481289-150482193","GIMAP4",0.0709920071606627
"chr7-112462010-112462924","IFRD1",0.0709901358474408
"chr9-89477520-89478333","SEMA4D",0.0709891020559113
"chr1-8472403-8473260","CA6",0.0709862200848417
"chr2-68714676-68715524","PPP3R1",0.0709856151315801
"chr2-237686473-237687000","LRRFIP1",0.070981686426127
"chr9-134173802-134174635","RXRA",0.0709796132896554
"chr2-197198621-197199529","ANKRD44",0.0709794114945194
"chr17-74567164-74568012","TTYH2",0.0709753414232541
"chr3-32303047-32303944","CMTM8",0.0709750387452312
"chr19-54741514-54742466","LILRB2",0.0709669856156405
"chr12-6548635-6549484","LTBR",0.0709555051463768
"chr1-156816397-156817300","SH2D2A",0.0709533640363512
"chr11-75195050-75195962","ARRB1",0.0709426505058616
"chr3-185824897-185825720","IGF2BP2",0.0709403603083311
"chr14-101817319-101818201","HSP90AA1",0.0709371107740515
"chr19-55323013-55323893","TMEM150B",0.0709335644362365
"chr17-30954025-30954840","RNF135",0.070923169873338
"chr20-2252430-2253264","SIRPA",0.0709165900643783
"chr21-41231863-41232671","BACE2",0.0709035526600905
"chr3-112407013-112407935","BTLA",0.0708965891541837
"chr6-12358786-12359659","PHACTR1",0.0708918853020856
"chr3-112813470-112814326","ATG3",0.0708911075391861
"chr21-39010655-39011525","ETS2",0.0708901027808527
"chr5-150460945-150461808","SYNPO",0.0708867588667388
"chr2-217554815-217555648","DIRC3-AS1",0.0708748391622002
"chr22-50529672-50530544","SCO2",0.0708707397499048
"chr10-89296102-89296898","IFIT3",0.0708703916999028
"chr17-70168937-70169846","KCNJ2",0.0708652504359939
"chr13-29935365-29936264","LINC00426",0.0708613500365159
"chr8-141093413-141094038","DENND3",0.0708598751626802
"chr11-2933065-2933914","CDKN1C",0.0708552904547795
"chr3-45596020-45596879","LIMD1",0.0708527942915013
"chr2-109348684-109349573","EDAR",0.070848221359291
"chr2-157628333-157629252","ACVR1C",0.0708464154448976
"chr1-72288794-72289624","NEGR1",0.0708400804338708
"chr5-139075179-139076107","CTNNA1",0.07083356790323
"chr20-34875969-34876889","TRPC4AP",0.070829934733002
"chr4-38857525-38858320","KLHL5",0.0708259976373378
"chr19-7506028-7506879","INSR",0.0708183292042
"chr1-9990766-9991662","PGD",0.0708153567515074
"chr9-88991045-88991898","S1PR3",0.0708121800318079
"chr14-95713698-95714617","TCL6",0.0708098998731409
"chr6-127869810-127870517","THEMIS",0.0708067352023908
"chr17-65060369-65061266","GNA13",0.0708052885998562
"chr17-64001559-64002453","PECAM1",0.070795994717005
"chr16-81831447-81832322","PLCG2",0.070792039672295
"chr7-90599922-90600822","CDK14",0.0707876643487675
"chr3-151265634-151266525","MED12L",0.0707858182331245
"chr10-71299023-71299874","CDH23",0.0707835984172887
"chr3-52475813-52476712","STAB1",0.0707795186994491
"chr1-27864191-27864944","WASF2",0.0707778605432747
"chr7-150481289-150482193","GIMAP1",0.0707765642563102
"chr22-39094486-39095351","APOBEC3G",0.0707762632192271
"chr17-74639468-74640391","CD300LB",0.0707760673617265
"chr8-141329187-141330054","DENND3",0.0707747228670644
"chr17-27532248-27533029","LGALS9",0.0707745379225974
"chr11-35138737-35139560","CD44",0.0707722212463619
"chr5-83473343-83474188","XRCC4",0.0707639551464644
"chr4-151408598-151409476","FAM160A1",0.0707578488266617
"chr10-7258713-7259611","SFMBT2",0.0707543522657846
"chr11-34791575-34792454","EHF",0.0707490056530408
"chr1-12472810-12473706","DHRS3",0.070748589609446
"chr17-78412797-78413661","PGS1",0.070748401729346
"chr2-241112394-241113247","SNED1",0.0707458446708335
"chr12-12502380-12503081","DUSP16",0.0707451157243949
"chr8-38790177-38791008","TACC1",0.0707441226436465
"chr3-18349210-18349996","SATB1-AS1",0.0707439552188331
"chr16-84983158-84984052","CRISPLD2",0.0707394765119373
"chr17-8412698-8413571","PER1",0.0707370558460043
"chr19-20565360-20566185","ZNF626",0.0707349748869685
"chr19-51811086-51811982","SIGLEC14",0.0707232968937553
"chr19-54606159-54606743","LILRA5",0.0707124957361204
"chr6-43322188-43323060","ZNF318",0.0707024956748753
"chr17-7122334-7123071","XAF1",0.0706973142990067
"chr10-32980280-32981160","ITGB1",0.0706936488028219
"chr1-178795799-178796679","ANGPTL1",0.0706883244976652
"chr3-122002799-122003645","EAF2",0.0706859992167433
"chr11-65639407-65640228","SLC25A45",0.0706856445883069
"chr11-9038457-9039170","DENND5A",0.0706846419921735
"chr19-35210486-35211335","GRAMD1A",0.0706837930370961
"chr1-13642437-13643306","PRDM2",0.0706799392851919
"chr10-62046211-62046990","ARID5B",0.0706791221094809
"chr2-109127857-109128677","SH3RF3",0.0706764166522248
"chr15-90883971-90884859","IQGAP1",0.0706742681203737
"chr9-133945056-133945953","VAV2",0.0706735861022407
"chr7-106022037-106022979","CDHR3",0.0706711577779714
"chr12-106303075-106303858","TCP11L2",0.0706623024744765
"chr2-38178749-38179592","CYP1B1",0.0706597809438815
"chr12-52186005-52186889","NR4A1",0.0706548766544793
"chr8-26609215-26610124","BNIP3L",0.0706497090407803
"chr12-54306977-54307800","ZNF385A",0.0706490326875896
"chr2-241095356-241096252","SNED1",0.0706468321039708
"chr13-95603854-95604798","CLDN10",0.0706425231370458
"chr19-2485864-2486723","DIRAS1",0.0706396708451651
"chr9-98240071-98240895","TBC1D2",0.0706358811361625
"chr6-6800417-6800983","F13A1",0.0706299764136107
"chr17-19544635-19545523","AC007952.4",0.0706165604387355
"chr19-47663867-47664797","DHX34",0.0706134058477789
"chr6-127855437-127856215","THEMIS",0.0706130966401069
"chr10-17816005-17816838","MRC1",0.0706019237919077
"chr18-32040643-32041513","RNF125",0.0705990686247597
"chr13-41463060-41463882","VWA8",0.0705987245618449
"chr8-133498176-133498947","ST3GAL1",0.0705983252028529
"chr9-95724298-95725211","PTCH1",0.0705716095086105
"chr15-90046826-90047639","SEMA4B",0.0705712520170503
"chr17-8162520-8163409","CHD3",0.0705661731938027
"chr17-68035192-68036032","BPTF",0.0705644143072807
"chr2-203986930-203987762","CD28",0.070563383003953
"chr3-38311191-38312074","MYD88",0.0705459128242932
"chr18-22939153-22940046","RBBP8",0.070541611637335
"chr22-45287699-45288600","KIAA0930",0.0705355044831576
"chr19-16118285-16119129","HSH2D",0.0705327870195846
"chr2-213153461-213154284","IKZF2",0.0705191216734085
"chr12-118135677-118136539","PEBP1",0.0705190213854827
"chr8-78444831-78445734","PKIA-AS1",0.070517093668845
"chr1-205285666-205286353","NUCKS1",0.0705118876660434
"chr16-67244198-67245067","ATP6V0D1",0.0705020992484389
"chr16-56194078-56194977","GNAO1",0.0704981357738709
"chr1-182594362-182595160","GLUL",0.07049448790066
"chr19-16896816-16897684","CPAMD8",0.0704930055078788
"chr7-150755213-150756128","GIMAP1",0.0704791331790126
"chr9-124197099-124198021","NEK6",0.0704781134583957
"chr7-129146269-129147187","TSPAN33",0.0704711910071271
"chr5-78727671-78728607","LHFPL2",0.0704657510086832
"chr5-180832510-180833226","RACK1",0.070459180429323
"chr16-695025-695880","LMF1",0.0704537296142143
"chr12-9647708-9648631","KLRF1",0.0704519587416942
"chr1-24415211-24416126","SRSF10",0.070450820626182
"chr1-203626322-203627094","ATP2B4",0.0704500246193102
"chr12-123120460-123121272","HIP1R",0.0704473786038226
"chr12-102010005-102010877","CHPT1",0.0704385148221768
"chr1-12152997-12153892","TNFRSF8",0.0704349335714929
"chr6-161273684-161274474","AGPAT4",0.0704278279029989
"chr19-41966858-41967755","POU2F2",0.0704270553590004
"chr2-54634540-54635400","EML6",0.0704254923802
"chr11-45028938-45029760","CD82",0.070419159629851
"chr14-91405032-91405961","CCDC88C",0.0703944200072223
"chr12-8989220-8990090","PZP",0.070381830753842
"chr7-2838727-2839603","AMZ1",0.0703777155567075
"chr19-54906929-54907659","LAIR2",0.0703710035697892
"chr17-64337490-64338247","PECAM1",0.0703697037455932
"chr8-27378440-27379333","EPHX2",0.0703693421109427
"chr19-18022002-18022704","IFI30",0.0703684943799609
"chr2-191206347-191207283","AC067945.4",0.0703676249528848
"chr9-33043910-33044813","B4GALT1",0.0703608680381784
"chr19-4104632-4105493","TMIGD2",0.0703593051683894
"chr1-53413077-53414000","ECHDC2",0.0703592224445115
"chr11-59096901-59097743","GLYATL1",0.0703550991376019
"chr1-111733144-111733952","RAP1A",0.0703504303198694
"chr1-201715571-201716409","RNPEP",0.0703445241177229
"chr1-11335178-11336096","DRAXIN",0.0703392636344796
"chr3-172129818-172130450","PLD1",0.0703392014141635
"chr15-66372726-66373525","SMAD6",0.0703354353492179
"chr19-51408710-51409504","SIGLEC10",0.0703353781409378
"chr8-143461683-143462523","EEF1D",0.0703327010095532
"chr9-72396439-72397321","LINC01504",0.0703314860533673
"chr2-100653411-100654326","NPAS2",0.0703303130869833
"chr12-66964340-66965233","GRIP1",0.070326309190276
"chr3-113985287-113986166","ZDHHC23",0.0703253267594037
"chr2-166449174-166449983","SCN9A",0.0703168273886488
"chr5-139651623-139652466","MZB1",0.0703165228982541
"chr19-53849030-53849854","MBOAT7",0.0703140967761248
"chr6-32437089-32438003","HLA-DOB",0.0703017152766131
"chr6-38154905-38155820","ZFAND3",0.0702989574128223
"chr11-66257054-66257926","CCDC85B",0.0702892217433577
"chr15-89132644-89133499","ABHD2",0.070285229048522
"chr19-1266348-1267147","TCF3",0.0702830322483112
"chr5-177416012-177416883","PDLIM7",0.0702828650721221
"chr3-56694797-56695604","ARHGEF3",0.0702773182853596
"chr6-17987349-17988262","KDM1B",0.0702705237089
"chr3-49345874-49346625","RHOA",0.0702638687392877
"chr12-121087528-121088372","CAMKK2",0.0702603504906925
"chr4-38782579-38783455","TLR10",0.0702547076633017
"chr5-175694229-175695088","HRH2",0.0702544344037164
"chr3-5185785-5186468","ARL8B",0.0702525795259705
"chr19-19598591-19599402","ZNF101",0.0702498357258828
"chr6-26157556-26158476","HIST1H4C",0.0702494460355326
"chr19-49568921-49569695","FLT3LG",0.0702414898418847
"chr6-181141-181853","IRF4",0.0702328126432276
"chr9-129776905-129777828","GPR107",0.0702270124626672
"chr2-38174387-38175239","CYP1B1",0.0702259863433795
"chr10-6188260-6189155","PFKFB3",0.0702163450879439
"chr6-118709826-118710519","CEP85L",0.0702125659318554
"chr15-78988305-78989212","CTSH",0.070201993226794
"chr1-20576227-20576967","CDA",0.0701862018391732
"chr11-14698534-14699429","PSMA1",0.0701837134132415
"chr8-94978615-94979471","TP53INP1",0.070181431900817
"chr7-75971693-75972714","HIP1",0.0701780641802524
"chr19-54312395-54313201","MBOAT7",0.0701752054397997
"chr4-473744-474600","ZNF721",0.0701733490363485
"chr15-98800892-98801656","IGF1R",0.0701694587928925
"chr11-59058138-59059046","GLYATL1",0.0701580460318157
"chr16-85309645-85310489","C16orf74",0.0701576876335383
"chr19-6515852-6516544","RFX2",0.0701542289222945
"chr3-151169526-151170314","P2RY13",0.0701504869431643
"chr17-5418526-5419207","NUP88",0.0701496569890062
"chr21-44878296-44879061","ITGB2",0.0701440278200459
"chr4-24979554-24980345","CCDC149",0.0701422857656332
"chr1-184386647-184387285","COLGALT2",0.0701410449169552
"chr1-150579232-150580124","MCL1",0.070140578638719
"chr13-110521828-110522611","RAB20",0.0701403994324963
"chr3-50620209-50621200","GNAI2",0.0701401922455341
"chr16-50696411-50697286","NOD2",0.0701377782067483
"chr19-58154707-58155586","ZSCAN18",0.0701311403567058
"chr17-5164171-5165072","CXCL16",0.0701309033814951
"chr22-39464992-39465918","MGAT3",0.0701297224369882
"chr22-29083615-29084508","KREMEN1",0.0701291874004967
"chr5-139651623-139652466","CXXC5",0.0701289707918749
"chr5-1501760-1502614","LPCAT1",0.0701285901076323
"chr15-59371811-59372308","MYO1E",0.0701272625493282
"chr19-54451044-54451948","LILRA1",0.0701264942873279
"chr2-61538074-61539015","XPO1",0.0701166073766822
"chr18-12308365-12308985","CHMP1B",0.0701148902178323
"chr12-28799898-28800771","FAR2",0.070114882945013
"chr12-27331047-27331916","STK38L",0.0701115089212097
"chr10-14586703-14587478","FAM107B",0.0701011752587652
"chr2-9539130-9539930","ADAM17",0.0700953390313807
"chr10-88851457-88852309","IFIT3",0.0700911659485867
"chr2-181406879-181407804","ITGA4",0.0700866406316341
"chr11-14324806-14325664","RRAS2",0.0700855223505609
"chr4-76381854-76382779","NAAA",0.070082046471221
"chr2-174778216-174779120","GPR155",0.0700673230286931
"chr11-60170426-60171225","STX3",0.0700619768947099
"chr9-124267116-124268004","NEK6",0.0700603841221375
"chr22-41883608-41884475","SREBF2",0.0700599314492148
"chr15-59250937-59251748","MYO1E",0.0700488137831891
"chr5-124599290-124600170","ZNF608",0.0700369517944073
"chr1-2234162-2235035","NADK",0.070015250064826
"chrX-2928420-2929275","DHRSX",0.0700120446757567
"chr11-14778080-14778846","PSMA1",0.0700107682366883
"chr14-76768052-76768969","VASH1",0.0700070382708964
"chr20-50308288-50309209","SLC9A8",0.0700042302209372
"chr2-204108082-204108944","ICOS",0.0700007085482155
"chr11-85827423-85828322","SYTL2",0.0700001773580418
"chr3-193893830-193894710","HES1",0.0699995180682101
"chr2-152070780-152071647","FMNL2",0.0699935705228863
"chr7-32905106-32905955","BBS9",0.0699934067720127
"chr2-213001068-213001960","IKZF2",0.0699901056142846
"chr8-23454719-23455568","CHMP7",0.0699872328084235
"chr17-1586810-1587718","SCARF1",0.069986526175239
"chr11-61912283-61913173","BEST1",0.0699855647114275
"chr10-62183187-62184096","RTKN2",0.0699814343784703
"chr11-59076886-59077705","GLYATL1",0.0699809276961019
"chr6-148367297-148368227","SASH1",0.0699788455962451
"chr19-10780085-10780979","C19orf38",0.0699783309932437
"chr9-113516878-113517777","RGS3",0.0699773937036674
"chr20-49793447-49794212","CEBPB",0.0699754423915997
"chr12-10358749-10359496","KLRC1",0.0699702335806687
"chr17-83125319-83126217","METRNL",0.0699658343735866
"chr11-61814890-61815772","BEST1",0.0699645057644665
"chr1-226127437-226128342","PARP1",0.0699589140849225
"chr9-117782707-117783526","TLR4",0.0699583269222818
"chr22-33920662-33921525","LARGE-AS1",0.0699581773542399
"chr9-133844123-133844688","RXRA",0.0699506070227491
"chr1-186618138-186618999","PTGS2",0.0699371063627185
"chr4-39626010-39626867","SMIM14",0.0699306331398811
"chr2-27489363-27490267","OST4",0.0699253794117802
"chrX-16484042-16484922","SYAP1",0.0699247979183146
"chr6-35690959-35691838","MAPK14",0.0699246222715181
"chr1-8983353-8984200","CA6",0.0699242711645792
"chr15-92803677-92804556","LINC01578",0.0699222137989865
"chr19-52745668-52746575","ZNF600",0.0699147819618381
"chr12-10497360-10498251","KLRC2",0.0699127655047375
"chr12-8513127-8513970","LINC00937",0.0698975298625664
"chr19-44765361-44766264","BCL3",0.0698843677348844
"chr6-26026868-26027636","BTN3A2",0.069883468204903
"chr20-1946458-1947282","NSFL1C",0.0698817990241913
"chr16-88619691-88620599","APRT",0.0698813196389765
"chr22-38964697-38965326","APOBEC3A",0.0698813059269992
"chr20-50259942-50260303","CEBPB",0.0698812631590782
"chr3-108822098-108822957","TRAT1",0.0698811952157223
"chr16-3789418-3790277","NLRC3",0.0698806663864339
"chr8-28317028-28317888","PNOC",0.0698713215875265
"chr13-110869912-110870741","RAB20",0.0698699401527142
"chr5-177462007-177462910","DOK3",0.069864631792184
"chr16-67393087-67393976","ZDHHC1",0.0698631808685412
"chr3-50254648-50255537","MAPKAPK3",0.069860969014788
"chr2-226908943-226909824","COL4A4",0.0698488621844095
"chr7-22447507-22448267","AC002480.2",0.0698453114762366
"chr10-6266983-6267888","PFKFB3",0.06983746894641
"chr7-2838727-2839603","GNA12",0.0698286630404661
"chr17-1362701-1363475","ABR",0.0698228518516284
"chr14-104647396-104648314","PLD4",0.0698187381968613
"chr12-121451862-121452627","CAMKK2",0.0698166007467044
"chr19-51138327-51139110","SIGLEC9",0.0698042457217386
"chr8-125410403-125411291","TRIB1",0.0698021788909096
"chr10-90051054-90051919","LINC01375",0.0697993907375952
"chr2-28715974-28716829","PLB1",0.0697968548934639
"chr9-133792756-133793663","VAV2",0.0697878548498991
"chr2-8168152-8168993","U91324.1",0.0697877904677573
"chr17-47829609-47830453","MRPL10",0.0697796251987983
"chr9-113580368-113581210","FKBP15",0.0697766627497056
"chr11-117951118-117951970","KMT2A",0.0697717900606023
"chr1-17398090-17398952","ARHGEF10L",0.0697644557699246
"chr12-6383621-6384537","TNFRSF1A",0.0697604956910097
"chrX-1279310-1280160","IL3RA",0.0697537068573166
"chr7-2119934-2120823","CHST12",0.0697535075752477
"chr1-157154622-157155421","ARHGEF11",0.0697452319617533
"chr2-181790691-181791416","AC020595.1",0.0697435474126195
"chr6-26284960-26285897","BTN3A2",0.0697433245978598
"chr14-75301485-75302380","LINC01220",0.0697402458284066
"chr3-58196203-58197102","DNASE1L3",0.0697393626895202
"chr7-150489516-150490401","TMEM176A",0.0697223503178141
"chr6-42387083-42387970","TRERF1",0.0697172932600525
"chr12-56320751-56321655","RBMS2",0.0697142507355516
"chr17-35849252-35850124","CCL5",0.06970186856037
"chr8-6717901-6718803","AGPAT5",0.0697011917334057
"chr1-64506181-64506789","CACHD1",0.0696986099608885
"chr17-28982055-28982949","NUFIP2",0.069696589674986
"chr14-105711442-105712284","FAM30A",0.0696965861897042
"chr6-33570693-33571643","ITPR3",0.069689793618332
"chr11-95715565-95716488","SESN3",0.0696844018137659
"chr9-96015861-96016772","HABP4",0.0696809399610445
"chr6-34663503-34664379","ANKS1A",0.0696794451947407
"chr19-44741570-44742462","RELB",0.0696766177076792
"chr19-934663-935564","CFD",0.0696693268960449
"chr2-8345958-8346867","U91324.1",0.0696658047278722
"chr13-110954901-110955746","RAB20",0.0696561829895043
"chr7-150714904-150715600","GIMAP7",0.0696515323747591
"chr7-102306689-102307594","ORAI2",0.0696432936664425
"chr17-75570936-75571856","H3F3B",0.0696307065096847
"chr5-56588604-56589514","MAP3K1",0.0696306780004861
"chr14-97974524-97975286","LINC01550",0.069630202126341
"chr3-58355068-58355750","PXK",0.0696226952684824
"chrX-79095958-79096888","ITM2A",0.0696149755445609
"chr12-104669656-104670585","SLC41A2",0.0696102576615663
"chr2-204015154-204016031","CTLA4",0.0695993155765999
"chr22-17647865-17648489","BID",0.069599210002084
"chr2-65017028-65017712","ACTR2",0.0695925012653042
"chr11-73289082-73289901","ARAP1",0.0695917788902063
"chr10-61943497-61943909","ARID5B",0.0695913002731594
"chr18-3593700-3594590","MYL12B",0.0695900290620384
"chr20-1888863-1889766","SIRPA",0.0695896020289681
"chr17-27332494-27333394","KSR1",0.0695841758897447
"chr4-108355329-108356213","RPL34-AS1",0.0695813569339142
"chr10-12077599-12078487","CAMK1D",0.0695807902813739
"chr10-95266433-95267335","PDLIM1",0.069580664730132
"chr17-82126428-82127353","CCDC57",0.0695802521852036
"chr13-99434138-99435051","GPR183",0.0695791440079238
"chr5-134086685-134087592","JADE2",0.0695768990100327
"chr2-113083007-113083859","IL1B",0.0695723945531103
"chr15-93986826-93987697","MCTP2",0.069559457069489
"chr2-177239675-177240579","NFE2L2",0.0695558536045756
"chr19-17091511-17092320","MYO9B",0.0695486872425569
"chr11-72584118-72585012","ATG16L2",0.0695412619105304
"chr16-4405192-4406058","CORO7",0.0695338567337885
"chr2-8481266-8482071","LINC00299",0.069532768156384
"chr1-27133729-27134636","WASF2",0.0695306932828244
"chr13-49641634-49642484","TRIM13",0.0695272569275356
"chr3-169813573-169814414","SEC62",0.0695271738920514
"chr1-25473430-25474269","LDLRAP1",0.069526438059605
"chr15-65818678-65819582","HACD3",0.0695240726949725
"chr10-69451049-69451916","HKDC1",0.0695164994211536
"chr4-36285893-36286806","ARAP2",0.0695147685678416
"chr1-54806985-54807903","LEXM",0.0695139947655083
"chr17-78154844-78155738","SYNGR2",0.0695107302664577
"chr12-116879428-116880235","HRK",0.0695052553011848
"chr10-69045305-69046177","HK1",0.0695022057046261
"chr11-46362841-46363723","PHF21A",0.0694978157216453
"chr9-89443929-89444796","SEMA4D",0.0694933670556428
"chr1-168503836-168504717","SFT2D2",0.0694913112813251
"chr1-67165941-67166835","IL23R",0.0694876243590827
"chr11-67211723-67212521","KDM2A",0.0694846935145123
"chr11-14451544-14452409","RRAS2",0.0694790761397545
"chr4-2281640-2282526","ZFYVE28",0.0694682843530764
"chr10-15208622-15209463","NMT2",0.0694641445538295
"chr1-22745869-22746760","EPHB2",0.0694611403237959
"chr5-74643063-74643900","HEXB",0.0694568482750111
"chr6-144722769-144723533","UTRN",0.0694521343258943
"chr1-63892750-63893622","ROR1",0.0694516526053154
"chr13-26557279-26558096","WASF3",0.0694459636862062
"chr6-24857985-24858872","CARMIL1",0.0694421283173757
"chr9-134059761-134060644","VAV2",0.0694348593288568
"chr14-54782606-54783524","LGALS3",0.0694292442626964
"chr20-9514135-9514968","LAMP5",0.0694247045066961
"chr16-57648788-57649621","ADGRG1",0.0694183239063358
"chr19-44845657-44846502","RELB",0.069417755619624
"chr6-158853017-158853878","EZR",0.0694155849995162
"chr7-139722995-139723804","KDM7A",0.0694088491589046
"chr11-65941022-65941956","FOSL1",0.069406345933173
"chr19-45455802-45456648","RELB",0.0694004492179311
"chr17-3916188-3917003","P2RX1",0.0694000866953483
"chr5-157177653-157178432","ITK",0.0693964380939971
"chr7-101411098-101412004","COL26A1",0.0693958918526916
"chr7-17227532-17228390","AHR",0.0693957250258738
"chr16-88976736-88977562","CBFA2T3",0.0693884517873858
"chr10-69065507-69066355","HK1",0.069387629937889
"chr6-32815671-32816454","HLA-DOA",0.0693860378255733
"chr20-48910158-48911053","ZNFX1",0.0693855065358417
"chr4-37865726-37866581","TBC1D1",0.0693814776277138
"chr10-69051071-69051901","DDX21",0.0693807295980832
"chr20-36974834-36975721","RBL1",0.0693795089318317
"chr12-54306977-54307800","NCKAP1L",0.0693698763623641
"chr20-32052476-32053252","PLAGL2",0.0693691368715113
"chr5-132293771-132294464","FNIP1",0.0693677267372501
"chr1-151827567-151828372","RORC",0.0693652352700131
"chr17-67359708-67360549","PITPNC1",0.0693573605388743
"chr6-167130775-167131613","CCR6",0.0693481325656437
"chr3-187044025-187044898","ST6GAL1",0.0693453146868518
"chr12-123222970-123223886","MPHOSPH9",0.0693306368725664
"chr12-52645161-52646077","KRT73",0.0693276410995935
"chr3-150888946-150889696","P2RY13",0.0693242093192975
"chr9-89529387-89530300","SEMA4D",0.069319085417239
"chr1-173570263-173571105","SLC9C2",0.0693105585856307
"chr11-954828-955622","CRACR2B",0.0693072607631591
"chr19-48872885-48873653","CD37",0.0693065964815843
"chr20-3328295-3329170","CDC25B",0.069302367423861
"chr19-51503228-51504161","SIGLEC5",0.0692927828192345
"chr2-69985467-69986372","ANXA4",0.0692899643536581
"chr7-22356653-22357446","AC002480.2",0.0692805899652091
"chr8-38962870-38963723","PLEKHA2",0.0692766652726579
"chr2-99140923-99141840","TSGA10",0.069274825016752
"chr11-60185009-60185884","STX3",0.0692702009878725
"chr19-54573467-54574229","LILRB2",0.0692663010198967
"chr9-87725753-87726638","CTSL",0.0692659591097932
"chr16-89719009-89719853","SPATA2L",0.069262417247735
"chr22-32531988-32532799","RFPL2",0.0692612833381949
"chr7-121302067-121302944","FAM3C",0.0692587252853907
"chr1-27631299-27632152","IFI6",0.0692580996099607
"chr2-105856577-105857538","UXS1",0.0692564533494267
"chr12-112140452-112141290","ALDH2",0.0692554810350256
"chr2-108786295-108787197","SH3RF3",0.0692552423117064
"chr4-121829129-121829599","CCNA2",0.0692499193874283
"chr15-90034992-90035544","ZNF710",0.0692487423562518
"chr14-103057121-103058034","TRAF3",0.0692446973840911
"chr3-52455051-52455953","SPCS1",0.0692362640570977
"chr17-28967107-28968033","UNC119",0.0692357931743002
"chr15-72117773-72118669","MYO9A",0.0692337012392747
"chr12-42631306-42632214","PRICKLE1",0.0692267628360967
"chr5-151208815-151209582","SLC36A1",0.0692140357838646
"chr19-56477323-56478237","ZNF667-AS1",0.069213835841633
"chr21-42653259-42654069","PDE9A",0.0692114470839321
"chr20-1489411-1490278","SIRPB1",0.0692093800163449
"chr6-47477401-47478246","CD2AP",0.0692064596974824
"chr1-109615598-109616502","GNAI3",0.0692044640760528
"chr1-245310809-245311689","EFCAB2",0.0692036127293107
"chr11-65418606-65419466","EHBP1L1",0.0691981051775746
"chr1-72635506-72636375","NEGR1",0.0691884096232031
"chr3-12458682-12459594","RAF1",0.0691760724293845
"chr9-125125832-125126740","SCAI",0.0691695473505633
"chr4-158809881-158810541","FNIP2",0.0691633507842195
"chr17-64009286-64010181","MILR1",0.0691617416585925
"chr1-28159324-28160124","THEMIS2",0.0691520906813595
"chr15-38042490-38043347","SPRED1",0.0691429082076144
"chr6-33018680-33019545","HLA-DQA2",0.0691318678674775
"chr9-113705138-113705988","RGS3",0.0691302656134657
"chr8-11538748-11539603","XKR6",0.0691282512396666
"chr5-95861063-95861977","ELL2",0.0691276398377976
"chr2-241508289-241509179","PASK",0.0691244036420593
"chr4-38780687-38781563","TMEM156",0.0691135977449181
"chr14-70655170-70656055","TTC9",0.0691125574568573
"chr7-2641152-2642019","SNX8",0.0691117557505676
"chr12-92569930-92570843","LINC01619",0.0691103619683472
"chr7-112081728-112082469","IFRD1",0.0691100667712661
"chr1-144551624-144552446","NBPF15",0.0691075251052878
"chr19-1252741-1253467","MIDN",0.069107299655122
"chr4-112185884-112186717","ALPK1",0.0690973805526695
"chr1-172358250-172359023","FASLG",0.0690971125544022
"chr11-65941022-65941956","AP5B1",0.0690843341545847
"chr17-74241249-74242141","CD300A",0.0690788869575813
"chr2-54271938-54272819","EML6",0.0690787113354202
"chr1-92962292-92963079","CCDC18-AS1",0.0690783198478922
"chr3-143293957-143294850","CHST2",0.0690756896636311
"chr12-10562122-10562947","KLRK1",0.0690690378254125
"chr16-53091666-53092475","CHD9",0.0690635686348844
"chr13-30156951-30157908","KATNAL1",0.0690619515474127
"chr15-38665346-38666154","RASGRP1",0.0690617589101042
"chr21-42524367-42525277","SLC37A1",0.0690605352042341
"chr9-297162-297985","CBWD1",0.0690581072108783
"chr8-23541152-23542010","SLC25A37",0.069040884900261
"chr6-11497025-11497683","NEDD9",0.0690362831688534
"chr8-66112855-66113699","MTFR1",0.0690345919752072
"chr2-204000390-204001123","ICOS",0.0690282272529593
"chr11-1785750-1786646","CTSD",0.0690263074981936
"chr17-43749477-43750335","PYY",0.0690231741364449
"chr20-48827667-48828582","PREX1",0.0690197098552467
"chr12-108821926-108822637","CORO1C",0.0690168103258018
"chr11-2933065-2933914","OSBPL5",0.069016034751873
"chr15-68559321-68560222","CORO2B",0.069014336741774
"chr12-8953711-8954643","KLRG1",0.0690107916125877
"chr2-164991532-164992322","SCN3A",0.0690018762204641
"chr6-26216390-26217260","HIST1H4C",0.068998530814265
"chr2-66433074-66433738","MEIS1",0.0689973483560747
"chr7-121328526-121329299","FAM3C",0.0689923167037553
"chr7-102286343-102287150","ORAI2",0.0689803426041043
"chr12-10671953-10672886","KLRC4",0.0689787706591218
"chr1-8969646-8970321","CA6",0.0689780529498509
"chr10-8473052-8473850","GATA3",0.068967020876522
"chr12-54385199-54385514","ZNF385A",0.06896649634374
"chr16-81843544-81844397","PLCG2",0.0689607291499948
"chr1-174159021-174159896","KLHL20",0.0689595058631489
"chr1-226110545-226110899","ACBD3",0.0689547598169992
"chr6-35048350-35049206","ANKS1A",0.0689543983015505
"chr7-100365369-100366245","ZCWPW1",0.0689540408958896
"chr13-30744025-30744933","LINC00426",0.0689412438642057
"chr14-68971489-68972226","ACTN1",0.0689383971931635
"chr17-5612178-5612908","SCIMP",0.0689346326176407
"chr1-158285514-158286432","CD1C",0.0689322644626586
"chr3-32026342-32027233","ZNF860",0.0689288931732374
"chr16-58126736-58127610","CFAP20",0.0689260608915865
"chr2-203704889-203705602","ICOS",0.0689254843935787
"chr1-144412076-144412996","NBPF15",0.068916703785439
"chr11-2533717-2534434","CDKN1C",0.0689120166618806
"chr22-25564379-25565269","GRK3",0.0689116146895576
"chr15-88639871-88640662","ISG20",0.0689100838140173
"chr1-245054088-245054964","HNRNPU",0.0689061811229926
"chr10-62050790-62051671","RTKN2",0.0688971619546042
"chr9-36993650-36994557","EBLN3P",0.0688931476043475
"chr2-71466315-71467204","DYSF",0.0688868470216771
"chr4-157991977-157992880","TMEM144",0.0688827996940839
"chr11-60185009-60185884","MS4A14",0.0688825702720317
"chr17-7579041-7579956","ASGR1",0.0688805272176085
"chr20-63736053-63736922","PPDPF",0.0688764566984891
"chr12-128782847-128783781","SLC15A4",0.0688730993319918
"chr4-39166002-39166827","SMIM14",0.0688701579430864
"chr17-50640577-50641470","ABCC3",0.0688564502834279
"chr3-43695312-43696143","ABHD5",0.0688502040394179
"chr2-64731633-64732425","ACTR2",0.0688484281234645
"chr16-74608702-74609601","GLG1",0.0688158533388291
"chr13-110665444-110666279","RAB20",0.0688134400053714
"chr19-11092743-11093523","LDLR",0.0688097737113033
"chr3-53242410-53243312","TKT",0.0688074976564801
"chr8-60916211-60917131","AC022182.1",0.0688017637830601
"chr4-15961557-15962470","CD38",0.0687968947721963
"chr2-231393268-231394099","NMUR1",0.0687960389923459
"chr15-65185005-65185888","HACD3",0.0687919015761633
"chr6-90314193-90314898","BACH2",0.0687912587038988
"chr3-57983515-57984409","ARF4",0.0687831082829711
"chr3-15287328-15288226","EAF1",0.0687786849648033
"chr17-64344018-64344905","MILR1",0.0687756870582674
"chr17-7132584-7133341","TNFSF13",0.0687646153348243
"chr2-28463639-28464525","FOSL2",0.06875147617109
"chrX-103310539-103311390","BEX2",0.0687454346986515
"chr1-17066541-17067425","PADI4",0.0687415854779453
"chr11-88435136-88436021","CTSC",0.0687351227937801
"chr12-10410999-10411904","KLRC2",0.0687310979429144
"chr6-33904378-33904958","ITPR3",0.0687273386364094
"chr17-65523157-65524066","AXIN2",0.0687153872163491
"chr17-21130876-21131748","MAP2K3",0.0687134652995491
"chr17-50950190-50951118","ABCC3",0.0687071961634789
"chr15-79004175-79005054","CTSH",0.0687026043068505
"chr2-217943513-217944222","SLC11A1",0.0687006410306377
"chr6-137148433-137149292","MAP3K5",0.0687005656830434
"chr6-69886938-69887733","LMBRD1",0.0686949284996743
"chr2-113376554-113377401","CBWD2",0.0686937207386883
"chr1-21317057-21317962","EIF4G3",0.0686838170162322
"chr11-2987763-2988612","NAP1L4",0.0686800823638859
"chr3-114427954-114428768","CCDC191",0.0686793151555491
"chr19-18392179-18393099","JUND",0.0686735117695577
"chr12-8540623-8541526","CLEC4D",0.0686731704664994
"chr3-50340479-50341404","RASSF1",0.0686719514222272
"chr19-1660855-1661760","TCF3",0.0686690388890522
"chr17-68602814-68603694","WIPI1",0.0686634092848026
"chr1-156126928-156127776","LMNA",0.0686605638803636
"chr10-8059894-8060723","GATA3",0.0686602753287616
"chr9-127396522-127397436","SH2D3C",0.0686599930848832
"chr7-100169148-100169790","GAL3ST4",0.068659853367751
"chr11-65915387-65916207","NEAT1",0.0686567266219511
"chr9-113187813-113188747","SLC46A2",0.068656209465736
"chr6-33017502-33018140","HLA-DPB1",0.0686558151893449
"chr2-152407042-152407917","FMNL2",0.0686510938529045
"chr4-55538847-55539635","NMU",0.0686486971422725
"chr2-70766800-70767549","ADD2",0.0686464356419148
"chr19-34997001-34997824","GRAMD1A",0.0686399990747361
"chr12-57129582-57130499","STAT6",0.0686324847715549
"chr7-44631108-44632030","PPIA",0.0686079772149175
"chr12-10558958-10559849","KLRD1",0.0686036728059901
"chr6-132736110-132736906","VNN3",0.0686009268918383
"chr1-23554512-23555403","MDS2",0.0685975655943263
"chr13-28532222-28533175","MTUS2",0.0685958820089661
"chr17-81735361-81736275","SLC16A3",0.0685907856016122
"chr19-54019941-54020790","LILRA6",0.0685882806976542
"chr17-74531901-74532772","TMEM104",0.0685827185178784
"chr14-64997038-64997932","HSPA2",0.0685731552034598
"chr11-118338370-118339256","MPZL3",0.0685688288629923
"chr1-209675107-209675867","G0S2",0.0685625064258291
"chr17-1575533-1576393","PITPNA",0.0685620313976087
"chr13-42406024-42406766","DGKH",0.06855568133224
"chr2-151840156-151840989","FMNL2",0.068551449498534
"chr3-129233299-129234216","PLXND1",0.0685511600454855
"chr22-30435410-30436316","SEC14L2",0.0685480612931341
"chr22-50112020-50112885","TYMP",0.0685478865995672
"chr15-88904373-88905276","HAPLN3",0.068547296550042
"chr9-136239632-136240486","QSOX2",0.0685452053676156
"chr12-561765-562639","ERC1",0.0685439440340555
"chr4-74230632-74231524","CXCL8",0.0685299711112089
"chr3-18402226-18403039","SATB1-AS1",0.0685296046578227
"chr11-61654047-61654958","BEST1",0.0685266962478995
"chr6-159039003-159039897","TAGAP",0.0685231146519562
"chr17-81923365-81924155","SECTM1",0.0685175897879562
"chr1-153390688-153391579","S100A8",0.0685147011734962
"chr2-70767761-70768568","ADD2",0.0685092165772174
"chr12-120937079-120937781","P2RX7",0.0685091391941523
"chr11-72272792-72273704","INPPL1",0.0685072166063972
"chr12-14362168-14363040","ATF7IP",0.0685040681913796
"chr19-54018758-54019504","LILRA6",0.0685019438185447
"chr17-36004325-36005149","CCL5",0.0685015017913507
"chr14-93955005-93955872","SERPINA1",0.0684930754800166
"chr5-140251240-140252155","HBEGF",0.0684884790320758
"chr3-138370841-138371722","MRAS",0.0684848062625507
"chr16-11560419-11561286","GSPT1",0.0684825914416512
"chr2-134287134-134287979","MGAT5",0.0684773471535645
"chr2-38750964-38751803","GALM",0.0684740525113347
"chr10-62082584-62083367","ARID5B",0.0684728186639324
"chr1-207336713-207337577","CD55",0.0684656672003322
"chr12-52645161-52646077","EIF4B",0.0684655799664598
"chr12-54384495-54385095","ZNF385A",0.0684620970013513
"chr18-54240381-54241222","MBD2",0.0684523120159959
"chr21-43046044-43046818","AP001626.1",0.0684368742853547
"chr14-34018321-34019223","EGLN3",0.0684267669800411
"chr10-113292158-113292683","TCF7L2",0.0684246131936525
"chr4-108085041-108085829","LEF1-AS1",0.0684223470434579
"chr6-11333126-11334012","SYCP2L",0.0684174784461195
"chr12-113074975-113075897","DTX1",0.0684134562977584
"chr5-177509196-177509927","DOK3",0.0684130167743706
"chr8-11545433-11546343","FDFT1",0.0684122794476193
"chr8-11533267-11534072","XKR6",0.0684100605094888
"chr17-78412797-78413661","SOCS3",0.0684092325916851
"chr1-153566215-153567026","S100A4",0.0684020871785529
"chr2-33496936-33497797","RASGRP3",0.0684019446000763
"chr17-610948-611854","VPS53",0.0683930425459868
"chr9-136051675-136052401","NACC2",0.0683924784373644
"chr1-203290248-203291080","ATP2B4",0.0683886937735231
"chr1-247007601-247008464","NLRP3",0.0683700051290614
"chr15-94229317-94230181","MCTP2",0.06836677261382
"chr21-44353032-44353816","AGPAT3",0.0683493743811991
"chrX-139555165-139556020","FGF13",0.0683493513850593
"chr17-82241339-82242209","SECTM1",0.0683402540022305
"chr7-22694351-22695275","IL6",0.0683385610951266
"chr2-179049464-179050272","TTN",0.0683370068218006
"chr7-30225752-30226620","SCRN1",0.0683315842094348
"chr14-58297689-58298671","KIAA0586",0.0683246154886828
"chr3-128805595-128806409","RAB7A",0.0683227575734015
"chr6-159952985-159953879","IGF2R",0.0683226004865772
"chrX-46626372-46627244","RP2",0.0683190963284132
"chr3-186108779-186109697","TRA2B",0.068319024350165
"chr12-110647406-110648321","TCTN1",0.068317011340294
"chr1-67317638-67318571","IL12RB2",0.06831441304379
"chr1-226436627-226437470","PARP1",0.0683131013428337
"chr19-54606159-54606743","LILRB4",0.0683127725594614
"chr16-74774410-74775281","FA2H",0.0683115168620274
"chr17-75832014-75832791","LLGL2",0.0683107027772701
"chr16-11560419-11561286","LITAF",0.0683011404307257
"chr3-171834938-171835804","PLD1",0.0682979192179269
"chr6-90080686-90081560","MDN1",0.0682975262409147
"chr12-122720199-122721079","HCAR3",0.0682965640025134
"chr17-78337214-78338137","SYNGR2",0.0682923346207333
"chr19-54916680-54917505","KIR2DL1",0.0682916388122793
"chr3-114221279-114222165","TIGIT",0.0682879258205381
"chr13-73984719-73985599","LINC00402",0.0682859720953669
"chr12-6635428-6636189","LPAR5",0.0682854596618865
"chr19-18401493-18402390","ELL",0.068279920262987
"chr17-20281685-20282540","ULK2",0.068274218156495
"chr19-51503228-51504161","FPR1",0.0682684658109345
"chr11-72613732-72614628","ARAP1",0.0682640167555004
"chr11-67078020-67078917","KDM2A",0.0682564448128312
"chr1-27943185-27944044","STX12",0.0682526327149469
"chr9-134406983-134407881","VAV2",0.0682503093336857
"chr2-134294374-134295257","MGAT5",0.068249404707426
"chr11-35030517-35031279","CD44",0.0682479033007873
"chr5-151577304-151578144","SLC36A3",0.0682474791437594
"chr2-8583364-8584265","KIDINS220",0.0682467751852334
"chr3-56800211-56801048","ARHGEF3",0.0682457607894221
"chr2-117814243-117815125","DDX18",0.0682457417114073
"chr2-8315589-8316431","LINC00299",0.0682355741593641
"chr9-88936357-88937129","S1PR3",0.0682277735387778
"chr1-23606900-23607811","MDS2",0.0682272079128739
"chr19-47336637-47337476","NAPA",0.0682261555466113
"chr3-15295391-15295863","EAF1",0.0682160824844045
"chr6-7916707-7917600","DSP",0.0682103260618369
"chr8-38974027-38974842","PLEKHA2",0.0682081659620834
"chr5-83471185-83472042","XRCC4",0.0681948968877148
"chr11-503103-503959","LINC01001",0.0681935752130996
"chr13-48222386-48223123","RCBTB2",0.0681926674360161
"chr7-88219654-88220541","ADAM22",0.0681912075289654
"chr14-22918849-22919715","DAD1",0.0681907490243983
"chr15-94238350-94239231","MCTP2",0.0681887294016317
"chr19-54270996-54271757","LILRA2",0.0681818879908587
"chr1-212577598-212578513","BATF3",0.0681818499384646
"chr17-2265945-2266804","SMG6",0.0681801079681569
"chr17-75570936-75571856","MYO15B",0.068179070385952
"chr1-223142764-223143669","SUSD4",0.0681725867170099
"chr3-142210804-142211703","GK5",0.0681719471723156
"chr8-141000872-141001694","PTK2",0.0681633201784689
"chr1-184843504-184844397","C1orf21",0.0681602478366429
"chr4-169619966-169620846","SH3RF1",0.0681583670347458
"chr1-207327610-207328429","CD55",0.0681534275664613
"chr16-28140770-28141639","SBK1",0.068148504863061
"chr7-50306993-50307858","IKZF1",0.0681484420286346
"chr9-93504621-93505426","FAM120A",0.0681454778216823
"chr18-24397472-24398305","OSBPL1A",0.0681420794745457
"chr2-165016455-165017319","SCN3A",0.0681232525168602
"chr6-10886594-10887524","GCNT2",0.0681105069407603
"chr16-69514086-69514987","WWP2",0.0681032517730687
"chr14-103121263-103122146","TRAF3",0.0681032013082902
"chr1-182145298-182146097","GLUL",0.0681024939818406
"chr1-25990510-25991436","SH3BGRL3",0.068101799572155
"chr12-49797106-49797977","NCKAP5L",0.0680995255437903
"chr17-47735383-47736171","TBX21",0.0680914624713711
"chr20-48910158-48911053","PREX1",0.0680882954582174
"chr10-11665060-11665703","USP6NL",0.0680843342431246
"chr5-55022204-55023111","GZMA",0.0680790859436267
"chr10-17508878-17509716","ST8SIA6",0.0680778690080532
"chr16-85061321-85062202","ZDHHC7",0.0680771540268587
"chr8-89757347-89758240","RIPK2",0.0680690168034444
"chr2-218063312-218064186","RUFY4",0.068066489736933
"chr10-12074801-12075676","DHTKD1",0.0680455625993616
"chr11-9364039-9364930","DENND5A",0.0680375997084131
"chr7-928343-929252","ZFAND2A",0.0680369887539776
"chr3-191329007-191329832","CCDC50",0.0680274788230605
"chr15-74396173-74397038","SEMA7A",0.0680267882883115
"chr17-75518018-75518889","TSEN54",0.0680243960292603
"chr16-89052544-89053432","CBFA2T3",0.068019294261936
"chr12-12725091-12725993","APOLD1",0.0680184011857596
"chr9-95724298-95725211","LINC00476",0.0680110085275792
"chr7-87059279-87060154","KIAA1324L",0.068008206599518
"chr17-14318437-14319271","HS3ST3B1",0.0680065893497426
"chr22-46684519-46685378","TBC1D22A",0.0680055204296828
"chr19-53877169-53878010","ZNF331",0.0680001480812173
"chr22-42300675-42301470","TNFRSF13C",0.0679999240298655
"chr1-9066930-9067818","SLC25A33",0.0679989209634471
"chr2-190407284-190407987","MFSD6",0.0679877428339533
"chr10-92756840-92757553","CPEB3",0.0679866237274873
"chr7-150357226-150358036","GIMAP5",0.067968649710556
"chr3-150890109-150890967","TSC22D2",0.0679660014424043
"chr6-26216390-26217260","BTN3A2",0.0679649584060554
"chr19-47743196-47744075","NAPA",0.0679639234391824
"chr3-31802783-31803709","ZNF860",0.0679618950550809
"chr17-73339854-73340769","CDC42EP4",0.0679614625700282
"chr1-175225233-175226106","KIAA0040",0.0679571988122801
"chr9-129888274-129889122","FNBP1",0.0679485219828636
"chr17-7173955-7174857","XAF1",0.0679479621028185
"chr10-8056775-8057607","GATA3",0.0679466519673988
"chr9-136978036-136978961","NPDC1",0.0679421012429881
"chr1-169692605-169693508","C1orf112",0.067940664196072
"chr6-6856829-6857527","LY86",0.0679349946524592
"chr5-177114602-177115281","HK3",0.0679319283251825
"chr3-53166723-53167619","TKT",0.0679289905737291
"chr3-113985287-113986166","CCDC191",0.0679258472742571
"chr14-24690240-24691167","GZMB",0.0679188300835596
"chr17-74520695-74521115","CD300LF",0.0679128787738545
"chr6-144284689-144285489","STX11",0.06790997510617
"chr19-20077520-20078388","PBX4",0.0679079305660218
"chr10-12323400-12324216","CAMK1D",0.0679066406580969
"chr19-41233497-41234387","AXL",0.0679032128249821
"chr2-127411736-127412614","MAP3K2",0.0678994151413734
"chr3-161349600-161350480","SPTSSB",0.0678974725682796
"chr14-75340906-75341409","LINC01220",0.067896508370546
"chr1-27631299-27632152","STX12",0.0678951552433812
"chr22-39264210-39265084","APOBEC3A",0.0678937574817515
"chr17-75268638-75269469","MYO15B",0.0678890981858826
"chr5-1477031-1477886","SLC12A7",0.0678824762644676
"chr18-69895481-69896159","DOK6",0.067881500125954
"chrX-46959080-46959972","JADE3",0.0678729931369462
"chr4-39124917-39125803","TMEM156",0.0678682014475352
"chr22-21937753-21938656","PPM1F",0.0678640840724741
"chr3-196624395-196625106","PIGX",0.0678636712033948
"chr15-51617514-51618239","SCG3",0.0678536698761078
"chr22-39205372-39206231","APOBEC3G",0.0678476580132649
"chr20-51127913-51128758","BCAS4",0.0678456838462243
"chr19-54859162-54860039","TMEM150B",0.0678443530977009
"chr14-96177707-96178555","TCL1A",0.0678440188347885
"chr1-8987772-8988647","CA6",0.0678391934234868
"chr6-132267332-132268184","LINC01013",0.067838163935634
"chr4-67550264-67551053","STAP1",0.067831866179858
"chr2-101308306-101309193","RNF149",0.0678262297944309
"chr1-203673773-203674688","LAX1",0.0678161037185292
"chr19-54209457-54210244","LILRA6",0.0678109287150572
"chr10-6275001-6275916","PFKFB3",0.0678108791310049
"chr1-23626895-23627763","MDS2",0.0678108540158724
"chr14-104660425-104661139","PLD4",0.067808378386611
"chr20-63830878-63831771","DNAJC5",0.0678043680748403
"chr7-151408611-151409503","WDR86",0.0678033240412444
"chr3-131026375-131027265","ATP2C1",0.0678013108488493
"chr2-111618610-111619530","MERTK",0.067798740383243
"chr1-116380441-116381338","ATP1A1",0.0677952561530268
"chr22-39920647-39921479","TNRC6B",0.0677939736521078
"chr5-56316095-56317015","ANKRD55",0.0677918976601576
"chr14-92465708-92466553","RIN3",0.0677905778787875
"chr20-1824082-1824742","SIRPB2",0.0677903050387443
"chr11-68036651-68037516","TCIRG1",0.0677792736153437
"chr11-118608226-118609073","MPZL3",0.0677742879703713
"chr3-32951159-32952066","CCR4",0.0677735186307251
"chr12-48282751-48283674","VDR",0.067773195900355
"chr5-80126879-80127699","ZFYVE16",0.067772426636619
"chr19-19605791-19606684","PBX4",0.0677719467350156
"chr7-149865218-149866115","ATP6V0E2",0.0677716320643862
"chr18-70683031-70683907","GTSCR1",0.0677691455468229
"chr6-161117094-161117997","AGPAT4",0.0677642235767919
"chr7-150586414-150587282","TMEM176A",0.0677603993315689
"chr6-110826112-110827042","CDK19",0.0677524582471084
"chr10-46023008-46023901","NCOA4",0.0677499448395566
"chr7-81810290-81811183","HGF",0.067748404504619
"chr22-39898742-39899614","MGAT3",0.0677431580771327
"chr3-122617092-122617950","PARP15",0.0677301681746286
"chr1-181134268-181135200","IER5",0.0677287736517425
"chr8-96620317-96621098","CPQ",0.0677258569068502
"chr5-131289048-131289859","CDC42SE2",0.0677203628009155
"chr8-141358707-141359602","DENND3",0.0677201520903125
"chr6-36678238-36679121","FGD2",0.0677162137342731
"chr2-51028561-51029367","NRXN1",0.0677160101424487
"chr19-51426954-51427828","CD33",0.067700677647052
"chr3-32992651-32993436","CCR4",0.0676987605950378
"chr22-39446647-39447464","MGAT3",0.0676965110141421
"chr1-207807326-207808148","CR1",0.0676956822694321
"chr2-95079793-95080543","MAL",0.0676940771081737
"chr19-50415439-50416243","MYBPC2",0.0676826381520441
"chr2-240960477-240961376","FARP2",0.0676795344749575
"chr19-49565137-49565746","FLT3LG",0.0676741121698382
"chr20-1894092-1894983","SIRPB1",0.0676714755898133
"chr2-84458877-84459803","TMSB10",0.0676695005911517
"chr6-41531633-41532509","TREML2",0.0676662726739368
"chr1-212665049-212665971","ATF3",0.0676587402862274
"chr2-226905976-226906849","RHBDD1",0.0676586248174907
"chr19-20077520-20078388","ZNF101",0.0676569402103208
"chr9-123997577-123998484","NEK6",0.0676543283369327
"chr15-90184756-90185614","SEMA4B",0.0676537396232387
"chr1-183590263-183591130","SMG7",0.0676495232192876
"chr21-41666428-41667311","MX2",0.0676330076827676
"chr20-45841873-45842788","CD40",0.0676315010650689
"chr1-153773192-153774033","S100A9",0.0676244764475818
"chr11-104653117-104653956","PDGFD",0.0676224265139395
"chr3-72134831-72135699","LINC00870",0.0676197154802067
"chr6-142871638-142872481","HIVEP2",0.0676172406660441
"chr12-8813693-8814538","A2ML1",0.0676146057201248
"chr5-56012265-56013072","IL6ST",0.0676140251070903
"chr5-142006716-142007555","NDFIP1",0.0676022646960428
"chr6-132745806-132746704","VNN1",0.067601319574078
"chr20-24992317-24993211","CST7",0.0675975030449582
"chr20-32068571-32069491","ID1",0.067594205807829
"chr1-12435465-12436331","DHRS3",0.06759009485003
"chr1-84971969-84972798","MCOLN2",0.0675897935684034
"chr8-19475154-19476056","CSGALNACT1",0.0675817374084381
"chr2-241701801-241702676","LINC01237",0.0675799826526989
"chr17-30360016-30360894","CPD",0.0675778255091334
"chr6-4281554-4282477","CDYL",0.0675741135312394
"chr5-159332698-159333476","AC008691.1",0.0675732070944757
"chr12-29170527-29171228","FAR2",0.0675677635778118
"chr19-54373490-54374378","LILRA2",0.067561082765087
"chr17-82838073-82838943","AC144831.1",0.0675609056795953
"chr7-22445169-22445872","RAPGEF5",0.067560339596118
"chr12-26113950-26114851","SSPN",0.0675557551118029
"chr17-1039297-1040170","CRK",0.067549612303196
"chr13-76792460-76793345","KCTD12",0.0675396953133177
"chr20-50347730-50348518","CEBPB",0.0675396368871941
"chr20-48776713-48777614","PREX1",0.0675326613299291
"chr5-75052520-75053095","ANKRD31",0.0675326082737779
"chr1-150159205-150159801","PLEKHO1",0.0675318260991434
"chr18-9707749-9708656","VAPA",0.0675209142371793
"chr16-55437390-55438273","CES1",0.067516019549541
"chr8-89728826-89729727","DECR1",0.0675141085256473
"chr19-54572416-54573211","LILRA2",0.0675114917134542
"chr5-75049673-75050484","GCNT4",0.0675054924539385
"chr11-116853331-116854209","PCSK7",0.0675015209310587
"chr12-91977886-91978750","LINC01619",0.0674904109078694
"chr5-56094525-56095403","ANKRD55",0.0674818336694674
"chr9-121249295-121250202","GSN",0.0674816804359947
"chr4-108159560-108160388","LEF1-AS1",0.0674683581609491
"chr1-203682350-203683258","ATP2B4",0.0674676662064516
"chr6-107638176-107638922","SOBP",0.0674627481855585
"chr3-119702536-119703446","ARHGAP31",0.06745723496252
"chr6-32529761-32530672","HLA-DQA2",0.0674553207069033
"chr14-24246547-24247451","GZMB",0.0674542388324437
"chr16-57802046-57802953","CCDC102A",0.0674542303690958
"chr3-67947825-67948733","SUCLG2-AS1",0.0674475322687625
"chr11-60951974-60952795","VPS37C",0.0674463133484207
"chr17-77882388-77883211","TNRC6C-AS1",0.067438359155045
"chr15-39390968-39391864","THBS1",0.0674347110705634
"chr6-134167897-134168663","SGK1",0.0674310853658589
"chr1-20851574-20852447","CDA",0.0674291857316592
"chr5-60538952-60539828","PDE4D",0.067422100809375
"chr17-78541571-78542451","PGS1",0.0674220531674456
"chr19-39073310-39074217","EIF3K",0.067421657802163
"chr1-151945527-151946356","S100A10",0.067408173238042
"chr12-49824839-49825737","NCKAP5L",0.0674067153550081
"chr11-33869508-33870339","LMO2",0.0674057482923936
"chr3-141243050-141243946","PXYLP1",0.0674005301634104
"chr3-114290819-114291741","TIGIT",0.0673945443885246
"chr5-43040106-43040917","ANXA2R",0.0673926076646432
"chr2-134233283-134234086","MGAT5",0.0673860991068544
"chr10-6188260-6189155","GDI2",0.0673804981039461
"chr12-95548382-95549247","USP44",0.067373182011254
"chr15-89823172-89824087","ANPEP",0.0673694932013963
"chr21-42527435-42528354","PDE9A",0.0673644887825448
"chr3-48528563-48529257","PFKFB4",0.0673610779466514
"chr11-60994210-60995138","CD5",0.0673552149509001
"chr5-65061201-65062023","ADAMTS6",0.0673527930438657
"chr3-179438610-179439500","MFN1",0.0673519122153205
"chr18-55415032-55415924","TCF4",0.067350506122943
"chr17-8922253-8923107","PIK3R5",0.0673477290569922
"chr19-54916680-54917505","KIR2DL3",0.0673332929251076
"chr17-83053843-83054737","METRNL",0.0673332528161066
"chr20-13230789-13231685","ISM1",0.0673326436247263
"chr14-55271920-55272588","FBXO34",0.0673312344821867
"chr6-41286394-41287271","TFEB",0.0673307085085658
"chr5-131289048-131289859","RAPGEF6",0.0673271452400384
"chr3-10173624-10174541","CAMK1",0.0673266521896112
"chr8-47384257-47385068","CEBPD",0.0673225375332066
"chr17-74516553-74517379","CD300LF",0.0673067991541326
"chr8-23243120-23244031","TNFRSF10A",0.0673040029228975
"chr21-33198274-33199068","IL10RB",0.0672961083456409
"chr19-12883356-12884194","MAN2B1",0.0672917041007304
"chr14-91869723-91870612","CATSPERB",0.0672816344616424
"chr15-59569321-59570091","MYO1E",0.067267693990478
"chr11-48007462-48008341","CELF1",0.067257258907235
"chr2-84515959-84516864","DNAH6",0.0672540164905459
"chr16-87816191-87817042","SLC7A5",0.0672479709845893
"chr18-830162-830969","ENOSF1",0.0672408977236209
"chr19-2266293-2267184","MOB3A",0.0672405962122129
"chr12-8492839-8493742","CLEC4D",0.0672405498061433
"chr2-226800890-226801729","COL4A3",0.0672400279362541
"chr19-6767228-6768156","CLPP",0.0672378470487858
"chr6-157768063-157768938","ZDHHC14",0.0672336375738239
"chr1-183956368-183957273","C1orf21",0.0672323046561299
"chr7-44847732-44848581","NUDCD3",0.0672314291966834
"chr13-40508692-40509427","FOXO1",0.0672309645925616
"chr3-121809011-121809884","EAF2",0.0672308009249967
"chr12-8492839-8493742","C3AR1",0.0672270059992187
"chr4-73760354-73761218","CXCL8",0.067217364780613
"chr2-165013573-165014382","COBLL1",0.067204122345054
"chr12-6932462-6933300","CD27",0.0672035644984719
"chr19-10515691-10516525","EIF3G",0.0672027964376388
"chrX-13131554-13132436","FAM9C",0.0671985660604921
"chr2-8260122-8260852","LINC00299",0.0671974161942881
"chr2-241078142-241079050","PASK",0.0671969710298624
"chr2-171160494-171161379","TLK1",0.067185678315225
"chr11-44596571-44597466","CD82",0.0671851587966448
"chr7-151273546-151274363","TMEM176B",0.0671683888774092
"chr11-60953682-60954250","VPS37C",0.0671661773456741
"chr9-27564426-27565187","MOB3B",0.067160010621263
"chr12-9970894-9971746","CLEC1B",0.0671536203745918
"chr1-186620705-186621607","PTGS2",0.0671527843116354
"chr21-33011145-33012047","IL10RB",0.0671507631592303
"chr1-1763983-1764870","NADK",0.0671496152843596
"chr15-77083516-77084412","TSPAN3",0.0671449356144481
"chr9-81727625-81728483","TLE1",0.0671421962114666
"chr7-132318500-132319372","PLXNA4",0.0671367817219542
"chr17-74282764-74283609","RPL38",0.0671356371467872
"chr3-18411330-18412149","SATB1",0.0671353689208094
"chr10-23432363-23433168","OTUD1",0.0671320055004202
"chr2-17805621-17806486","GEN1",0.0671291806166393
"chr18-76573383-76574185","ZNF516",0.0671234781033674
"chr1-154955854-154956614","PBXIP1",0.067120506261309
"chr7-139483406-139484161","TBXAS1",0.0671162526944311
"chr21-33007469-33008379","SYNJ1",0.0671122845601866
"chr18-77114279-77115151","MBP",0.0671105461676536
"chr10-86756020-86756937","BMPR1A",0.0671073054973941
"chr15-40047345-40048224","THBS1",0.067100199349554
"chr2-105755720-105756589","UXS1",0.0670986777101551
"chr13-77697191-77698064","SLAIN1",0.0670939128192909
"chr12-122720199-122721079","CLIP1",0.0670912567211201
"chr19-934663-935564","ARID3A",0.0670900909646732
"chr1-161083173-161084092","USF1",0.0670899493550131
"chr19-54364590-54365447","LILRA2",0.0670893113826095
"chr2-98448145-98449041","INPP4A",0.0670886561158419
"chr7-139819841-139820762","HIPK2",0.0670858371664027
"chr3-50472780-50473593","RASSF1",0.0670789713412532
"chr15-52228770-52229625","FAM214A",0.0670779897181788
"chr3-98536267-98537140","GPR15",0.0670720862936065
"chr19-54345633-54346545","LILRA4",0.0670701548910416
"chr12-26471222-26472145","ITPR2",0.0670624596605921
"chr19-54873732-54874603","LILRA2",0.0670614048160674
"chr12-8989220-8990090","LINC00612",0.0670612975141356
"chr12-98456649-98457532","APAF1",0.0670590868768901
"chr20-4154706-4155624","RNF24",0.0670509916056844
"chr2-218128809-218129677","CXCR1",0.0670487320759356
"chr11-2940300-2941159","KCNQ1",0.0670461571849999
"chr2-230852937-230853891","SPATA3-AS1",0.0670459904061279
"chr7-2641152-2642019","TTYH3",0.0670395678808821
"chr2-168975816-168976700","LRP2",0.0670370219039858
"chr15-56364941-56365854","MNS1",0.0670338488826319
"chr18-3605780-3606629","MYL12A",0.0670279722634594
"chr15-90064978-90065755","ZNF710",0.0670271387120654
"chr19-18392179-18393099","ELL",0.0670239049461673
"chr22-33299356-33300210","TIMP3",0.0670238205407788
"chr11-65610733-65611607","AP5B1",0.0670151337084081
"chr19-48622201-48623049","FTL",0.0670141165655387
"chr19-51788943-51789840","SIGLEC10",0.0670099627367593
"chr19-54662484-54663343","LILRA2",0.0670059206471932
"chr22-46433332-46434034","TBC1D22A",0.0670040801930117
"chrX-47579313-47580193","TIMP1",0.066999926584062
"chr15-80160388-80161277","ZFAND6",0.0669991991779154
"chr2-218332959-218333773","RUFY4",0.0669956891996813
"chr4-139740289-139741169","SETD7",0.0669930620167934
"chr18-32909622-32910485","KLHL14",0.0669791273629663
"chr4-42151871-42152720","BEND4",0.0669773412161299
"chr5-124980338-124981216","ZNF608",0.0669761121590191
"chr11-120224600-120225499","OAF",0.0669729329871458
"chr11-2818312-2819061","PHLDA2",0.0669717365581897
"chr1-67194183-67195102","IL23R",0.0669713280339456
"chr7-80721549-80722349","SEMA3C",0.066969492223355
"chr2-64186656-64187579","AC012368.1",0.0669685730043075
"chr4-171676557-171677443","GALNTL6",0.0669648348128435
"chr17-47829609-47830453","TBKBP1",0.066964239009775
"chr2-127619588-127620324","PROC",0.066958290970266
"chr11-67283148-67284051","ANKRD13D",0.0669579943528222
"chr16-57042037-57042799","ADGRG5",0.0669409346083269
"chr17-82170151-82171047","SLC16A3",0.0669409036507492
"chr6-33061712-33062617","HLA-DMA",0.0669337678977585
"chr10-133013368-133014122","TUBGCP2",0.0669325452485661
"chr1-27904257-27905143","IFI6",0.0669287053999936
"chr17-29043078-29043916","NUFIP2",0.0669264144022495
"chr10-72509671-72510522","MICU1",0.0669142784282204
"chr19-7159060-7159990","MCOLN1",0.0669096492796105
"chr19-54606159-54606743","LILRA1",0.066907227267444
"chr17-82216336-82217195","SECTM1",0.0669020836880345
"chr7-2637235-2638132","SNX8",0.0669014984516393
"chr19-54502393-54503304","LAIR2",0.066896200978416
"chr17-30952690-30953487","RNF135",0.0668920114713682
"chr2-38700064-38700981","HNRNPLL",0.0668885834972041
"chr7-158814462-158815325","ESYT2",0.0668877650727051
"chr4-11099817-11100701","HS3ST1",0.0668857503317036
"chr17-82216336-82217195","MAFG",0.0668801209560235
"chr7-151271643-151272556","AGAP3",0.0668782621715894
"chr13-74062979-74063572","KLF12",0.0668688055207374
"chr12-10673735-10674629","KLRC3",0.0668639576695423
"chr1-200887996-200888880","KIF21B",0.0668624753355146
"chr3-183244032-183244859","B3GNT5",0.0668572697889765
"chr17-66415385-66416054","PRKCA",0.0668540821770019
"chr16-31130114-31130917","ITGAM",0.0668519130481547
"chr11-65639407-65640228","CFL1",0.066848149885015
"chr8-109644395-109645292","SYBU",0.0668448305863564
"chr1-22636162-22637053","C1QA",0.0668432987139859
"chr11-114065783-114066696","NNMT",0.0668405895462986
"chr7-74002428-74003318","LAT2",0.0668390241704344
"chr16-1559163-1560009","TMEM204",0.0668249046906675
"chr2-164909855-164910747","SCN3A",0.0668233522684692
"chr3-5006460-5007369","BHLHE40",0.0668098087736686
"chr4-82992585-82993450","SCD5",0.0668075147756652
"chr2-227436268-227437131","AGFG1",0.0668074400948636
"chr19-48596803-48597665","SULT2B1",0.0668067194829494
"chr9-93028170-93029052","SUSD3",0.0667955410068959
"chr1-64923140-64923932","JAK1",0.066786162265708
"chr8-78515791-78516678","PKIA-AS1",0.0667848909759253
"chr10-6602071-6602771","PRKCQ",0.0667765970139796
"chr11-107927939-107928812","RAB39A",0.0667712368568493
"chr11-102361284-102362067","TMEM123",0.0667668136341041
"chr13-46577588-46578339","RUBCNL",0.0667595611194822
"chr10-77542434-77543325","KCNMA1",0.0667539450589496
"chr6-18122231-18123130","KDM1B",0.0667495918406058
"chr20-63803384-63804336","RGS19",0.0667465813426176
"chr3-112503925-112504735","CD200",0.0667460647818933
"chr19-18478608-18479467","ELL",0.0667386230245047
"chr12-19129310-19130128","PLEKHA5",0.0667382963693424
"chr16-2905259-2906196","SRRM2",0.0667381122876481
"chr8-85245373-85246280","E2F5",0.0667369851029713
"chr16-79640435-79641297","MAF",0.0667343242617988
"chr11-66312209-66313156","CCDC85B",0.0667332461711988
"chr19-54741514-54742466","FCAR",0.0667289727359454
"chr12-10307494-10308284","KLRC2",0.0667283905853898
"chr7-100604030-100604824","AGFG2",0.0667250974139226
"chr19-54804097-54804892","KIR3DL2",0.0667229367015837
"chr16-79602044-79602822","MAF",0.0667206959911681
"chr2-96164590-96165388","DUSP2",0.0667174642030317
"chr10-102645757-102646678","TRIM8",0.0667138787331169
"chr2-96163500-96164378","DUSP2",0.0667132428132538
"chr1-64526899-64527775","CACHD1",0.0667109061840129
"chr1-17141394-17142244","CROCC",0.0667097779345845
"chr2-218367472-218368364","GPBAR1",0.0667088024699291
"chr2-164951716-164952531","SCN3A",0.0667078504771476
"chr6-157814655-157815544","SNX9",0.0667053465423663
"chr3-43296358-43297265","SNRK",0.0667028344358585
"chr3-69738985-69739858","MITF",0.0666976756526059
"chr7-816158-817033","PRKAR1B",0.0666895043358608
"chr5-170491168-170492070","KCNMB1",0.0666891510344661
"chr18-32730273-32731192","KLHL14",0.0666886952631104
"chr1-27904257-27905143","SMPDL3B",0.0666840443143523
"chr17-36196506-36197305","CCL3",0.0666774079819232
"chr20-23195434-23196300","CD93",0.0666768885701014
"chr20-23087041-23087696","CD93",0.0666708183761597
"chr16-85291186-85292107","KIAA0513",0.0666686989359512
"chr17-74241249-74242141","CD300LF",0.0666533647992385
"chr12-10288766-10289668","KLRC4",0.066652296172365
"chr17-45329270-45330175","PLEKHM1",0.066648203337972
"chr2-60984492-60985341","BCL11A",0.0666379212623572
"chr16-75218372-75219211","FA2H",0.0666376886124904
"chr15-58137730-58138633","AQP9",0.0666364726523329
"chr5-150124128-150124871","CD74",0.0666353189456043
"chr16-8632432-8633352","ABAT",0.06662932502762
"chr15-81293629-81294550","IL16",0.0666287958680112
"chr8-28317028-28317888","SCARA5",0.0666252772193411
"chr12-124568548-124569265","NCOR2",0.0666212188140149
"chr1-161386202-161387057","FCGR3A",0.0666182949855244
"chr7-22694351-22695275","AC002480.2",0.0666158858160645
"chr7-44977050-44977980","MYO1G",0.0666115075279212
"chr17-7130475-7131409","ASGR2",0.0666025041301539
"chr22-42889020-42889905","PACSIN2",0.0665993708552393
"chr19-18514627-18515518","JUND",0.0665990535608811
"chr19-54694414-54695306","KIR3DL1",0.0665944613290986
"chr9-136799726-136800604","LRRC26",0.0665888070862752
"chr14-92675711-92676534","ITPK1",0.0665851413426051
"chr14-64195004-64195831","SGPP1",0.0665786749602759
"chr4-15905776-15906676","FBXL5",0.0665756797971774
"chr17-47821355-47822262","TBX21",0.0665739213065579
"chr12-113142346-113143219","OAS3",0.0665702795146551
"chr11-68145866-68146740","UNC93B1",0.0665696794055443
"chr3-141552810-141553678","PXYLP1",0.0665694131169793
"chr2-172549508-172550398","PDK1",0.0665618158690576
"chr3-158810724-158811532","MFSD1",0.0665535954631103
"chr12-57479460-57480364","MARCH9",0.0665535296580926
"chr11-119617973-119618855","CBL",0.0665515287861731
"chr19-13830992-13831712","ZSWIM4",0.0665507691783554
"chr19-19601946-19602819","PBX4",0.0665492815947155
"chr17-4766092-4766894","CXCL16",0.0665395507137685
"chr19-34349973-34350856","KIAA0355",0.0665385487915119
"chr1-37288624-37289523","GRIK3",0.0665378975889537
"chr5-131943634-131944441","FNIP1",0.0665309386533293
"chr4-48311853-48312629","CNGA1",0.0665280095261244
"chr12-7915675-7916524","SLC2A3",0.0665275116917646
"chr6-47357576-47358449","TNFRSF21",0.0665253875016108
"chr13-41286252-41287129","NAA16",0.0665142562782034
"chr12-124669007-124669825","NCOR2",0.0665084752521374
"chr7-152027532-152028472","GALNT11",0.0665076201547634
"chr17-36107652-36108025","CCL3",0.0665028815758276
"chr1-154609382-154610145","PBXIP1",0.0665006429524953
"chr15-67080771-67081615","SMAD3",0.0664999213283363
"chr8-11456406-11457310","CTSB",0.0664965228959935
"chr11-102452489-102453364","TMEM123",0.0664869067840544
"chr3-4983791-4984673","BHLHE40",0.0664842095660827
"chr19-53849030-53849854","LILRA5",0.0664812278327887
"chr10-116847769-116848679","HSPA12A",0.0664781146578035
"chr19-2094098-2094949","MOB3A",0.0664768261338508
"chr3-33044432-33045319","CCR4",0.0664766978606163
"chr15-68205724-68206543","PIAS1",0.0664765996733117
"chr6-32627601-32628476","HLA-DOA",0.0664688979133717
"chr11-93741109-93741989","TAF1D",0.0664682758891796
"chr17-74520074-74520599","CD300LF",0.066460697168228
"chr17-42928588-42929274","ATP6V0A1",0.0664589646000551
"chr2-96536525-96537373","SNRNP200",0.0664582900642719
"chr19-36401199-36402062","LINC00665",0.0664578954492945
"chr3-30658295-30659053","TGFBR2",0.066447768257389
"chr19-12194621-12195493","ZNF439",0.0664436175204998
"chr17-39209483-39210374","PLXDC1",0.0664431574312765
"chr20-63803384-63804336","ZBTB46",0.0664368993957397
"chr10-17201068-17201964","VIM",0.0664299940108628
"chr19-18474776-18475655","SSBP4",0.0664295540730596
"chr3-32335650-32336435","CMTM8",0.066427558613923
"chr6-16727761-16728683","ATXN1",0.066422152720726
"chr11-133956595-133957499","IGSF9B",0.06641277745835
"chr16-55439066-55439905","CES1",0.0664096790867635
"chr19-47383137-47384027","DHX34",0.0664068299888692
"chr19-35210486-35211335","FXYD5",0.0663984015799078
"chr11-119259761-119260616","CXCR5",0.0663944331607034
"chr6-46011200-46012101","CLIC5",0.066391308725169
"chr5-56060458-56061353","ANKRD55",0.0663886216938506
"chr5-107519693-107520566","EFNA5",0.066385920153643
"chr16-84897885-84898694","CRISPLD2",0.0663850002370315
"chr17-35537323-35538171","CCL5",0.0663810132244019
"chr8-95072807-95073611","TP53INP1",0.0663789957336523
"chr11-33899210-33899886","KIAA1549L",0.0663705287372077
"chr19-53979862-53980724","MYADM",0.066369253921637
"chr9-136749512-136750352","LCN10",0.0663660356779636
"chr18-23512307-23513118","RIOK3",0.0663653917513226
"chr11-121459180-121460067","SORL1",0.0663641679424561
"chr20-17530722-17531604","BFSP1",0.0663601548819574
"chr14-92456386-92457280","SLC24A4",0.066359676238653
"chr17-74279838-74280753","SLC9A3R1",0.0663433624347708
"chr9-136644429-136645276","CARD9",0.0663381626911605
"chr2-8678478-8679374","LINC00299",0.0663371272018865
"chr11-6402369-6403213","SMPD1",0.0663349714595249
"chr9-124223102-124223996","NEK6",0.0663346197503455
"chr6-32657980-32658909","HLA-DOB",0.0663335516254457
"chr5-131530447-131531335","RAPGEF6",0.0663287816243995
"chr19-35904731-35905376","FFAR2",0.0663242837087969
"chrX-46903491-46904388","SLC9A7",0.0663226877008766
"chr19-51755462-51756259","SIGLEC10",0.0663154871115346
"chr18-58963564-58964353","ZNF532",0.0663139735354804
"chr11-66920995-66921846","KDM2A",0.0663086206404552
"chr7-25028440-25029310","OSBPL3",0.0663022080809448
"chr5-170272028-170272893","LCP2",0.0663000691022763
"chr19-50328823-50329759","ATF5",0.0662953026687379
"chr9-114968411-114969251","TMEM268",0.0662904802744923
"chr16-11980374-11981208","SNX29",0.0662894302105873
"chr4-74108844-74109722","CXCL8",0.0662801796403207
"chr3-50242632-50243497","GNAI2",0.0662778088388648
"chr4-101018565-101019385","PPP3CA",0.0662748148232902
"chr17-7112020-7112885","TNFSF13",0.0662698798133178
"chr1-92964698-92965605","CCDC18-AS1",0.0662680104726179
"chrX-30588824-30589624","CXorf21",0.0662644049228548
"chr19-29622088-29622963","PLEKHF1",0.0662601968232761
"chr12-121286941-121287763","CAMKK2",0.0662594952769201
"chr12-132908217-132909098","ZNF10",0.0662508457845136
"chr19-44738558-44739448","NECTIN2",0.0662478471859043
"chr12-6138579-6139484","TNFRSF1A",0.0662462027925705
"chr19-40285082-40285933","FCGBP",0.0662460068363089
"chr6-32816685-32817553","HLA-DOA",0.0662438929643671
"chr5-14207352-14207895","AC016549.1",0.06624312194939
"chr19-6527687-6528446","CD70",0.0662394816792042
"chr16-4663458-4664309","UBN1",0.0662368475180561
"chr2-84845847-84846745","TMSB10",0.0662352588677683
"chr22-39117388-39118271","APOBEC3C",0.0662301122487998
"chr19-52778578-52779429","ZNF600",0.0662231111321597
"chr17-74712648-74713532","CD300LB",0.0662222928286487
"chr3-138873247-138874175","PIK3CB",0.066221665855881
"chr6-167090931-167091805","CCR6",0.0662201980734837
"chr21-42403524-42404407","PDE9A",0.0662193665602759
"chr5-35319380-35320269","PRLR",0.0662177151396234
"chr12-126768297-126769191","LINC00943",0.0662172114436037
"chr5-6766383-6767244","SRD5A1",0.0662161154232284
"chr3-71305483-71306229","FOXP1",0.0662057154067679
"chr8-141095168-141096037","DENND3",0.0662049676608428
"chr16-1855088-1855987","IFT140",0.066201860905933
"chr9-134359774-134360508","RXRA",0.0662013326018353
"chr19-7543306-7544128","MCOLN1",0.0661931077362871
"chr12-10673735-10674629","KLRC2",0.0661844372115071
"chr8-141137713-141138627","SLC45A4",0.0661801160515376
"chr11-67267898-67268763","CARNS1",0.0661791684427311
"chr21-36113779-36114630","RUNX1",0.0661729483892141
"chr1-26378041-26378946","ZNF683",0.0661690773925668
"chr12-10409100-10409904","KLRC4",0.0661658848705988
"chr13-99375044-99375920","GPR18",0.0661654423232109
"chr10-119489283-119490204","RGS10",0.0661570065251191
"chr14-64928328-64929223","ZBTB25",0.0661546408306176
"chr5-35924613-35925513","SPEF2",0.0661513502976128
"chr10-91201222-91202153","PCGF5",0.0661507916845938
"chr18-813119-813853","ENOSF1",0.0661446291102247
"chr5-68255510-68256432","PIK3R1",0.0661434631825199
"chr19-10270826-10271294","ICAM1",0.0661407688143438
"chr10-97365485-97366368","UBTD1",0.0661396978499869
"chr15-64110701-64111596","SNX22",0.0661385026548518
"chr11-86592653-86593539","PRSS23",0.0661374487548121
"chr10-22666272-22667109","PIP4K2A",0.0661369295732346
"chr1-25763350-25764311","STMN1",0.0661318764443872
"chr19-51501414-51502322","CD33",0.0661295070374505
"chr17-35244192-35245050","SLFN5",0.0661226366233421
"chr2-38174387-38175239","CDC42EP3",0.0661168345432153
"chr2-218381671-218382577","TNS1",0.066114726216223
"chr4-2800866-2801743","RGS12",0.066111174661711
"chr14-77121163-77121985","TMED8",0.0661101294534106
"chr1-157495815-157496685","FCRL1",0.0661084376622186
"chr4-108115642-108116433","LEF1-AS1",0.0661040678406654
"chr22-39937688-39938505","TNRC6B",0.0661004737370194
"chrX-10121627-10122477","CLCN4",0.0661002505096538
"chr1-9730308-9731196","SLC25A33",0.0660978493357485
"chr19-54551799-54552319","OSCAR",0.0660955130372606
"chr13-49641634-49642484","ARL11",0.0660944660048196
"chr1-161561025-161561903","ATF6",0.0660934519565079
"chr4-139975658-139976527","SETD7",0.0660931149406112
"chr2-183037972-183038840","NCKAP1",0.0660836838237419
"chr5-132674704-132675516","CCNI2",0.066083034613659
"chr1-27885463-27886053","STX12",0.0660792723491748
"chr14-75221902-75222804","FLVCR2",0.066071670961157
"chr3-12193269-12194099","RAF1",0.0660708246329826
"chr10-71343168-71343999","CDH23",0.0660707012106465
"chr16-79278296-79279175","MAF",0.0660704405192854
"chr19-7544528-7545249","MCOLN1",0.0660687865989206
"chr19-1101456-1102263","ARID3A",0.0660622419218576
"chrX-118630637-118631458","IL13RA1",0.0660602047806829
"chr3-48528036-48528450","PFKFB4",0.0660597418242419
"chr2-23384797-23385651","KLHL29",0.0660575166836714
"chr19-54209457-54210244","LILRA5",0.0660541831432514
"chr11-118304274-118305196","MPZL3",0.0660540728048214
"chr11-121481951-121482812","SORL1",0.0660451607273037
"chr6-26122609-26123403","BTN3A2",0.0660407658401572
"chr15-94257920-94258725","MCTP2",0.0660336077289126
"chr16-27367463-27368383","IL4R",0.066021759601859
"chr3-31461893-31462803","STT3B",0.0660206593839773
"chr22-37271051-37271914","LGALS2",0.0660174336992113
"chr10-74586010-74586496","KAT6B",0.0660145185332327
"chr11-118342299-118343146","KMT2A",0.0660085568392361
"chr16-85954996-85955856","C16orf74",0.0660022711619036
"chr12-9615190-9616052","A2M",0.0660011937115369
"chr6-87925249-87926145","CNR1",0.0660002871174425
"chr17-58232510-58233384","CUEDC1",0.0659996073165765
"chr12-68367710-68368544","RAP1B",0.0659959148896564
"chr19-45455802-45456648","VASP",0.065995623310123
"chr9-127719898-127720822","TTC16",0.0659947950485465
"chr3-15438724-15439594","EAF1",0.0659898096122036
"chr1-243287466-243288346","CEP170",0.0659884772114491
"chr6-11206823-11207700","SYCP2L",0.0659862448284487
"chr12-126771978-126772893","LINC00943",0.0659860742114452
"chr22-36376928-36377821","MYH9",0.0659846659588122
"chrX-46713400-46714210","SLC9A7",0.0659751562805204
"chr19-10870798-10871716","ILF3",0.0659741082683532
"chr20-48772139-48773038","PREX1",0.0659733166074382
"chr1-178599665-178600324","ANGPTL1",0.0659699549160532
"chr6-434435-435325","IRF4",0.0659698263730174
"chr4-75251328-75252186","PARM1",0.0659657956393844
"chr2-203803888-203804752","ICOS",0.0659622638365233
"chr19-54919404-54920263","KIR2DL3",0.0659615820285081
"chr3-171811281-171812020","PLD1",0.0659525696543946
"chr6-132354279-132355157","LINC01013",0.0659493244584475
"chr15-100940683-100941443","CHSY1",0.0659482988218827
"chr21-46531796-46532696","DIP2A",0.065947777122999
"chr12-93095069-93095979","C12orf74",0.065941790466538
"chr18-9774961-9775829","VAPA",0.065939809360239
"chr19-33273709-33274620","CEBPA",0.0659379414001826
"chr15-90063558-90064436","ANPEP",0.0659361873656326
"chr1-186655689-186656545","PTGS2",0.0659246339521775
"chr11-126318475-126319247","ST3GAL4",0.0659097772954764
"chr1-23887969-23888718","CNR2",0.0659082746297566
"chr13-30371535-30372468","HMGB1",0.065905408431684
"chr17-78283881-78284690","PGS1",0.0659043174781216
"chr4-108301717-108302496","LEF1-AS1",0.0659039042329025
"chr14-75221902-75222804","LINC01220",0.0658919250819697
"chr11-355873-356720","PGGHG",0.0658838542582856
"chr1-27864191-27864944","SMPDL3B",0.0658742794356538
"chr12-92362428-92363036","C12orf74",0.0658710644065047
"chr15-75104586-75105497","C15orf39",0.0658649978236584
"chr14-103121263-103122146","MARK3",0.0658609890588287
"chr7-77570042-77570868","PTPN12",0.0658573259457538
"chr2-8664507-8665133","LINC00299",0.0658564800234066
"chr1-50108385-50109043","ELAVL4",0.0658337055533882
"chr22-17171227-17172132","IL17RA",0.0658310321300525
"chr11-110092621-110093529","ZC3H12C",0.0658253628926949
"chr16-30903503-30904284","ITGAL",0.0658240670266636
"chr19-4561845-4562735","TICAM1",0.0658174525306776
"chr10-89242683-89243524","IFIT3",0.0658174525201833
"chr19-37077890-37078794","ZNF567",0.0658095299185017
"chr1-180402118-180402805","QSOX1",0.0658065254829326
"chr13-41053103-41053966","ELF1",0.0658054679200952
"chr8-37881647-37882507","PLPP5",0.0658037529597868
"chr3-129118554-129119435","RAB43",0.0658032929660483
"chr7-40134354-40135238","CDK13",0.0657993806028617
"chr2-111632307-111633179","MIR4435-2HG",0.0657949217843213
"chr10-7271722-7272594","SFMBT2",0.0657816986158165
"chr9-87554727-87555584","CTSL",0.0657801574028709
"chr19-4563366-4564234","KDM4B",0.0657785132262212
"chr12-53231927-53232746","RARG",0.0657748454427702
"chr22-41768176-41769060","NAGA",0.0657741927872114
"chr19-13044004-13044866","CALR",0.0657717289895822
"chr2-222427546-222428391","SGPP2",0.0657705857013653
"chr11-65565768-65566659","CFL1",0.0657650823710258
"chr17-74325714-74326590","DNAI2",0.0657628108930402
"chr15-79977160-79978029","ZFAND6",0.0657601226562155
"chr14-75341513-75342076","JDP2",0.0657577622268792
"chr5-83368390-83368863","XRCC4",0.065751766555977
"chr21-15206340-15207174","NRIP1",0.0657484060516467
"chr6-156698152-156698866","ARID1B",0.0657467240242932
"chr9-127785633-127786185","TTC16",0.0657352822000117
"chr3-46404912-46405666","CCR1",0.0657312553343807
"chr9-33416835-33417668","AQP3",0.0657266891405817
"chr17-36091975-36092851","CCL3",0.0657249419382422
"chr1-17128157-17129044","CROCC",0.0657085786552447
"chr9-37374669-37375576","EBLN3P",0.0657074436615838
"chr6-69881352-69882208","COL9A1",0.0657066741753253
"chr18-45837347-45838254","PSTPIP2",0.0656947681285479
"chr11-59371982-59372871","GLYATL1",0.0656930551854055
"chr10-70493104-70493977","PALD1",0.0656901355593861
"chr11-8262542-8263330","STK33",0.0656895057104881
"chr4-74930000-74930835","PARM1",0.065689258355779
"chr6-33057086-33057991","HLA-DQA2",0.0656889941435913
"chr4-174828906-174829762","ADAM29",0.0656871300841735
"chr18-8050441-8051330","PTPRM",0.0656861880709061
"chr5-35796879-35797778","SPEF2",0.0656771089142416
"chr17-75313719-75314552","MYO15B",0.0656755851884192
"chr19-53852796-53853527","LILRA4",0.0656744791668351
"chr5-157159070-157159893","ADAM19",0.0656734025193014
"chr12-121276711-121277714","P2RX4",0.0656724631779706
"chr8-651462-652334","ERICH1",0.0656678499263893
"chr9-134245066-134245784","VAV2",0.065667422794232
"chr12-113142346-113143219","OAS1",0.0656672713347223
"chr11-66069770-66070682","CCDC85B",0.0656672681521945
"chr1-212682994-212683847","RPS6KC1",0.0656622626675953
"chr4-152665560-152666388","TMEM154",0.0656559461166632
"chr11-65546202-65547094","LTBP3",0.0656439601129134
"chr6-6320096-6320853","LY86",0.0656321915570966
"chr4-56648068-56648901","HOPX",0.0656314396616975
"chr2-172440715-172441261","ITGA6",0.0656307611909872
"chr2-17805621-17806486","SMC6",0.065630197888966
"chr4-139674989-139675836","SETD7",0.0656240487318375
"chr15-89395716-89396537","ANPEP",0.0656210516771362
"chr11-821820-822625","IRF7",0.0656184098117963
"chr20-38833520-38834285","PPP1R16B",0.0656175133510888
"chr19-54593316-54594137","LILRA1",0.065610647028119
"chr5-80122327-80123218","FAM151B",0.0656059482609076
"chr1-12140720-12141592","TNFRSF1B",0.0655957394611689
"chr18-58970795-58971614","LMAN1",0.0655955877415148
"chr5-17218482-17219318","BASP1",0.0655922394019115
"chr22-41917796-41918564","TNFRSF13C",0.0655921958175236
"chr11-2270734-2271604","ASCL2",0.0655880741682258
"chr19-51564630-51565459","SIGLEC6",0.0655849969346661
"chr14-22569971-22570885","DAD1",0.065584120558663
"chr11-73271805-73272656","ARAP1",0.0655816678925488
"chr22-45225937-45226629","KIAA0930",0.0655776484820728
"chr6-391239-392169","IRF4",0.0655764379920073
"chr2-8345958-8346867","ID2",0.0655762323582838
"chr9-131697863-131698800","RAPGEF1",0.0655693610260464
"chr11-797881-798693","IFITM2",0.0655692423970106
"chr19-53037447-53038216","ZNF415",0.0655678955124762
"chrX-79161424-79162325","ITM2A",0.0655672718913579
"chr14-68772663-68773478","ACTN1",0.0655666056546196
"chr3-187072271-187073083","ST6GAL1",0.0655575869989196
"chr8-140646402-140646991","PTK2",0.0655535768289128
"chr1-202295353-202296225","PTPN7",0.065553189212085
"chr19-46529597-46530473","SLC1A5",0.0655477002092058
"chr3-196220510-196221318","TNK2",0.0655446527041702
"chr16-85524636-85525517","GSE1",0.0655439913762556
"chr1-145996313-145997123","TXNIP",0.065541650043017
"chr6-159035763-159036422","TAGAP",0.0655409185798545
"chr10-14647978-14648908","FAM107B",0.0655361637187581
"chr3-39220608-39221459","CX3CR1",0.0655325525643994
"chr5-96656836-96657724","CAST",0.0655232725244312
"chr6-157822687-157823585","SNX9",0.0655195691212505
"chr7-130961024-130961868","AC016831.7",0.0655190611245765
"chr7-2299781-2300594","SNX8",0.0655176293762433
"chr2-164826231-164827148","COBLL1",0.06551651062445
"chr12-14365278-14366156","ATF7IP",0.0655092063021727
"chr2-203943353-203944174","CTLA4",0.0655053711183958
"chr19-47363516-47364400","C5AR2",0.0654991377403383
"chr5-177494110-177495009","RAB24",0.0654976209965425
"chr14-102901115-102902065","TRAF3",0.0654967857106069
"chr1-166166547-166167403","FAM78B",0.0654912260128135
"chr19-54282418-54283317","LILRA2",0.0654908104233228
"chr22-35356101-35356999","APOL6",0.0654876814912733
"chr19-10860784-10861694","LDLR",0.0654813055688615
"chr1-23594735-23595496","CNR2",0.0654785057889692
"chr19-18173094-18173997","JUND",0.065477489323081
"chr19-47310696-47311494","DHX34",0.0654757826574545
"chr1-27634905-27635664","FGR",0.0654675955415125
"chr8-16362642-16363451","MSR1",0.065464856532862
"chr8-126500782-126501547","PCAT1",0.0654643207801544
"chr1-167328636-167329520","RCSD1",0.0654640561633081
"chr14-31067934-31068825","HEATR5A",0.0654625250330696
"chr11-94533968-94534863","PIWIL4",0.0654618253735059
"chr3-143431139-143431994","SLC9A9",0.0654615147566218
"chr3-18127249-18128184","TBC1D5",0.0654599725591602
"chr14-92657216-92658130","ITPK1",0.0654538011906486
"chr3-195900355-195901258","TNK2",0.0654496507636395
"chr3-142276854-142277545","ATP1B3",0.0654460097979822
"chr10-72320726-72321430","MICU1",0.0654435114834063
"chr8-143545518-143546389","GRINA",0.0654360592479283
"chr2-230209212-230210088","SP140",0.065429789481553
"chr12-10182373-10183252","GABARAPL1",0.0654266840672704
"chr1-28190330-28191179","SMPDL3B",0.065420016384694
"chr9-93028170-93029052","FGD3",0.0654124356705792
"chr19-54523087-54524008","NCR1",0.0654107837514783
"chr11-69444617-69445252","TPCN2",0.0654070425428329
"chrX-68666334-68667226","OPHN1",0.0654066334008781
"chr14-75383302-75384199","LINC01220",0.0653950527199259
"chr11-2268942-2269754","LSP1",0.0653946385698237
"chr17-81049830-81050701","BAIAP2",0.0653828612950557
"chr11-95641297-95642211","SESN3",0.0653805783357127
"chr17-4002002-4002891","ANKFY1",0.0653767634670736
"chr21-46097735-46098491","COL6A2",0.0653754133584053
"chr11-2812366-2813140","CDKN1C",0.0653732755686029
"chr14-75283766-75284470","JDP2",0.0653704023102988
"chr14-35398020-35398715","NFKBIA",0.065369115478486
"chr19-51761651-51762405","FPR1",0.0653667571157139
"chr2-84880658-84881470","DNAH6",0.065363459417267
"chr16-67109415-67110321","NAE1",0.0653633576558614
"chr11-85745380-85746257","SYTL2",0.0653632300411973
"chr12-51241851-51242678","SLC4A8",0.0653629403725381
"chr3-49350957-49351670","USP4",0.0653595665453564
"chr3-151329219-151329947","P2RY13",0.0653581200198301
"chr19-54606852-54607436","LILRB4",0.065357971159867
"chr6-42390059-42390965","TRERF1",0.0653577379194861
"chr2-20430701-20431513","RHOB",0.0653554067664521
"chr20-34875969-34876889","ACSS2",0.0653499077410844
"chr12-110649193-110650070","HVCN1",0.06534348497724
"chr3-45915506-45916403","CCR5",0.0653395333873846
"chr2-46547381-46547813","RHOQ",0.0653346958640623
"chr7-2734594-2735422","TTYH3",0.0653333888846977
"chr16-57591076-57591861","ADGRG1",0.0653332625287063
"chr12-109827878-109828786","ANKRD13A",0.065332585081288
"chr1-51170084-51170981","OSBPL9",0.0653237619298496
"chr11-95599919-95600589","SESN3",0.0653188143302227
"chr6-106844777-106845673","CD24",0.065317676675215
"chr11-118045990-118046861","KMT2A",0.0653135818256488
"chr5-172133077-172133988","STK10",0.0653100279622046
"chr3-121992437-121993284","EAF2",0.0653093109482621
"chr17-74786269-74787194","TMEM104",0.0653039146821829
"chr11-68302876-68303675","TCIRG1",0.0653008254121092
"chr1-212632964-212633878","BATF3",0.0652996612809222
"chr22-30260885-30261761","OSM",0.0652995003778897
"chr19-1180194-1181092","SBNO2",0.0652949360198226
"chr3-12999115-13000001","RAF1",0.0652943064121427
"chr20-32050923-32051727","TM9SF4",0.0652921182387114
"chr1-160104372-160105232","CASQ1",0.0652912696739599
"chr22-29385584-29386489","AP1B1",0.0652832205475659
"chr17-28951244-28952042","FAM222B",0.0652663857157639
"chr1-151992176-151992968","S100A11",0.065264008153541
"chr5-10735634-10736522","ANKRD33B",0.0652578646242775
"chr2-38709263-38710126","GALM",0.065253663366291
"chr2-213157021-213157944","IKZF2",0.0652488252100591
"chr19-7868954-7869897","CD320",0.0652454840274845
"chr19-54280445-54281381","LILRA2",0.0652452945711357
"chr3-196170569-196171445","NRROS",0.0652367620029107
"chr19-926651-927470","MIDN",0.0652338779051672
"chr4-3372651-3373542","RGS12",0.0652336969200349
"chr4-83138749-83139639","PLAC8",0.0652302244993578
"chr16-73065827-73066599","ZFHX3",0.065221907827696
"chr11-34371239-34372125","ABTB2",0.065220254472507
"chr7-115230818-115231740","MDFIC",0.0652173851919696
"chr14-73465837-73466564","PSEN1",0.065210190285141
"chr9-111038781-111039600","LPAR1",0.065207553739534
"chr9-127455336-127456198","SH2D3C",0.0652046882428959
"chr19-54606852-54607436","LILRA6",0.0652041426195822
"chr12-96377595-96378487","CDK17",0.0652026854620874
"chr6-26026868-26027636","HIST1H4C",0.0651961037893501
"chr5-128927369-128928253","FBN2",0.0651950079961286
"chr16-84897885-84898694","ZDHHC7",0.0651946586103016
"chr19-35210486-35211335","LSR",0.0651930397568237
"chr17-7094027-7094901","TNFSF13",0.0651892415257171
"chr2-174023771-174024659","SP3",0.0651882985536818
"chr16-3962596-3963451","CLUAP1",0.0651882410713748
"chr1-158809003-158809604","CD1E",0.0651875000745847
"chr17-31580353-31581253","NF1",0.0651849187781963
"chr7-110977059-110977965","LRRN3",0.065181040597721
"chr15-89782111-89782876","ANPEP",0.0651804978061131
"chrX-46912829-46913382","SLC9A7",0.0651775855961432
"chr12-92486441-92487364","C12orf74",0.0651748356543737
"chr21-42614537-42615318","PDE9A",0.0651746301200035
"chr9-137095465-137096343","NPDC1",0.0651723979923758
"chr7-134995169-134995996","AGBL3",0.0651719265375984
"chr14-49862521-49863340","RPL36AL",0.0651655562135
"chr21-31354360-31355283","TIAM1",0.0651633089113726
"chr2-53994489-53995325","SPTBN1",0.0651594767731926
"chr11-96307160-96307862","MAML2",0.0651585738078908
"chr17-1229299-1230219","SLC43A2",0.0651540474322268
"chr6-26103541-26104446","BTN3A2",0.0651540031324063
"chr8-42141417-42142190","KAT6A",0.0651518098390843
"chr17-82440331-82441228","SECTM1",0.0651511430968685
"chr17-35537323-35538171","SLFN5",0.0651469029343072
"chr3-56692723-56693512","ARHGEF3",0.0651435321097299
"chr1-15245683-15246489","EFHD2",0.0651421621113144
"chr4-14856135-14857036","CPEB2",0.0651364231936492
"chr17-50765229-50766104","ABCC3",0.0651220101732982
"chr19-4976080-4976960","PLIN3",0.0651202664599487
"chr2-161952501-161953329","DPP4",0.0651184744431035
"chr7-111029390-111030193","LRRN3",0.0651128211836756
"chr18-13381824-13382776","LDLRAD4",0.0651127357238755
"chr5-151643141-151644007","SLC36A1",0.0651050896385232
"chr12-9829268-9830237","KLRB1",0.065103399102143
"chr22-26642704-26643541","TPST2",0.0651002931748408
"chr2-8534562-8535484","MBOAT2",0.0651001205103382
"chr2-226772404-226773301","COL4A4",0.0650955092414725
"chr15-63282833-63283736","APH1B",0.0650936652929133
"chr14-89912485-89913381","FOXN3",0.0650908367113976
"chr5-160311961-160312821","CCNJL",0.0650879568933822
"chr8-19707793-19708666","CSGALNACT1",0.0650871145198062
"chr1-23619263-23620168","ID3",0.0650795560504044
"chr9-108815883-108816791","FRRS1L",0.0650791219681609
"chr12-9764551-9765435","KLRD1",0.0650776436685186
"chr4-139176151-139176830","ELF2",0.0650686202978156
"chr14-93044419-93045275","ITPK1",0.0650676933832489
"chr10-104586960-104587821","SORCS3",0.0650668929604489
"chr19-37978727-37979500","PPP1R14A",0.0650543814501343
"chr3-49344829-49345680","RHOA",0.0650490320424167
"chr2-181846249-181847149","ITGA4",0.0650453645728929
"chr13-99290774-99291566","GPR183",0.0650416288504505
"chr14-52247784-52248696","GNG2",0.0650400290369787
"chr10-7029990-7030861","SFMBT2",0.0650393010911621
"chr3-52920657-52921503","PRKCD",0.0650353458642473
"chr17-78645619-78646524","PGS1",0.0650298564255634
"chr19-54532300-54533182","LAIR2",0.065027783403171
"chr11-73283399-73284285","RELT",0.0650231041884941
"chr19-7655345-7656189","RETN",0.0650204151561467
"chr7-29985295-29986221","ZNRF2",0.0650108351817749
"chr4-38529160-38529982","TLR1",0.0650100195157128
"chr17-57046612-57047218","SCPEP1",0.0650093873921027
"chr22-26658512-26659446","MIAT",0.0650079655326732
"chr3-72628954-72629844","RYBP",0.0650031808159236
"chr16-11562755-11563552","LITAF",0.065001213087941
"chr21-38660401-38660947","ETS2",0.0649953874495961
"chr1-20604393-20605231","CDA",0.0649934903880157
"chr6-44932523-44933307","RUNX2",0.0649863496390583
"chr7-128954633-128955539","TSPAN33",0.0649840593249261
"chr19-54952239-54953149","LILRA2",0.0649837262124346
"chr21-42062193-42063081","ABCG1",0.0649811146555102
"chr17-1607069-1607996","CRK",0.0649792311409081
"chr12-52202895-52203792","ACVR1B",0.064977535099201
"chr1-206467701-206468607","MAPKAPK2",0.0649750434718273
"chr5-173885511-173886347","CPEB4",0.0649740002085499
"chr5-140261426-140262303","CYSTM1",0.0649707219263796
"chr9-99429992-99430874","NR4A3",0.0649678428615337
"chr17-19388817-19389701","ULK2",0.0649649237318109
"chr15-90914040-90914903","FES",0.0649622533383247
"chr11-34552094-34552959","EHF",0.0649494977542649
"chr12-52191899-52192790","NR4A1",0.0649442520618354
"chr8-100149860-100150876","COX6C",0.0649408018160667
"chr11-134068598-134069472","JAM3",0.0649380170581338
"chr4-159177883-159178668","FNIP2",0.064931734235784
"chr15-101167695-101168594","LRRK1",0.0649277353502803
"chr15-89825033-89825952","AP3S2",0.0649253844999688
"chr3-108125409-108126205","IFT57",0.0649238712657212
"chrX-48938521-48939323","PIM2",0.064923741700834
"chr1-17393011-17393875","PADI4",0.0649078425036414
"chr12-3950763-3951471","CCND2",0.064901172251149
"chr6-34484628-34485507","PACSIN1",0.0649004187122823
"chr16-67394623-67395508","ATP6V0D1",0.0648835523642015
"chr1-30750738-30751523","LAPTM5",0.0648697092324781
"chr11-9264951-9265835","DENND5A",0.0648667375578735
"chr2-218733444-218734326","TTLL4",0.0648636637570821
"chr19-35211729-35212543","FXYD5",0.064862344536314
"chr6-144156045-144156913","PLAGL1",0.0648613999565003
"chr20-12053093-12053966","BTBD3",0.0648596241504997
"chr17-8138569-8139432","CHD3",0.0648531002635653
"chr7-16758686-16759561","TSPAN13",0.0648510969191986
"chr9-95505673-95506480","PTCH1",0.0648502456158096
"chr18-24271441-24272354","OSBPL1A",0.0648478881426491
"chr5-138369335-138370133","FAM53C",0.0648404735825224
"chr10-71637771-71638679","C10orf105",0.0648099817470702
"chr10-79081184-79081899","ZMIZ1",0.0648067041609763
"chr17-78535131-78535952","CYTH1",0.0648016539596037
"chr16-85543759-85544671","GSE1",0.0647949861243955
"chr12-41188269-41189086","PDZRN4",0.064793602619328
"chr12-6132275-6133190","SCNN1A",0.0647925949933983
"chr20-23162073-23162917","CD93",0.0647925148175503
"chr19-45442612-45443375","RELB",0.0647905947715287
"chr2-181891408-181892203","ITGA4",0.0647836418635423
"chr3-16285927-16286760","RFTN1",0.0647817538075267
"chr6-53244709-53245583","ELOVL5",0.0647816236273511
"chr19-54247696-54248604","LILRA1",0.0647802920768337
"chr19-18972204-18973135","ELL",0.0647750975948778
"chr14-49862521-49863340","KLHDC2",0.0647642125288497
"chr19-22010465-22011296","ZNF676",0.0647549930375226
"chr6-85453207-85454094","NT5E",0.064754940432707
"chr17-83079122-83079960","METRNL",0.0647534835672597
"chr15-78938804-78939739","CTSH",0.064750110396434
"chr10-90051054-90051919","LINC01374",0.0647500067104739
"chr5-56909390-56910258","MAP3K1",0.0647473476817426
"chr1-77303222-77304116","AK5",0.0647412472004791
"chr17-45201697-45202584","PLEKHM1",0.0647390133275706
"chr1-183609020-183609912","SMG7",0.0647328255739901
"chr3-52238800-52239695","WDR82",0.0647250282668125
"chrX-2690757-2691662","CD99",0.064720058467546
"chr1-154609382-154610145","ATP8B2",0.0647168128106229
"chr17-1574172-1575049","ABR",0.0647069639931159
"chr10-5977281-5978162","IL2RA",0.0647038941091856
"chr1-161739847-161740592","FCGR2B",0.0646937095717566
"chr11-2560844-2561707","KCNQ1",0.0646890926534285
"chr5-109742775-109743634","MAN2A1",0.0646861058253547
"chr11-65898916-65899626","NEAT1",0.0646810689992071
"chr19-54660956-54661474","LILRB4",0.0646776779717763
"chr19-53979862-53980724","LILRB3",0.064673132378763
"chr3-43023912-43024828","SNRK",0.0646688712165743
"chr9-129887119-129887836","USP20",0.0646679520901671
"chr2-164876983-164877865","COBLL1",0.064662094329226
"chr20-58388739-58389597","GNAS",0.0646608340208379
"chr19-4089116-4089907","MATK",0.0646580850781438
"chr13-30607643-30608493","HMGB1",0.0646564205285589
"chr17-7889064-7889812","PER1",0.0646558348354939
"chr3-125163773-125164642","OSBPL11",0.0646540970552107
"chr10-88792419-88793297","LIPN",0.0646487910111834
"chrX-154347007-154347885","FLNA",0.0646436218169404
"chr3-187025048-187025858","ST6GAL1",0.0646428997024284
"chr13-80477739-80478615","SPRY2",0.064642179185403
"chr14-92263661-92264510","RIN3",0.064635471003023
"chr2-231425709-231426631","AC017104.6",0.064633908107885
"chr1-160711489-160712381","SLAMF6",0.0646274344787088
"chr3-138786470-138787394","PIK3CB",0.0646232034140236
"chr17-45170557-45171457","FMNL1",0.0646220479741861
"chr12-67069027-67069880","GRIP1",0.0646219455263768
"chr2-65064682-65065623","SPRED2",0.0645955084613452
"chr3-119322704-119323634","ARHGAP31",0.0645939167491974
"chr4-74374241-74375131","EREG",0.064587661052925
"chr13-40388596-40389397","MRPS31",0.064587649718238
"chr13-30371535-30372468","ALOX5AP",0.0645792791795043
"chr12-56299918-56300776","PA2G4",0.064577285819706
"chr16-53061460-53062392","CHD9",0.0645705727522894
"chr2-108957774-108958653","EDAR",0.0645703830525363
"chr3-194930150-194931003","ATP13A3",0.0645691093599226
"chr7-151923040-151923859","RHEB",0.0645673792316751
"chr20-53729357-53730241","BCAS1",0.0645559196743516
"chr16-56675520-56676411","MT1F",0.0645525724517249
"chr2-8511830-8512702","LINC00298",0.0645430663562595
"chr4-1186925-1187829","SPON2",0.0645420671043596
"chr11-4094312-4095199","STIM1",0.0645340486185909
"chr9-33446139-33446913","ANKRD18B",0.0645331342743433
"chr2-218370283-218371165","CYP27A1",0.0645288821542199
"chr12-10293297-10294185","KLRC2",0.0645230873254
"chr17-38925042-38925910","PLXDC1",0.0645135512262279
"chr11-44556534-44557367","CD82",0.0645002296264156
"chr2-237902237-237903096","RAMP1",0.0644995496049773
"chr7-36263903-36264787","EEPD1",0.0644983264252972
"chr1-37970016-37970416","POU3F1",0.0644967408029942
"chr9-37303354-37304040","ZCCHC7",0.0644932888356712
"chr19-54756052-54756914","LAIR2",0.0644891954475885
"chr1-151944246-151945009","S100A10",0.0644871869895677
"chr5-56159209-56160122","IL31RA",0.0644825400265336
"chr1-151989143-151990034","S100A10",0.0644749470573663
"chr12-100573230-100574102","UHRF1BP1L",0.0644738955694445
"chr7-130947915-130948797","AC016831.7",0.064472266015455
"chr5-83306356-83307257","TMEM167A",0.0644647835046522
"chr11-60377729-60378168","MS4A4A",0.0644645584277306
"chr17-1590084-1590937","PITPNA",0.0644637811329748
"chr3-53845794-53846680","CHDH",0.0644636204974307
"chr20-49768130-49769001","ZNFX1",0.0644614409105318
"chr14-75313188-75313972","JDP2",0.0644576632123663
"chr1-156126008-156126794","SEMA4A",0.0644570794445291
"chr19-10104405-10105260","EIF3G",0.0644524179240126
"chr12-26953209-26954078","ITPR2",0.0644516946980369
"chr2-17879259-17879937","GEN1",0.0644465842071877
"chr1-17465028-17465925","PADI4",0.0644406871418461
"chr13-99204475-99205366","GPR183",0.0644342780584708
"chr6-161356545-161357460","AGPAT4",0.0644276403478295
"chr20-1286410-1287234","SIRPG",0.0644207419411338
"chr10-14569388-14570243","FAM107B",0.0644183767348811
"chr1-44807340-44808163","PLK3",0.0644056644591268
"chr16-50696411-50697286","ADCY7",0.0644034163779819
"chr18-2646232-2647146","SMCHD1",0.0644017899033064
"chr10-46020760-46021607","NCOA4",0.0644012979721022
"chr3-43707662-43708384","ABHD5",0.0643908243615049
"chr16-19167386-19168233","SYT17",0.0643892732492427
"chr4-83316312-83317162","GPAT3",0.064386013586618
"chr10-6171610-6172458","PFKFB3",0.0643834495419374
"chr1-161216800-161217658","FCGR3A",0.0643778674315821
"chr8-65879120-65880015","DNAJC5B",0.0643773924628878
"chr3-121809011-121809884","SLC15A2",0.0643681662730887
"chr1-153518309-153519165","S100A9",0.0643648521410404
"chr1-152047790-152048690","S100A11",0.0643610822270692
"chr2-9537846-9538640","ADAM17",0.0643524054684575
"chr7-87590389-87591250","ABCB1",0.0643501665274345
"chr3-108806100-108807002","DZIP3",0.0643499365303204
"chr19-37506250-37507093","ZNF793",0.0643442937931035
"chr2-61763912-61764817","USP34",0.0643384840079264
"chr19-40579743-40580640","PLD3",0.0643348088362483
"chr12-107371986-107372897","BTBD11",0.0643341819893014
"chr16-57577586-57578423","KIFC3",0.0643317285108148
"chr7-101688046-101688951","CUX1",0.0643302367553502
"chr2-169050582-169051475","LRP2",0.0643261953117253
"chr12-12807927-12808791","DUSP16",0.0643259528719346
"chr13-46578465-46579155","RUBCNL",0.0643243595824167
"chr19-55075219-55076087","LILRB1",0.0643192401841246
"chr11-118088275-118089179","IL10RA",0.0643147236042214
"chr22-41217402-41218312","EP300",0.0643043300243225
"chr19-35330225-35331115","ZBTB32",0.0643014518895403
"chr1-46594907-46595781","MKNK1",0.0642986815176825
"chr12-26953209-26954078","STK38L",0.0642977648726998
"chr17-64448649-64449519","MILR1",0.0642977393972373
"chr22-37271051-37271914","NCF4",0.0642969036900612
"chr2-159615211-159616125","CD302",0.0642948727915022
"chr12-8985116-8985954","KLRG1",0.0642774050439321
"chr17-42928588-42929274","LINC00910",0.064273426828215
"chr22-35409845-35410764","HMOX1",0.0642654718651144
"chr16-27367463-27368383","NSMCE1",0.0642642158647705
"chr6-167020115-167020950","CCR6",0.0642629534747867
"chr4-89829260-89830160","SNCA",0.0642623674086491
"chr9-113520013-113520926","RGS3",0.0642600666036628
"chr2-102367153-102368001","IL18RAP",0.0642597623439416
"chr19-44635794-44636686","NECTIN2",0.064258967246917
"chr3-188153834-188154726","LPP",0.064258151693006
"chr19-45040313-45041043","VASP",0.0642538320304387
"chr18-13376727-13377567","LDLRAD4",0.0642496386287256
"chr4-8191008-8191895","SH3TC1",0.0642476779024065
"chr2-201448468-201449299","TRAK2",0.0642440561264056
"chr14-55107683-55108541","FBXO34",0.0642410577135727
"chr3-14418574-14419403","SLC6A6",0.0642383683292807
"chr13-71613046-71613950","DACH1",0.0642335777850108
"chr16-85062838-85063397","ZDHHC7",0.0642326364739929
"chr20-32050923-32051727","ID1",0.064231432697697
"chr2-8544786-8545643","ID2",0.0642210576268481
"chr22-36384700-36385611","MYH9",0.0642181734014004
"chr19-41195876-41196761","CYP2S1",0.0642152825571635
"chr11-126329310-126330221","ST3GAL4",0.0642151512904846
"chr1-36374361-36375070","STK40",0.0642145106271428
"chr22-45261870-45262674","KIAA0930",0.0642077385730139
"chr1-117003210-117004089","CD101",0.0642072675091517
"chr6-26157556-26158476","BTN3A1",0.0642028607494624
"chr19-41120746-41121658","TGFB1",0.0641944434652692
"chr16-57756934-57757813","ADGRG5",0.0641799799069961
"chr13-99087313-99088187","GPR18",0.0641794898250319
"chr5-139565194-139566090","UBE2D2",0.0641727941610393
"chr6-32271169-32272064","HLA-DQA2",0.064168315760093
"chr2-217902392-217903285","GPBAR1",0.0641649166764754
"chr15-92803677-92804556","FAM174B",0.0641581335117805
"chr14-91418762-91419536","CCDC88C",0.0641567746187598
"chr5-160289568-160290270","CCNJL",0.0641555738133263
"chr8-1772802-1773634","CLN8",0.0641540778495437
"chr8-95165101-95165996","NDUFAF6",0.064153457363595
"chr10-32378462-32379262","EPC1",0.0641531757641368
"chr12-10602523-10603345","KLRC4",0.0641529915870774
"chr19-6489233-6490139","TNFSF9",0.0641504167697984
"chr2-17804115-17805019","GEN1",0.0641457740882274
"chr20-1535517-1536358","SIRPD",0.0641456805691524
"chr8-125593792-125594676","TRIB1",0.0641433450227324
"chr1-236415922-236416810","EDARADD",0.0641432689045655
"chr1-205593340-205594209","NUCKS1",0.0641423714150968
"chr5-150045763-150046582","PDGFRB",0.0641396846346625
"chr2-241863191-241864117","PDCD1",0.0641365385779711
"chr1-1629782-1630675","MMP23B",0.0641348173199854
"chr2-181937218-181938113","ITGA4",0.0641319821699764
"chr17-41786369-41787220","JUP",0.0641316926537231
"chr6-33029148-33030010","HLA-DQB2",0.0641207172095506
"chr16-12019734-12020591","SNX29",0.0641190945071268
"chr1-116752858-116753553","CD2",0.0641190199771614
"chr4-26319055-26319949","RBPJ",0.0641188959178634
"chr15-38241748-38242626","SPRED1",0.064116652762481
"chr5-157541685-157542325","ADAM19",0.0641136142441953
"chr4-40377536-40378437","CHRNA9",0.0641104785643465
"chr5-139847864-139848756","CXXC5",0.0641027946409764
"chr2-60468531-60469375","BCL11A",0.0640998258458451
"chr20-32154901-32155818","PLAGL2",0.0640982385298783
"chr16-81836540-81837281","PLCG2",0.0640976045761236
"chr10-7120888-7121798","SFMBT2",0.0640962042290336
"chr6-137811188-137812039","TNFAIP3",0.0640942685697939
"chr20-23048482-23049118","CD93",0.0640908562669994
"chr16-68275508-68276437","SLC7A6",0.0640898000437647
"chr15-66832423-66833197","MAP2K1",0.0640823630301576
"chr1-171251174-171252065","MROH9",0.064079952919276
"chr14-95706980-95708024","TCL1B",0.0640799403048511
"chrX-39261264-39262127","LINC01281",0.0640738536936416
"chr4-153134638-153135410","TMEM154",0.0640737053815893
"chr1-21782921-21783756","ECE1",0.0640674911615486
"chr2-43158611-43159473","ZFP36L2",0.0640625675508243
"chr20-49323463-49324381","B4GALT5",0.0640607130631733
"chr17-1095036-1095903","VPS53",0.0640604123475349
"chr17-1577035-1577871","SCARF1",0.06405901677535
"chr2-8303261-8304160","ID2",0.0640547032775819
"chr6-119078366-119079248","FAM184A",0.0640509439517688
"chr4-83217431-83218340","PLAC8",0.0640480041092528
"chr10-12264085-12264964","DHTKD1",0.0640477676384526
"chr6-31097283-31098124","LINC00243",0.0640431986993378
"chr2-63855961-63856856","UGP2",0.0640422292409008
"chr2-241095356-241096252","MTERF4",0.0640418166309048
"chr7-73578298-73579217","BAZ1B",0.0640405949460521
"chr2-109348684-109349573","SH3RF3",0.0640354156903338
"chr14-31944764-31945507","ARHGAP5",0.0640343669191782
"chr2-172510331-172511146","PDK1",0.0640276572643257
"chr2-11750205-11751098","LPIN1",0.0640179180147204
"chr15-58139699-58140591","ALDH1A2",0.0640137941901346
"chr2-230204756-230205666","SP100",0.0640071531476643
"chr18-48814962-48815596","SMAD7",0.0640051455579257
"chr8-42147669-42148551","AP3M2",0.0640034079321498
"chr14-51846878-51847662","PTGDR",0.064003393365546
"chr20-40690058-40690664","TOP1",0.0640012708350891
"chr9-83470948-83471814","FRMD3",0.0639997143708067
"chr1-220880973-220881844","HLX",0.0639943461307676
"chr1-161097457-161098226","SLAMF1",0.0639915213846609
"chr19-54018758-54019504","VSTM1",0.063981658590916
"chr9-121271720-121272586","GSN",0.0639811348676417
"chr19-6669699-6670522","TNFSF14",0.0639743142510941
"chr22-39205372-39206231","PDGFB",0.0639692136397908
"chr13-28523693-28524578","FLT3",0.0639645566394071
"chr1-25677131-25677891","MAN1C1",0.0639632356236416
"chr11-3036153-3036970","CDKN1C",0.0639607123779063
"chr1-15415772-15416702","PLEKHM2",0.0639602400611594
"chr21-41419928-41420811","MX1",0.0639558753310329
"chr16-84826877-84827788","CRISPLD2",0.0639528062085022
"chr12-122400347-122401191","CLIP1",0.0639472414196241
"chr12-92141359-92142251","LINC01619",0.0639460905931044
"chr1-27779572-27780256","IFI6",0.0639392512985975
"chr8-127169674-127170536","CASC19",0.0639387099442358
"chr17-36066287-36067186","CCL3",0.0639260029533159
"chr3-141529790-141530665","RASA2",0.0639220271254482
"chr17-73311735-73312587","SLC39A11",0.0639200762200529
"chr22-19687715-19688609","CLTCL1",0.0639172600286814
"chr9-89387983-89388884","S1PR3",0.063913004274324
"chr9-134173802-134174635","VAV2",0.0639081816743685
"chr13-19957045-19957780","MPHOSPH8",0.0639072937939792
"chr6-16731154-16732038","ATXN1",0.0639063796712613
"chr6-158564591-158565469","TMEM181",0.0639004940548517
"chr19-20077520-20078388","ZNF506",0.0638976620713248
"chr2-17749560-17750457","SMC6",0.0638937395656009
"chr7-150801125-150801809","TMEM176B",0.063891492958051
"chr2-55530278-55531217","CFAP36",0.063891102407744
"chr12-26122100-26122971","SSPN",0.0638871774663857
"chr16-10580133-10580956","CIITA",0.0638822472963105
"chr6-6686664-6687574","RREB1",0.0638779455920993
"chr15-88627188-88628091","HAPLN3",0.0638741604024719
"chr4-38816187-38817004","TLR10",0.0638673692876532
"chr4-39631703-39632308","SMIM14",0.0638656170948421
"chr17-81326691-81327540","BAHCC1",0.0638613636443068
"chr3-108125409-108126205","LINC01215",0.063858777023345
"chr14-51867531-51868359","PTGDR",0.0638573463631624
"chr4-98639212-98640085","TSPAN5",0.0638500552780549
"chr6-53335200-53336113","ELOVL5",0.0638496376246742
"chr9-72393755-72394643","LINC01504",0.0638471262245354
"chr6-33073244-33074127","HLA-DOA",0.0638389601456911
"chr5-173778645-173779117","CPEB4",0.0638228844276607
"chr2-1140141-1140998","LINC01115",0.0638218608979955
"chr19-54905621-54906524","NLRP7",0.0638211520200144
"chr20-32068571-32069491","PLAGL2",0.0638193090060365
"chr6-26157556-26158476","BTN3A2",0.0638145387402472
"chr2-37828915-37829815","CYP1B1",0.0638143905835516
"chr17-74567164-74568012","CD300C",0.063813024299716
"chr1-32798734-32799648","YARS",0.0638114194305914
"chr10-23191498-23192248","ARMC3",0.063806238632877
"chr5-150065685-150066486","PPARGC1B",0.0638006111057257
"chr19-54642823-54643488","LILRB4",0.0637984631553143
"chr6-36947633-36948548","PI16",0.0637922754450303
"chr2-171521965-171522881","CYBRD1",0.0637827313167612
"chr8-66113893-66114635","MTFR1",0.0637774290621483
"chr7-106057900-106058638","SYPL1",0.0637774289244782
"chr19-54280445-54281381","LILRA5",0.0637755907783826
"chr16-996409-997205","LMF1",0.0637737755377817
"chr3-53518992-53519686","CACNA1D",0.0637735893527547
"chr11-66115347-66116250","CFL1",0.0637718129080641
"chr10-98322939-98323847","R3HCC1L",0.0637673273613673
"chr9-131678317-131679157","RAPGEF1",0.0637635793618212
"chr17-28371217-28371945","SARM1",0.0637602184693117
"chr1-63828088-63828965","ROR1",0.0637599242857637
"chr16-84810638-84811511","ZDHHC7",0.0637584454760557
"chr1-3531006-3531864","MEGF6",0.0637501718058046
"chr22-46734791-46735704","CELSR1",0.0637481244141929
"chr11-73271805-73272656","RELT",0.0637466330576524
"chr8-95142599-95143500","NDUFAF6",0.0637423734140571
"chr9-37293668-37294547","EBLN3P",0.0637379640595016
"chr21-43575379-43576059","AGPAT3",0.0637364175175069
"chr10-11677870-11678701","DHTKD1",0.0637352788648585
"chr4-71123743-71124668","SLC4A4",0.0637342710417072
"chr5-140261426-140262303","HBEGF",0.0637297619593687
"chr17-2222719-2223638","RPA1",0.0637283539390356
"chr19-947448-948346","CFD",0.0637278396324215
"chr18-9090860-9091772","NDUFV2",0.0637274554681135
"chr7-152313763-152314649","KMT2C",0.0637261564174371
"chr18-54260403-54261232","MBD2",0.063714314600694
"chr6-148693662-148694548","UST",0.0637117124993848
"chr22-42431978-42432884","NAGA",0.0637071309797528
"chr4-38655078-38655827","KLF3-AS1",0.0637057413495401
"chr13-46982972-46983796","LRCH1",0.0637045836518327
"chr19-57109487-57110316","AURKC",0.0637036297349555
"chr10-97353751-97354648","UBTD1",0.0637021417590508
"chr4-6807076-6807968","TBC1D14",0.0636997404149854
"chr5-177545166-177545993","DOK3",0.0636961551942498
"chr19-11092743-11093523","TSPAN16",0.0636909890019174
"chr2-85428359-85429225","ST3GAL5",0.063689008995944
"chr6-30719763-30720582","HLA-E",0.0636805522086772
"chr8-19904389-19905300","SLC18A1",0.0636802588766008
"chr1-155970338-155971209","SEMA4A",0.0636795352446151
"chr19-10305241-10306120","ICAM1",0.0636767263594895
"chr21-41419928-41420811","MX2",0.0636716769227134
"chr19-6521825-6522678","CD70",0.0636674164539245
"chr18-7957010-7957782","PTPRM",0.0636539692393105
"chr10-79241995-79242642","ZMIZ1",0.063645167584014
"chr5-1480120-1480756","SLC12A7",0.0636436593772335
"chr2-240832027-240832923","PASK",0.0636363848506101
"chr16-75555828-75556688","TERF2IP",0.0636314149235334
"chrX-39335422-39336205","LINC01281",0.0636301968548261
"chr17-65047696-65048566","GNA13",0.0636289992337101
"chr6-47252489-47252934","TNFRSF21",0.0636289796707063
"chr16-85750723-85751609","IRF8",0.0636229692354213
"chr9-97921922-97922830","ANP32B",0.0636194631495565
"chr7-2261379-2262280","AMZ1",0.0636191416227648
"chr8-24295333-24296171","ADAM28",0.0636185985425095
"chr12-10357792-10358599","KLRD1",0.0636179029301714
"chr4-86981502-86982385","PTPN13",0.0636163480074834
"chr1-25473430-25474269","MAN1C1",0.0636100659743873
"chr8-16423158-16424052","MSR1",0.0636026354770243
"chr18-13215889-13216730","LDLRAD4",0.0636025542958709
"chr6-26284960-26285897","HIST1H4C",0.0635886592384194
"chr6-33080505-33081227","HLA-DPB1",0.063575146221668
"chr10-45373664-45374464","ALOX5",0.0635710229217358
"chr11-66970555-66971460","GRK2",0.063570069389232
"chr1-118038871-118039739","GDAP2",0.063566930657364
"chr11-3216920-3217791","OSBPL5",0.0635652466397681
"chr5-1503251-1504093","LPCAT1",0.0635581197927133
"chr5-96875970-96876774","ERAP2",0.063557998594703
"chr4-38503714-38504533","TLR10",0.0635551122234373
"chr19-6104650-6105481","RFX2",0.0635544274254441
"chr2-179021111-179021879","TTN",0.0635541655338864
"chr18-54269131-54270021","MBD2",0.0635508410001382
"chr1-39936461-39937363","PPT1",0.0635496907684159
"chr10-58512647-58513235","BICC1",0.0635381229940864
"chr20-47473196-47474084","NCOA3",0.0635338353032559
"chr9-93115745-93116650","FAM120A",0.063529593899518
"chr19-31348911-31349812","TSHZ3",0.0635268311615619
"chr6-26103541-26104446","HIST1H4C",0.0635226656419465
"chr2-38653579-38654331","HNRNPLL",0.0635217428743828
"chr12-116878311-116879109","HRK",0.0635200868798448
"chr12-25333598-25334519","LRMP",0.0635099002348199
"chr15-64881922-64882747","PLEKHO2",0.063504222273697
"chr2-38178749-38179592","CDC42EP3",0.0635032844800316
"chr19-51750306-51751012","FPR1",0.0635013838769478
"chr2-178190847-178191722","OSBPL6",0.0635005433280282
"chr1-154157490-154158360","HAX1",0.0634927976607399
"chr3-190585521-190586394","IL1RAP",0.0634892466907324
"chr8-94978615-94979471","NDUFAF6",0.0634887649425568
"chr3-50254648-50255537","GNAI2",0.063485944073317
"chr4-102826561-102827350","NFKB1",0.063485355812201
"chr9-113205736-113206275","FKBP15",0.0634832599176997
"chr12-10027460-10028345","OLR1",0.0634826047645311
"chr22-35380646-35381546","HMOX1",0.0634788572263137
"chr3-114307183-114308057","TIGIT",0.0634775599921718
"chr8-17697148-17698051","PCM1",0.0634722432455839
"chr8-141366794-141367622","DENND3",0.0634709909282511
"chr11-34208214-34209125","ABTB2",0.0634675330780954
"chr5-157566818-157567721","HAVCR2",0.0634649794832476
"chr22-29310742-29311641","GAS2L1",0.0634649257407522
"chr18-58014797-58015689","ATP8B1",0.0634639813835492
"chr3-188186865-188187736","LPP",0.0634632032273717
"chr4-11338929-11339859","HS3ST1",0.0634615627359241
"chr2-26008681-26009559","HADHB",0.0634597666493927
"chr14-92725932-92726792","ITPK1",0.0634588837377769
"chr9-74322651-74323517","RORB",0.0634577942292537
"chr19-39398328-39398865","SAMD4B",0.0634535811141903
"chr6-33200248-33201081","PHF1",0.0634533482546299
"chr3-196545-197322","CHL1",0.0634525119563057
"chr20-57480619-57481427","PMEPA1",0.0634524595404549
"chr19-54905621-54906524","KIR3DL1",0.0634516930517104
"chr1-223825582-223826498","TP53BP2",0.0634507546112107
"chr18-69876380-69877189","DOK6",0.0634419927811642
"chr5-54881108-54881985","GZMA",0.0634349995978601
"chr10-115093761-115094362","ATRNL1",0.06343106386978
"chr5-181217904-181218743","RACK1",0.0634237366664132
"chr12-62785748-62786648","PPM1H",0.0634233969096838
"chr20-1702131-1702969","SIRPD",0.0634232596379257
"chr20-8094572-8095445","TMX4",0.0634190819476826
"chr1-158830873-158831767","AIM2",0.0634176897421325
"chr1-153773192-153774033","TPM3",0.0634093129704596
"chr3-12356723-12357631","RAF1",0.0634092563335379
"chr5-132387581-132388288","SLC22A4",0.0634092034198331
"chr7-121369197-121370044","FAM3C",0.0634036829850813
"chr3-58196203-58197102","PXK",0.063400004171008
"chr12-29206849-29207711","FAR2",0.0633840377223477
"chr10-93600752-93601587","MYOF",0.0633797505400217
"chr16-88194585-88194952","ZNF469",0.0633791492234563
"chr6-3454861-3455772","SLC22A23",0.0633752345114304
"chr12-50517384-50518291","DIP2B",0.0633745277048986
"chr1-12152997-12153892","AGTRAP",0.0633590451672385
"chr11-114147604-114148487","ZBTB16",0.0633528829213192
"chr12-6646964-6647826","LTBR",0.0633463431552411
"chr11-118316400-118317287","MPZL3",0.063341600577604
"chr1-220878978-220879796","HLX",0.0633367204700557
"chr14-50113249-50114150","LINC01588",0.0633346797059288
"chr4-38653984-38654838","KLF3",0.0633345091041183
"chr7-6424101-6425006","DAGLB",0.0633328597043472
"chr11-64448134-64448696","CCDC88B",0.0633322594209834
"chr5-150112764-150113639","CSF1R",0.0633304820788118
"chrX-67546036-67546889","AR",0.0633231136734456
"chr3-16309300-16310193","RFTN1",0.0633183313991762
"chr16-28930434-28931331","RABEP2",0.0633118206917247
"chr8-22747546-22748381","TNFRSF10B",0.0633089235096111
"chr17-30728263-30729179","NF1",0.0633085398390609
"chr9-37027276-37028183","EBLN3P",0.0633030231735396
"chr1-109619287-109620111","SORT1",0.0632952581430206
"chr3-98764341-98765098","ST3GAL6",0.0632910083983317
"chr7-64665714-64666542","ZNF107",0.0632881831887032
"chr1-220777912-220778816","MARC1",0.0632858060564902
"chr2-98771538-98772416","INPP4A",0.0632806234985335
"chr11-14308528-14309370","RRAS2",0.0632805167108501
"chr16-4515509-4516390","MGRN1",0.0632784219374864
"chr12-9606350-9607122","A2M",0.0632783947935105
"chr5-83374365-83375218","XRCC4",0.0632772939168308
"chr2-8310416-8311272","ID2",0.0632566822735291
"chr2-85132915-85133839","TCF7L1",0.0632531485070325
"chr8-12757319-12758235","LONRF1",0.0632517622600442
"chr7-150787420-150788313","SMARCD3",0.0632487174119078
"chr20-25056931-25057751","CST7",0.0632455381962947
"chr2-152418377-152419241","FMNL2",0.0632403253073534
"chr8-89759048-89759830","DECR1",0.0632394355715602
"chr10-11557375-11558203","USP6NL",0.0632391357936563
"chr1-207453998-207454794","CR2",0.0632365132785703
"chr10-450717-451623","ZMYND11",0.063229824585323
"chr17-39967193-39968027","RARA",0.0632268650436757
"chr11-118895353-118896219","CXCR5",0.0632081598208852
"chr2-218360151-218361066","CYP27A1",0.0632063844061172
"chr14-103121263-103122146","EIF5",0.0631925361985989
"chr20-829337-830088","FAM110A",0.0631916501028213
"chr10-89256064-89256728","ANKRD22",0.0631914276137543
"chr3-134363992-134364768","SLCO2A1",0.0631882380085955
"chr13-99351535-99352392","CLYBL",0.0631866216726853
"chr16-50709047-50709754","NOD2",0.0631815073989056
"chr8-70540452-70541166","NCOA2",0.0631800495285662
"chr10-6036735-6037553","IL2RA",0.0631797777849925
"chr7-22672665-22673521","AC002480.2",0.0631769947258462
"chr12-109847008-109847829","GIT2",0.0631702575111756
"chr4-7939410-7940284","AFAP1",0.0631693760946455
"chr1-9724712-9725552","PIK3CD",0.0631655785889467
"chr11-73283399-73284285","ATG16L2",0.0631648025809083
"chr2-109127857-109128677","EDAR",0.0631621775066249
"chr2-230873504-230874189","ITM2C",0.0631572100108808
"chr5-154734401-154735283","LARP1",0.0631561885967076
"chr12-10303839-10304712","KLRC4",0.063155813155486
"chr19-54364590-54365447","MBOAT7",0.0631551475888439
"chr11-114185144-114186031","USP28",0.0631533327590675
"chr8-143454353-143455243","ZC3H3",0.0631500941764572
"chr11-14326934-14327824","RRAS2",0.0631438976261625
"chr22-44172166-44173048","PARVG",0.0631370803393391
"chr19-6999917-7000635","INSR",0.0631344490394266
"chr9-76023608-76024505","PCSK5",0.0631343874236307
"chr14-105859537-105860463","CRIP1",0.0631312196216871
"chr6-42928982-42929848","KLHDC3",0.0631304638400955
"chr2-68467021-68467934","ARHGAP25",0.0631300965347151
"chr9-136978036-136978961","EDF1",0.0631203636508145
"chr11-17640413-17641319","ABCC8",0.0631187697469511
"chr19-10333092-10333946","ILF3",0.0631187419276094
"chr18-62331556-62332098","TNFRSF11A",0.0631166754153111
"chr7-150974249-150975148","GIMAP2",0.0631158279020992
"chr1-221098736-221099614","HLX",0.0631114440794082
"chr20-1537422-1538182","SIRPD",0.0631099737625312
"chr1-28139116-28139971","STX12",0.0630986781659444
"chr22-46942466-46943267","TBC1D22A",0.0630953355361795
"chr20-34338020-34338907","ITCH",0.0630950180155774
"chr10-62373870-62374756","ZNF365",0.0630902204255329
"chr11-640280-641114","IRF7",0.0630899541088911
"chr19-45311388-45312298","NECTIN2",0.0630886209133717
"chr17-1111676-1112250","ABR",0.0630884701414253
"chr11-114215713-114216516","ZBTB16",0.0630828844665873
"chr1-12152997-12153892","CLCN6",0.0630803433060191
"chr7-158812433-158813326","ESYT2",0.063074419371398
"chr16-27449634-27450507","IL4R",0.0630646279154194
"chr2-9702996-9703782","YWHAQ",0.0630626397158692
"chr2-203945205-203946053","ICOS",0.0630540040829212
"chr11-133927444-133928270","IGSF9B",0.0630480133793508
"chr11-67924881-67925787","NUDT8",0.0630420310190976
"chr14-95456745-95457624","TCL6",0.0630377629096404
"chr6-161375229-161376098","AGPAT4",0.0630361665808015
"chr10-112852006-112852885","VTI1A",0.0630310153776771
"chr11-64916906-64917802","SF1",0.0630229283129635
"chr6-6377500-6378348","F13A1",0.0630192639407968
"chr16-85137167-85138062","GSE1",0.0630050216085337
"chr17-74599199-74599994","TTYH2",0.063002285481036
"chr20-23126420-23127253","CD93",0.0629987069759572
"chr17-30972127-30972938","NF1",0.0629982865188867
"chr3-121994926-121995824","EAF2",0.0629978637062955
"chr6-45433926-45434778","RUNX2",0.0629943563368318
"chr13-24752031-24752639","CENPJ",0.0629920686148141
"chr14-64209296-64210175","SGPP1",0.0629892820166565
"chr11-72815492-72816296","ARAP1",0.0629856939754908
"chr17-74712648-74713532","CD300C",0.0629853225716571
"chr3-67655431-67656296","SUCLG2-AS1",0.0629820602756752
"chr6-134631722-134632595","SGK1",0.0629735340090711
"chr17-64272722-64273594","TEX2",0.0629699272671612
"chr22-36913138-36914029","NCF4",0.0629662671434109
"chr20-63612078-63612959","DNAJC5",0.0629545464537186
"chr4-158120859-158121724","TMEM144",0.0629487101233765
"chr10-89296102-89296898","IFIT2",0.0629342387863215
"chr16-21540789-21541631","CRYM",0.062933641791112
"chr19-54100414-54101291","LILRA1",0.0629318249625684
"chr14-97777286-97778044","LINC01550",0.062928688344072
"chr12-6550115-6550991","LTBR",0.0629282708010397
"chr3-188588800-188589671","LPP",0.0629260918301821
"chr1-157956880-157957545","CD1C",0.0629243237450122
"chr3-69353300-69354213","MITF",0.0629239308020593
"chr10-92689426-92690228","CPEB3",0.0629200915006305
"chr12-29782274-29783135","TMTC1",0.0629197519104991
"chr17-68312291-68313175","ARSG",0.0629166363711627
"chr5-177429023-177429929","DOK3",0.0629128209925192
"chr11-60953682-60954250","SLC15A3",0.0629089145800114
"chr7-85186409-85187307","SEMA3D",0.0629006019561791
"chr19-49779851-49780720","ATF5",0.0629005022825853
"chr17-82216336-82217195","CSNK1D",0.0628960177273789
"chr10-94403290-94404185","TBC1D12",0.0628928558897961
"chr3-142275621-142276458","XRN1",0.0628928361014515
"chr1-154181937-154182716","TPM3",0.062890175729853
"chr3-9792325-9793280","SETD5",0.0628882705173542
"chr4-74659481-74660345","EREG",0.0628856587339175
"chr19-40748323-40749202","BLVRB",0.0628802789058535
"chr19-20166771-20167639","ZNF626",0.062874268451181
"chr9-136066883-136067794","CARD9",0.0628697278800707
"chr6-32657980-32658909","HLA-DQA2",0.0628652578652594
"chr6-158026212-158027124","SNX9",0.0628637083795541
"chr3-186997388-186998197","ST6GAL1",0.0628500108833608
"chr19-41233497-41234387","CYP2S1",0.062848011812811
"chr15-41660087-41661021","MGA",0.0628472436616368
"chr1-151666687-151667567","C2CD4D",0.0628384535345565
"chr6-45310181-45311065","RUNX2",0.0628372779030405
"chr14-35375471-35376275","NFKBIA",0.0628338726164996
"chr21-15437962-15438334","MIR99AHG",0.0628335463764672
"chr16-1208006-1208926","CACNA1H",0.0628290205853014
"chr19-14510529-14511459","PRKACA",0.0628257303440726
"chr15-100338719-100339585","ADAMTS17",0.0628234442009793
"chr2-98693389-98694191","MGAT4A",0.0628180847847141
"chr14-75427519-75428389","LINC01220",0.0628126944408546
"chr17-19386198-19387078","ULK2",0.0628125086942473
"chr17-1586810-1587718","CRK",0.0628122934447316
"chr20-59750821-59751634","MIR646HG",0.062809435456127
"chr7-115087-116014","FAM20C",0.0628077033585777
"chr16-85916258-85917159","IRF8",0.0628042649075572
"chr13-94967637-94968473","DCT",0.0627968427714195
"chr20-32034439-32035295","ID1",0.0627961169928733
"chr22-37533733-37534639","LGALS1",0.0627912011845938
"chr10-6192115-6193026","IL15RA",0.0627905768795531
"chr22-50303622-50304072","ODF3B",0.0627901892671821
"chr17-65561167-65561947","AXIN2",0.0627873351044231
"chr1-203764702-203765559","LAX1",0.0627691406170336
"chr5-132293771-132294464","SLC22A4",0.0627636908602473
"chr19-6601329-6602199","CD70",0.0627577846296391
"chr2-162261024-162261775","GCA",0.0627577125599311
"chr17-50640577-50641470","SPAG9",0.0627515209337879
"chr5-140261426-140262303","SRA1",0.0627448095884824
"chr12-10186114-10186944","CLEC1B",0.0627438960096281
"chr16-85750723-85751609","C16orf74",0.0627394362932085
"chr13-41458528-41459310","RGCC",0.0627354007914734
"chr22-37158293-37159125","IL2RB",0.0627252464661772
"chr7-116583470-116584356","CAV1",0.0627251144727451
"chr9-136965637-136966558","NPDC1",0.0627236412914964
"chr1-109113606-109114463","PRPF38B",0.0627220968129536
"chr7-87933744-87934663","ADAM22",0.0627166659619189
"chr2-10448036-10448903","ODC1",0.0627095369250158
"chr13-99365745-99366600","GPR183",0.0627087608900442
"chr16-67517768-67518613","DUS2",0.0627087066302151
"chr20-32034439-32035295","PLAGL2",0.0627077514884939
"chr2-217934393-217935147","GPBAR1",0.0627027922718491
"chr16-3187523-3188344","CLUAP1",0.0627025239874507
"chr19-7294016-7294908","STXBP2",0.0626996324116657
"chr13-48660332-48661205","CYSLTR2",0.0626993929951805
"chr11-14759309-14760138","PSMA1",0.0626984317058017
"chr6-33895026-33895938","GRM4",0.0626918967145526
"chr11-60835196-60836075","MS4A14",0.0626884875275597
"chr16-3857084-3857927","CREBBP",0.0626857440506065
"chr9-20360325-20361022","MLLT3",0.062676250595121
"chr17-82317092-82317979","CCDC57",0.0626757336463223
"chr3-45944660-45945490","CXCR6",0.0626727242001576
"chr3-119637587-119638365","GSK3B",0.0626719155277598
"chr1-206834500-206835409","MAPKAPK2",0.0626565894921576
"chr4-101801745-101802608","PPP3CA",0.0626548308670699
"chr1-48244865-48245748","SPATA6",0.0626529548826282
"chr3-142723658-142724497","TRPC1",0.0626514218285484
"chr12-10389614-10390434","KLRD1",0.062650652532756
"chr17-35890480-35891380","HEATR9",0.0626479618145009
"chr12-6416376-6417237","TNFRSF1A",0.0626477169075047
"chr19-19214797-19215626","NCAN",0.0626425487957633
"chr11-60182586-60183401","MS4A4E",0.0626391427282659
"chr1-28112579-28113451","STX12",0.062638723117916
"chr5-55021170-55021911","ESM1",0.0626324478815794
"chr1-160522677-160523508","LY9",0.0626280992580583
"chr2-132415959-132416799","GPR39",0.0626203279301247
"chr1-154715730-154716567","IL6R",0.0626199108216087
"chr19-18380050-18380886","LRRC25",0.0626191720735215
"chr1-156114124-156115057","SEMA4A",0.062616250370687
"chr1-206034781-206035696","SLC45A3",0.0626146819164071
"chr2-20676763-20677534","GDF7",0.0626134918913656
"chr2-172970403-172971276","PDK1",0.0626131598684324
"chr19-51224610-51225511","CD33",0.0626123610376502
"chr11-74776443-74777262","CHRDL2",0.0626099473927922
"chr12-10558958-10559849","STYK1",0.0626091086240932
"chr7-77560889-77561703","PTPN12",0.0625999871079376
"chr18-58551758-58552631","ZNF532",0.0625971675197471
"chr1-67336621-67337394","IL12RB2",0.062594224950554
"chr9-128030725-128031632","AK1",0.0625899637966876
"chr11-65117350-65118222","SF1",0.0625882787730271
"chr22-43146201-43146921","PACSIN2",0.0625868125448357
"chr2-197499649-197500571","HSPD1",0.0625729969150212
"chr19-31316190-31317041","TSHZ3",0.0625706653244618
"chr16-50695335-50696092","ADCY7",0.0625660569282515
"chr4-8198697-8199569","SH3TC1",0.062560729150677
"chr11-2898462-2899322","KCNQ1",0.0625561886208545
"chr1-25677131-25677891","LDLRAP1",0.0625559691154382
"chr2-217928301-217929216","GPBAR1",0.0625547263730173
"chr2-102489420-102490282","IL18RAP",0.0625512711455869
"chr4-169079822-169080765","SH3RF1",0.0625481808302483
"chr17-68312291-68313175","WIPI1",0.0625478749362843
"chr7-74230266-74230958","CLIP2",0.0625441334412397
"chr22-35376667-35377573","APOL6",0.06254122687803
"chr3-128432669-128433568","GATA2",0.0625404694155047
"chr11-2681279-2682118","CDKN1C",0.0625385767847481
"chr19-7656831-7657719","MCOLN1",0.062537209457936
"chr17-74442637-74443531","CD300LF",0.0625364078227027
"chr3-32371262-32372124","CMTM8",0.0625333487563748
"chr18-3458303-3459006","MYL12A",0.0625203066634525
"chr9-4339070-4339968","GLIS3",0.0625105847754321
"chr14-63745743-63746634","SGPP1",0.0625003795666353
"chr3-37979785-37980676","OXSR1",0.062499879052628
"chr15-67175471-67176382","SMAD3",0.0624981106932075
"chr19-18501557-18502266","IFI30",0.0624967440586066
"chr1-1219108-1219988","TNFRSF4",0.0624955929257146
"chr10-95741664-95742534","PDLIM1",0.0624952755083339
"chr4-150039629-150040440","DCLK2",0.062495083883814
"chr11-61972607-61973320","BEST1",0.0624868193161338
"chr2-169072019-169072911","DHRS9",0.0624862052680659
"chr9-133823485-133824302","VAV2",0.062479774326554
"chr6-130365924-130366590","TMEM200A",0.0624786032232493
"chr16-4488223-4489075","HMOX2",0.0624785727106242
"chr12-104957971-104958887","SLC41A2",0.062476968500715
"chr3-30693225-30694083","TGFBR2",0.0624729482331414
"chrX-10198944-10199847","CLCN4",0.0624670137693656
"chr14-55107683-55108541","LGALS3",0.0624622938004884
"chr1-161083173-161084092","HSPA6",0.0624488993588692
"chr11-350398-351327","IFITM1",0.0624429240458355
"chr12-10849195-10850084","STYK1",0.0624405798483017
"chr16-87383415-87384310","KLHDC4",0.0624388682232051
"chr3-52779169-52780097","TKT",0.0624386661376592
"chr13-76886016-76886922","MYCBP2",0.062438583166962
"chr19-51339625-51340442","CD33",0.0624309249023398
"chr9-4596303-4597184","SPATA6L",0.0624258576105974
"chr5-140611785-140612696","CYSTM1",0.0624253216419904
"chr1-8962630-8963478","CA6",0.0624226391152744
"chr5-78648351-78649218","AP3B1",0.0624210348652428
"chr1-158179350-158180201","CD1C",0.0624199029294451
"chr16-17377652-17378486","XYLT1",0.0624192484688677
"chr6-17907393-17908267","TPMT",0.0624188845444218
"chr10-95230613-95231480","PDLIM1",0.0624143406042448
"chr20-62678261-62679169","OGFR",0.0624117699302814
"chr11-122696384-122697137","HSPA8",0.0624113712362739
"chr20-3763342-3764221","SIGLEC1",0.0624042119134538
"chr1-115828007-115828793","SLC22A15",0.0624026072384572
"chr20-23132302-23133129","CD93",0.0624000979838145
"chr11-3112091-3112993","OSBPL5",0.0623989001728994
"chr9-104868704-104869610","ABCA1",0.0623977726858383
"chr1-160838892-160839596","LY9",0.0623969292381599
"chr3-141300303-141301104","PXYLP1",0.0623944188598683
"chr2-144692945-144693857","TEX41",0.0623868075924446
"chr4-147058962-147059825","EDNRA",0.0623850436899819
"chr18-46009151-46010025","EPG5",0.0623778457098893
"chr12-116802805-116803682","HRK",0.0623767577658326
"chr18-12308365-12308985","IMPA2",0.0623727034853591
"chr20-47415120-47415986","NCOA3",0.0623635481874521
"chr19-4059648-4060540","ZBTB7A",0.0623625316467047
"chr14-95265242-95266138","TCL1A",0.0623611783723057
"chr5-179818685-179819564","SQSTM1",0.0623611427342851
"chr9-93109716-93110115","FAM120A",0.0623591926799178
"chr3-196055488-196056407","TNK2",0.0623567161053204
"chr3-57234687-57235574","APPL1",0.0623564758040241
"chr6-37507762-37508640","CCDC167",0.0623523469535971
"chr22-41935930-41936845","SHISA8",0.0623469817067011
"chr14-29927369-29928206","PRKD1",0.0623463866554332
"chr9-75027994-75028861","CARNMT1",0.0623430579485864
"chr6-32622700-32623505","HLA-DOB",0.0623389101376809
"chr10-90788762-90789615","HTR7",0.0623358768021166
"chr9-134059761-134060644","RXRA",0.0623338334317058
"chr13-99416637-99417507","UBAC2",0.0623337276686628
"chr19-37077890-37078794","ZNF568",0.0623305394758504
"chr7-87059279-87060154","ABCB4",0.0623261847699255
"chr11-115504097-115504981","AP000462.1",0.0623248714199501
"chr4-16233487-16234120","TAPT1",0.0623248310282222
"chr4-10020834-10021697","SLC2A9",0.0623220817403847
"chr17-82627526-82628438","SLC16A3",0.0623218854125808
"chr5-56127883-56128773","ANKRD55",0.0623152996982826
"chr3-49344829-49345680","USP4",0.0623121707032808
"chr17-36104544-36105328","CCL4",0.0623080743546191
"chr22-37310938-37311816","TRIOBP",0.062301324636392
"chr15-90059253-90060153","ANPEP",0.0622962576811787
"chr19-51136872-51137708","SIGLEC10",0.0622958710418924
"chr20-50260413-50261061","CEBPB",0.0622930912045786
"chr10-32650122-32650954","ITGB1",0.0622858159667024
"chr15-59543576-59544433","FAM81A",0.0622851681292648
"chr15-89803623-89804507","ZNF710",0.0622844045242011
"chr16-87764248-87764901","KLHDC4",0.0622773405352512
"chr2-64988833-64989719","ACTR2",0.0622711443257267
"chr2-54866798-54867523","EML6",0.0622701193694931
"chr3-119587860-119588629","ARHGAP31",0.0622664057061193
"chr1-156813606-156814528","SH2D2A",0.0622620360925875
"chr2-112187727-112188628","ZC3H6",0.0622593836962381
"chr17-7132584-7133341","ASGR1",0.062257219187127
"chr1-9728386-9729313","PIK3CD",0.062253841811895
"chr4-7759020-7759901","AFAP1",0.0622520936981259
"chr2-68689678-68690606","PPP3R1",0.0622516403843952
"chr9-4596303-4597184","GLIS3",0.0622505416750011
"chr12-128820556-128821451","SLC15A4",0.0622471285519484
"chr19-51372468-51373378","C19orf84",0.0622367972753193
"chr15-84720680-84721475","ZNF592",0.0622265229819558
"chr2-164975586-164976435","SCN3A",0.062224927795199
"chr2-174035838-174036709","SP3",0.0622241103883557
"chr8-26589223-26590093","DPYSL2",0.0622226054048695
"chr17-19724224-19725144","SPECC1",0.0622218101470522
"chr20-17634645-17635543","RRBP1",0.0622162021654128
"chr3-171346883-171347612","PLD1",0.0622137015481524
"chr14-105686956-105687620","FAM30A",0.0622133402627305
"chr8-125527339-125528116","TRIB1",0.0622133381692797
"chr17-82193355-82194282","SECTM1",0.0622132943340957
"chr5-149680459-149681338","CSNK1A1",0.0622103970098116
"chr13-42354867-42355717","DGKH",0.0622094473475391
"chr2-160473879-160474633","RBMS1",0.0622082684115934
"chr8-23219212-23220017","CHMP7",0.0621991307553644
"chr2-166181217-166182015","SCN9A",0.0621981354083699
"chr1-24416691-24417460","NIPAL3",0.0621971412982689
"chr5-180176994-180177928","RNF130",0.0621930844508603
"chr9-33718761-33719580","UBE2R2",0.0621926427874912
"chr7-91263974-91264864","FZD1",0.0621867237955049
"chr1-158933387-158934256","PYHIN1",0.0621836242723189
"chr19-51503228-51504161","SIGLEC9",0.062181659850752
"chr15-40333802-40334700","PLCB2",0.0621759830734641
"chr8-11802164-11803055","FDFT1",0.0621756726465592
"chr20-1874615-1875518","SIRPA",0.0621734151552698
"chr6-53171638-53172520","ELOVL5",0.062167804581455
"chr20-60228032-60228926","MIR646HG",0.0621664816017971
"chr4-38780687-38781563","TLR10",0.0621611445605032
"chr7-149869671-149870572","ATP6V0E2",0.0621595110168279
"chr19-54100414-54101291","LILRA6",0.0621587331280987
"chr6-157885011-157885903","SNX9",0.0621544919996991
"chr12-110253037-110253776","GIT2",0.0621544427786278
"chr9-91298071-91298924","NFIL3",0.0621530680279804
"chr2-84693893-84694797","DNAH6",0.0621523319165026
"chr1-221188183-221189090","MARC1",0.0621438287535491
"chr15-42920494-42921391","UBR1",0.0621429263064629
"chr11-118398565-118399450","KMT2A",0.0621309506498973
"chr19-10372477-10373338","C19orf38",0.0621277786929
"chr5-124453369-124454239","ZNF608",0.0621220844960842
"chr19-54551799-54552319","LILRB2",0.0621089687693016
"chr12-122901384-122902273","HIP1R",0.0621073957029041
"chr2-96203934-96204479","DUSP2",0.0621053106904339
"chr19-18677706-18678616","JUND",0.0621048571593028
"chr9-124040709-124041595","DENND1A",0.0621038494943936
"chr1-36371134-36372048","STK40",0.0621034501030467
"chr9-112863110-112863900","SNX30",0.0621014514383952
"chr17-64145481-64146352","LIMD2",0.0621013344820745
"chr10-15208622-15209463","FAM107B",0.0620890663662099
"chr15-63212145-63213001","LACTB",0.0620857715934343
"chr12-48716414-48717337","FKBP11",0.0620856446717505
"chr20-58890780-58891555","GNAS",0.0620842537787558
"chr6-111715094-111715940","FYN",0.0620833394492364
"chr18-21699206-21700108","ABHD3",0.0620814207835783
"chr17-44628336-44629236","GRN",0.0620770762253791
"chr22-46753956-46754895","GRAMD4",0.0620729192000557
"chr3-72523139-72524035","RYBP",0.0620651567918097
"chr12-6550115-6550991","TNFRSF1A",0.0620597514902796
"chr11-59371982-59372871","FAM111B",0.0620594261384706
"chr19-51224610-51225511","SIGLEC9",0.0620592535779251
"chr11-629087-629573","IRF7",0.0620574143185195
"chr9-87685694-87686608","CTSL",0.0620544814750964
"chr5-135578596-135579506","H2AFY",0.0620385512463463
"chr7-150676544-150677380","GIMAP1",0.0620358543807857
"chr13-27293844-27294679","RPL21",0.0620344006477519
"chr6-47631140-47631946","TNFRSF21",0.0620341269568237
"chr1-150696857-150697770","RPRD2",0.0620334950422736
"chr1-153232519-153233159","S100A8",0.0620331908449387
"chr12-6789036-6789926","CD4",0.0620234744851512
"chr3-183428259-183429139","MCF2L2",0.0620167922653407
"chr2-171956150-171957042","CYBRD1",0.0620094663564613
"chr9-113511950-113512825","RGS3",0.0620009452162311
"chr17-8068789-8069708","KDM6B",0.0619983576948877
"chr17-8068789-8069708","EIF4A1",0.0619973794849549
"chr13-48862322-48863218","CYSLTR2",0.0619940059716735
"chr19-46981089-46981936","PTGIR",0.0619852026973616
"chr16-2794272-2794914","MEFV",0.0619849180451459
"chr17-7158139-7158972","TNFSF13",0.0619834963371099
"chr1-222732320-222733183","AIDA",0.0619694158730012
"chr16-56870993-56871839","HERPUD1",0.0619638131177669
"chr5-141622916-141623811","DIAPH1",0.0619637553687929
"chr7-159209203-159210126","VIPR2",0.0619625366277765
"chr16-17321577-17322461","XYLT1",0.0619538735298289
"chr1-211680550-211681426","TRAF5",0.0619529650664593
"chr1-17044925-17045782","CROCC",0.0619486111373641
"chr2-8301744-8302640","ID2",0.0619485406952597
"chr12-57898883-57899766","MARCH9",0.0619448734708423
"chr4-70892063-70892947","MUC7",0.0619446796030917
"chr1-100431689-100432505","CDC14A",0.0619430177641814
"chr5-1494657-1495503","LPCAT1",0.061940661491387
"chr11-297381-298237","IFITM2",0.0619396894706358
"chr19-58058881-58059737","ZNF135",0.0619391848955596
"chr3-18402226-18403039","SATB1",0.0619331697112743
"chr1-10028797-10029698","KIF1B",0.0619315785157357
"chr10-13107708-13108604","OPTN",0.0619284214500585
"chr16-24013937-24014826","GGA2",0.0619265889542083
"chr19-53991101-53991878","LILRB2",0.0619259435086146
"chr1-161718592-161719454","FCRLA",0.0619230208668943
"chr4-173416213-173416957","GALNT7",0.0619227654325875
"chr17-1611458-1612366","MIR22HG",0.0619168807080747
"chr11-61347726-61348624","DAGLA",0.0619139680816455
"chr3-114519192-114520082","CCDC191",0.061911972834308
"chr16-55756731-55757584","CES1",0.0619092106470473
"chr3-13549571-13549973","FBLN2",0.0619085665131527
"chr5-60522122-60522863","PDE4D",0.0619029183003896
"chr10-102055684-102056548","FBXW4",0.0619018709948341
"chr5-56316095-56317015","IL6ST",0.0618898367259776
"chr19-54222506-54223423","LILRA6",0.0618896809320175
"chr15-75130799-75131738","C15orf39",0.0618839464669114
"chr6-149054136-149054982","UST",0.0618819213810329
"chr10-17454093-17454935","ST8SIA6",0.0618804055821913
"chr16-84810638-84811511","CRISPLD2",0.0618753963246303
"chr1-52423687-52424528","ZFYVE9",0.0618753231158815
"chr19-39445090-39446004","GMFG",0.0618701481983555
"chr5-61331612-61332508","NDUFAF2",0.061863957066912
"chr15-66408401-66409296","MAP2K1",0.0618609450780896
"chr11-67484146-67484760","AIP",0.0618590315520438
"chr9-112861899-112862633","SNX30",0.0618571321333958
"chr19-8573242-8574165","CD320",0.0618568348770398
"chr2-233385313-233386207","DGKD",0.0618551143142723
"chr9-104927776-104928633","ABCA1",0.0618487409137695
"chr5-75057305-75058196","GCNT4",0.0618483519615644
"chr11-35083337-35084109","CD44",0.0618441212733157
"chr14-55271920-55272588","LGALS3",0.0618383709941338
"chr5-140321549-140322438","CYSTM1",0.0618346279624033
"chr14-50087093-50087949","RPS29",0.0618307235543735
"chr6-159042088-159042981","EZR",0.061823914152217
"chr1-9528957-9529831","SLC25A33",0.0618237749824543
"chr12-9411499-9412418","CLECL1",0.0618145839559611
"chr7-142130077-142130948","CLEC5A",0.0618142582637902
"chr22-39090283-39091173","APOBEC3C",0.0618070046847126
"chr9-114340102-114341006","TMEM268",0.0617952110603027
"chr3-168095494-168096366","WDR49",0.0617942732303566
"chr5-140611785-140612696","HBEGF",0.0617924675028138
"chr17-63961323-63962220","PECAM1",0.0617902430070123
"chr2-43136679-43137568","ZFP36L2",0.0617870623840429
"chr8-38468214-38469004","FGFR1",0.0617840424361607
"chr3-5002216-5003131","BHLHE40",0.0617830728881394
"chr16-67150374-67151038","TRADD",0.0617813674549286
"chr12-123972581-123973483","CCDC92",0.0617748630913323
"chr19-49339978-49340890","SLC6A16",0.0617609566448256
"chr6-83430664-83431558","ME1",0.0617549120170989
"chr12-52045543-52046419","ACVR1B",0.0617530318233384
"chr15-64430049-64430950","ZNF609",0.06175159012685
"chr9-134341195-134341789","VAV2",0.0617487468205347
"chr6-132734484-132735347","VNN3",0.0617443227026865
"chr15-43330037-43330893","UBR1",0.0617435832232392
"chr12-54382796-54383714","NFE2",0.0617347855227045
"chr2-241868752-241869340","PDCD1",0.0617308633634257
"chr1-209755700-209756491","TRAF3IP3",0.0617299542479568
"chr22-45292745-45293597","KIAA0930",0.0617278215894765
"chr1-1182560-1183498","TNFRSF4",0.0617244870814661
"chr1-107795347-107796127","VAV3",0.0617241763891858
"chr12-69007098-69007889","CPM",0.0617209570183768
"chr16-88978445-88979326","CBFA2T3",0.0617205814452787
"chr12-100576421-100577312","UHRF1BP1L",0.061718428370215
"chr19-6801321-6802185","ALKBH7",0.0617181158109281
"chr19-51784714-51785619","SIGLEC14",0.0617173483308451
"chr19-45455802-45456648","CLASRP",0.0617115244295568
"chr18-13222052-13222952","PTPN2",0.061711261832213
"chr2-65080987-65081886","SPRED2",0.0617112612066373
"chr21-14480432-14481267","SAMSN1",0.0616964325471084
"chr1-107140987-107141870","NTNG1",0.0616942859083549
"chr17-78779516-78780352","CYTH1",0.0616865422651541
"chr2-8061129-8061842","LINC00299",0.0616865376691699
"chr5-175521240-175522124","SFXN1",0.0616849985235548
"chr22-17769157-17769992","BID",0.0616795056014342
"chr3-113625419-113626168","ZDHHC23",0.0616778391312151
"chr19-54769495-54770376","LAIR2",0.0616772912237314
"chr1-223248482-223249332","SUSD4",0.0616756631988976
"chr17-7114628-7115534","ASGR1",0.0616722960445081
"chr3-46949089-46949875","NBEAL2",0.0616712526068354
"chr12-112885000-112885889","OAS1",0.0616705279131736
"chr12-25038901-25039738","BCAT1",0.0616694532356332
"chr8-89728826-89729727","NBN",0.0616694237485283
"chr22-36860529-36861448","NCF4",0.0616687177448155
"chr17-7887231-7888088","VAMP2",0.0616660948911474
"chr2-101466214-101467115","LINC01127",0.0616598115840474
"chr17-51088624-51089358","ABCC3",0.0616539369851367
"chr2-102367153-102368001","IL18R1",0.0616538610508788
"chr6-63571962-63572822","PHF3",0.061650246128358
"chr19-12782069-12782992","ZNF563",0.0616484170764178
"chr10-92689426-92690228","EXOC6",0.0616473645706589
"chr17-81285164-81286078","BAIAP2",0.0616424984905313
"chr7-24820946-24821901","OSBPL3",0.0616405343819089
"chr3-125146980-125147827","OSBPL11",0.0616361671712126
"chr12-10369561-10370398","KLRD1",0.0616325079658073
"chr17-78915870-78916812","TIMP2",0.0616233056012601
"chr8-141095168-141096037","PTK2",0.0616196524632496
"chr2-164913504-164914335","SLC38A11",0.0616192560488482
"chr7-50333040-50333886","IKZF1",0.0616142332533681
"chr2-118940173-118941010","MARCO",0.0616127187479532
"chr5-126762076-126762900","LMNB1",0.0616072967949661
"chr19-4632993-4633910","TICAM1",0.0616067907245678
"chr12-8572250-8573164","CLEC4A",0.0616043067962509
"chr13-24364757-24365607","RNF17",0.0616008048792327
"chr11-108593297-108594102","NPAT",0.0616006398013906
"chr17-74193117-74194014","TTYH2",0.061599168682326
"chr10-69055829-69056713","HK1",0.061599085066092
"chr19-54769495-54770376","KIR3DL2",0.0615974883891802
"chr1-15260993-15261928","PLEKHM2",0.0615944178547714
"chr11-2826186-2826962","KCNQ1",0.0615942336325093
"chr6-27601652-27602439","HIST1H2AM",0.0615936595689476
"chr3-46102326-46103140","CXCR6",0.0615935541794916
"chr6-46325343-46326275","RCAN2",0.0615886002871413
"chr17-82217554-82218300","MAFG",0.0615869511511212
"chr16-57601749-57602624","ADGRG5",0.0615837134363418
"chr2-85563911-85564780","ST3GAL5",0.0615808149424093
"chr6-18179728-18180594","TPMT",0.0615805938017662
"chrX-136635005-136635897","CD40LG",0.0615805658908089
"chrX-64842301-64843149","ZC4H2",0.0615805158073437
"chr6-33068832-33069660","HLA-DMA",0.0615787169353269
"chr4-6172335-6173191","C4orf50",0.0615746465218886
"chr22-38957077-38957942","GTPBP1",0.061573555955052
"chr1-158353691-158354365","CD1C",0.0615716175635457
"chr5-55540821-55541738","PLPP1",0.0615701253524668
"chr12-113403595-113404459","OAS1",0.061569281091528
"chr9-111983280-111984163","UGCG",0.0615691492470119
"chr10-13116128-13116925","OPTN",0.0615670336493716
"chr2-20065957-20066872","SDC1",0.061563915234248
"chr11-954828-955622","SCT",0.061563673052782
"chr4-15781469-15782387","CD38",0.0615615532840646
"chr12-76031277-76032159","PHLDA1",0.0615544636969098
"chr2-54673063-54673828","RTN4",0.0615530369145991
"chr1-205749246-205749936","RAB29",0.0615474556555111
"chr5-55027297-55028206","GZMK",0.0615461651457998
"chr4-15902530-15903409","CC2D2A",0.0615425227577411
"chr15-65902138-65903039","MAP2K1",0.0615389248010466
"chr10-48655932-48656814","ARHGAP22",0.0615271606065003
"chr18-44507590-44508522","LINC01478",0.0615230900473481
"chr1-12183938-12184863","CLCN6",0.0615221772611323
"chr2-227451002-227451851","AGFG1",0.0615140219495909
"chr11-113839557-113840431","ZBTB16",0.0614993500028352
"chr14-104680769-104681613","PLD4",0.0614977138576596
"chr15-75029121-75029997","C15orf39",0.0614955856661413
"chr6-111714089-111714822","FYN",0.0614896299948365
"chr1-117664054-117664972","MAN1A2",0.0614889669130213
"chr10-80187342-80188186","ANXA11",0.0614854585137282
"chr3-16377053-16377917","RFTN1",0.0614792836397719
"chr19-54769495-54770376","KIR3DL1",0.0614769672961624
"chr7-80443020-80443906","SEMA3C",0.0614729125671707
"chr1-156154014-156154916","LMNA",0.0614582137459935
"chr3-121794279-121795186","SLC15A2",0.0614577574029107
"chr19-20922835-20923690","ZNF626",0.0614572611590779
"chr19-46550906-46551782","PTGIR",0.0614535562881269
"chr15-100330312-100331175","ADAMTS17",0.0614443281811061
"chr14-64448004-64448817","PLEKHG3",0.0614439949749644
"chr2-207165925-207166684","KLF7",0.06144142958752
"chr16-85947546-85948448","C16orf74",0.0614394176234488
"chr10-14506872-14507750","FAM107B",0.0614368549323806
"chr2-30421078-30421748","LCLAT1",0.0614347069356524
"chr11-65565768-65566659","CCDC85B",0.0614260556497215
"chr19-53979862-53980724","OSCAR",0.0614250893272929
"chr18-69897608-69898246","DOK6",0.0614239251392837
"chr12-56299918-56300776","PTGES3",0.0614236698050251
"chr9-2053647-2054558","SMARCA2",0.061418018046199
"chr11-100686964-100687781","ARHGAP42",0.061416936651984
"chr19-54280445-54281381","LILRB4",0.0614104652403972
"chr1-89556818-89557729","GBP4",0.0614056902575911
"chr2-226772404-226773301","COL4A3",0.0614041955581739
"chr5-56105472-56106321","IL6ST",0.0614039542029438
"chr2-112841211-112842168","SLC20A1",0.0613998727644068
"chr4-121696622-121697433","ANXA5",0.0613963559213674
"chr2-38663246-38664085","HNRNPLL",0.0613954555356055
"chr6-161366228-161367100","AGPAT4",0.0613953174480514
"chr16-4413994-4414865","CORO7",0.0613951147289977
"chr7-141590396-141591302","AGK",0.0613905909242764
"chr1-12180233-12180962","AGTRAP",0.0613885939816799
"chr22-46612572-46613440","TTC38",0.0613854232038602
"chr19-14521816-14522728","ADGRL1",0.0613834682057111
"chr5-96661740-96662527","CAST",0.0613827818974832
"chr3-52253057-52253939","WDR82",0.0613822447766277
"chr13-99356033-99356947","UBAC2",0.0613786635808963
"chr10-58513350-58513830","BICC1",0.0613753808229522
"chr17-30728263-30729179","RNF135",0.0613721391281228
"chr15-90844900-90845795","FES",0.0613651739883719
"chr14-75180307-75181079","JDP2",0.0613630729023051
"chr7-6221130-6222005","RAC1",0.0613610084899911
"chr1-160708755-160709563","SLAMF1",0.061360951578004
"chr4-82284644-82285564","HNRNPDL",0.0613585624903285
"chr6-36912361-36913167","PI16",0.0613539528856417
"chr12-6723664-6724544","C12orf57",0.061344074329475
"chr20-3924050-3924947","SIGLEC1",0.061334049477259
"chr4-7854714-7855623","AFAP1",0.061332020491504
"chr2-88606366-88607227","EIF2AK3",0.0613306125341687
"chr1-17629740-17630644","RCC2",0.0613292831291791
"chr2-218370283-218371165","TNS1",0.0613256832005554
"chr9-72412314-72413188","LINC01504",0.061322130290202
"chr3-50242632-50243497","MAPKAPK3",0.0613191031819956
"chr15-63246814-63247714","RAB8B",0.0613181162339329
"chr4-3047336-3048253","ADD1",0.0613178800243177
"chr9-91117765-91118646","NFIL3",0.0613175381573807
"chr19-49911094-49911993","FCGRT",0.0613169837571159
"chr18-35040882-35041788","MAPRE2",0.0613045302459367
"chr5-132426519-132427106","IRF1",0.0613039245776979
"chr2-47035159-47035948","CALM2",0.06130118191155
"chr1-220711116-220712018","MARK1",0.0612977648201596
"chr19-20238017-20238875","ZNF626",0.0612952889271761
"chr9-131398006-131398914","PRRC2B",0.0612919490668735
"chr9-33065003-33065850","B4GALT1",0.0612916039618136
"chr3-31213642-31214496","STT3B",0.0612841929088469
"chr2-64276993-64277898","SERTAD2",0.0612777065021054
"chr14-34604938-34605686","BAZ1A",0.0612746854267498
"chr16-67053918-67054630","PLEKHG4",0.0612740339485164
"chr1-223230056-223230923","SUSD4",0.0612712216316917
"chr7-101124360-101125258","COL26A1",0.0612708989140574
"chr13-76882100-76882953","KCTD12",0.0612702363576255
"chr14-90299230-90300083","KCNK13",0.061270203534892
"chr17-1590084-1590937","MIR22HG",0.0612690601555384
"chr7-77802716-77803559","PHTF2",0.0612671961524587
"chr19-5292878-5293784","PTPRS",0.0612645964915733
"chr10-89242683-89243524","IFIT2",0.0612633371651808
"chr8-100900087-100900903","YWHAZ",0.0612631733398561
"chr20-1824082-1824742","SIRPA",0.0612598059905247
"chr11-114044081-114045033","ZBTB16",0.0612548244945509
"chr14-105340518-105341394","PLD4",0.0612504468043342
"chr1-154386483-154387285","ATP8B2",0.0612457462095714
"chr6-45155808-45156700","RUNX2",0.0612444426329081
"chr22-30414015-30414918","SEC14L2",0.0612423698956574
"chr9-133144049-133144947","RALGDS",0.0612412234092481
"chr14-70803154-70803976","MAP3K9",0.0612346911841024
"chr13-95564636-95565509","DNAJC3",0.0612342361543648
"chr2-113127050-113127949","SLC20A1",0.0612277991090412
"chr22-35352329-35353217","HMOX1",0.061226784132355
"chr19-54916680-54917505","LAIR2",0.0612264911000303
"chr3-45915506-45916403","CXCR6",0.0612233056665471
"chr17-78840514-78841435","USP36",0.0612193122306058
"chr2-201413848-201414767","TRAK2",0.0612156502203044
"chr11-64878274-64879196","MAP4K2",0.061214862105599
"chr10-7028193-7029132","SFMBT2",0.0612092433533513
"chr12-120251709-120252614","COX6A1",0.0612062751092168
"chr22-36873517-36874441","NCF4",0.0612000469578289
"chr19-20999448-21000331","ZNF626",0.0611998590457498
"chrX-23662010-23662835","PTCHD1",0.0611969861588819
"chr13-28401501-28402377","FLT3",0.0611842775909267
"chr1-151992176-151992968","SNX27",0.0611840507985229
"chr17-63434742-63435576","MAP3K3",0.0611816684512375
"chr8-33524428-33525337","RNF122",0.0611810724058034
"chr6-89352373-89353267","UBE2J1",0.0611801023005895
"chr15-94294849-94295672","MCTP2",0.0611780085516715
"chr17-82278950-82279769","SLC16A3",0.0611777757946505
"chr11-114143286-114144200","ZBTB16",0.0611771016061533
"chr9-121499351-121500265","GSN",0.0611762600411827
"chr12-24561811-24562640","LRMP",0.0611730622180645
"chr4-26978427-26979259","STIM2",0.0611511470255858
"chr20-5503944-5504833","GPCPD1",0.0611499106884324
"chr7-22523777-22524626","IL6",0.0611478291189271
"chr19-54023432-54024362","MBOAT7",0.061143858046835
"chr1-53485256-53486143","SLC1A7",0.0611403940012365
"chr7-142615329-142616046","KEL",0.0611387547023543
"chr5-76774282-76775174","IQGAP2",0.0611263572237705
"chr17-74521588-74522382","CD300LF",0.0611231414019662
"chr9-134276258-134277047","VAV2",0.0611209976088951
"chr7-2510796-2511614","GNA12",0.061119551458134
"chr19-54280445-54281381","VSTM1",0.0611169931898197
"chr1-22749999-22750897","EPHB2",0.0611141535432393
"chr1-221000208-221001091","HLX",0.0611100846369653
"chrX-68666334-68667226","STARD8",0.0611076393795172
"chr2-17518056-17518962","GEN1",0.0611073846622892
"chr4-73730576-73731363","CXCL8",0.0611071973856574
"chr13-40640133-40640803","FOXO1",0.061104934726497
"chr11-59273114-59274028","GLYATL1",0.061103700127691
"chr17-50289843-50290743","ABCC3",0.0610967364058495
"chr9-136075745-136076619","UBAC1",0.0610891600151438
"chr5-54902580-54903472","GZMA",0.0610889737501856
"chr11-85823564-85824471","DLG2",0.0610870602542258
"chr12-10357792-10358599","STYK1",0.061083777558517
"chr19-11092743-11093523","C19orf38",0.0610830367361871
"chr3-30666878-30667612","TGFBR2",0.0610812864026409
"chr19-51417205-51418041","CD33",0.0610800440320056
"chr16-84972346-84973192","CRISPLD2",0.0610745577389902
"chr5-75320194-75320992","POLK",0.0610694655997902
"chr7-150974249-150975148","GIMAP4",0.0610657131172094
"chr5-159427341-159428235","AC008691.1",0.0610647489508496
"chr12-10027460-10028345","CLEC12B",0.0610616619343764
"chr16-67236198-67237049","TRADD",0.0610580161441689
"chrX-84187938-84188607","RPS6KA6",0.0610490536995399
"chr9-4554986-4555898","SLC1A1",0.0610440095655467
"chr6-146914347-146914931","RAB32",0.0610435489663164
"chr22-39061093-39061889","MGAT3",0.0610414976539948
"chr10-92790209-92791071","CPEB3",0.061035783324782
"chr2-70029610-70030518","ANXA4",0.0610323919746837
"chr14-92322931-92323845","SLC24A4",0.0610287887939306
"chr8-127200968-127201893","AC108925.1",0.0610148416722504
"chr14-51867531-51868359","GNG2",0.0610116022341625
"chr19-8050269-8051176","STXBP2",0.0610115365211405
"chr17-35888938-35889836","HEATR9",0.0610016784828105
"chr11-47378132-47379045","CELF1",0.061001185813794
"chr9-87600985-87601892","CTSL",0.0610005231544805
"chr1-72283675-72284287","NEGR1",0.0610004969444556
"chr7-150428482-150429377","LINC00996",0.0609974825386364
"chr22-26657038-26657899","MIAT",0.0609958421721456
"chr14-68397126-68398031","ZFP36L1",0.0609954027548544
"chr19-41534818-41535737","LINC01480",0.0609953749718558
"chr9-27347620-27348422","MOB3B",0.0609947138060191
"chr1-168362751-168363650","XCL2",0.0609934579356925
"chr2-38682057-38682613","HNRNPLL",0.0609928006452341
"chr20-57620243-57621020","PMEPA1",0.0609905054368679
"chr1-116514887-116515723","CD58",0.0609841690121337
"chr11-17543947-17544805","ABCC8",0.060982688854442
"chr5-177419385-177420265","DOK3",0.0609773030082664
"chr22-50403346-50404210","ODF3B",0.0609764754329605
"chr9-128097958-128098854","SH2D3C",0.0609757449524145
"chr4-1167265-1168071","SPON2",0.0609733595071881
"chr5-179818685-179819564","RNF130",0.0609723538106619
"chr12-131878156-131879029","ULK1",0.0609706364139846
"chr1-10378271-10379085","PGD",0.0609701638381074
"chr19-54222506-54223423","LILRB4",0.0609687429183883
"chr3-12462289-12463191","RAF1",0.0609681032167439
"chr1-108556171-108557030","STXBP3",0.0609623922936077
"chr19-45506369-45507074","TRAPPC6A",0.0609623439876229
"chr3-151202723-151203595","GPR171",0.0609604928782835
"chr11-117189262-117190172","SIDT2",0.0609593143120907
"chr8-102979492-102980292","AZIN1",0.0609566849937795
"chr1-101309234-101310161","S1PR1",0.0609481915806324
"chr9-518300-519048","KANK1",0.0609473610837725
"chr8-6690085-6690973","MCPH1",0.0609465952322668
"chr1-161216800-161217658","TOMM40L",0.0609458523866842
"chr1-45393587-45394487","TESK2",0.0609434843338688
"chr1-233613726-233614233","SLC35F3",0.0609356024419105
"chr12-10130974-10131771","CLEC1B",0.060934848865898
"chr5-77262453-77263339","PDE8B",0.0609282538245848
"chr11-329149-329924","SIGIRR",0.0609272698826294
"chr17-1095036-1095903","PITPNA",0.0609247673927067
"chr13-46374489-46375403","LRCH1",0.0609243657012894
"chr9-127780627-127781469","SH2D3C",0.0609220794452364
"chr17-43768152-43769028","LINC00910",0.0609189666186184
"chr19-47321802-47322668","DHX34",0.0609060381125814
"chr8-23017904-23018694","CHMP7",0.0609029912548849
"chr20-63434590-63435393","STMN3",0.0609020344164563
"chr2-218367472-218368364","ARPC2",0.0609018032599113
"chr4-4461582-4462481","NSG1",0.0608989377032644
"chr3-52763349-52764098","STAB1",0.0608828026694042
"chr19-54642823-54643488","LILRA5",0.0608825854830344
"chr11-61098254-61099049","CYB561A3",0.0608824373976272
"chr6-89829283-89830170","CASP8AP2",0.0608809656050112
"chr17-76585575-76586435","RHBDF2",0.0608795747557765
"chr11-62806667-62807422","NXF1",0.0608767664361337
"chr11-114186967-114187886","USP28",0.0608746828123597
"chr3-122769200-122770113","HSPBAP1",0.0608688367401477
"chr7-76507705-76508622","YWHAG",0.0608636907365356
"chr14-75169883-75170627","FLVCR2",0.060862893515131
"chr18-10213277-10214181","NAPG",0.0608564023076395
"chr13-99434138-99435051","UBAC2",0.0608509995020173
"chr14-55117645-55118546","LGALS3",0.0608507812706437
"chr1-72282441-72283306","NEGR1",0.0608498230207568
"chr3-113658899-113659823","GRAMD1C",0.060845129538562
"chr7-33040588-33041461","BBS9",0.0608435580540158
"chr1-17060359-17060983","PADI4",0.0608405887010355
"chr11-62816291-62817203","ASRGL1",0.0608357477923273
"chr3-123154039-123154931","SEMA5B",0.0608347806916306
"chr15-58737803-58738697","ADAM10",0.0608338482523074
"chr13-28422770-28423660","FLT3",0.0608335068901042
"chr10-50394833-50395694","SGMS1",0.0608325386054562
"chr19-45040313-45041043","CLASRP",0.0608291809183243
"chr5-55112974-55113855","CDC20B",0.0608278734613453
"chr1-161153541-161154443","TSTD1",0.0608263568548901
"chr2-88691183-88692100","EIF2AK3",0.0608263367533612
"chr20-50226280-50227173","CEBPB",0.0608262239046298
"chr10-23643143-23644065","OTUD1",0.0608185199984268
"chr19-54063621-54064364","LILRB3",0.0608147103061711
"chr3-13012287-13013031","RAF1",0.0608111623110871
"chr12-80936783-80937628","LIN7A",0.0608045356976598
"chr12-56117785-56118668","PA2G4",0.0608045109462033
"chr12-124568548-124569265","SCARB1",0.0608014558452272
"chrX-79161424-79162325","GPR174",0.060799213359792
"chr12-96445498-96446388","CDK17",0.0607987279592766
"chr19-53889582-53890483","LILRA4",0.0607947688816466
"chr12-10410999-10411904","KLRC4",0.0607938244611881
"chr19-20166771-20167639","ZNF101",0.0607904559372234
"chr2-85706573-85707074","ST3GAL5",0.0607893047319049
"chr2-69164897-69165756","ANTXR1",0.0607891618091357
"chr14-105616230-105616816","FAM30A",0.0607860147926496
"chr10-77873445-77874347","DLG5",0.0607836343614667
"chr7-92731556-92732371","SAMD9L",0.0607777423005832
"chr8-133150081-133150996","PHF20L1",0.0607771033180545
"chr17-16915647-16916516","TNFRSF13B",0.0607752787542284
"chr9-127802450-127803361","TTC16",0.0607717899427579
"chr19-7294016-7294908","PNPLA6",0.0607696941203546
"chr9-136959922-136960775","PTGDS",0.0607592771948443
"chr1-212608241-212609093","TATDN3",0.0607467247742657
"chr17-78592137-78593016","PGS1",0.0607415802813396
"chr2-233124456-233125349","INPP5D",0.0607406588438245
"chr12-10498981-10499859","KLRD1",0.0607391624919255
"chr20-63686404-63687308","HELZ2",0.0607357712809751
"chr6-144181470-144182295","PLAGL1",0.0607248543924401
"chr2-102399431-102400262","IL18R1",0.0607212576996649
"chr7-31688142-31689021","PPP1R17",0.0607121008168889
"chr19-49064068-49064720","NTN5",0.0607092531346876
"chr14-100238289-100239176","YY1",0.0607056090515283
"chr2-8534562-8535484","KIDINS220",0.0607042386143633
"chr2-218896448-218897288","WNT10A",0.0607030420931783
"chr19-50333273-50334182","SPIB",0.0606988023209369
"chr2-197802717-197803471","PLCL1",0.0606973612550109
"chr1-168543600-168544483","XCL1",0.0606958298909991
"chr2-7007738-7008651","CMPK2",0.0606957887257163
"chr16-66205521-66206431","CMTM4",0.0606808640889432
"chr2-159797635-159798519","BAZ2B",0.0606800292580319
"chr17-36082339-36083172","CCL4L2",0.0606759212345594
"chr19-36492703-36493571","LINC00665",0.0606671097981338
"chr10-37976169-37977069","ZNF248",0.0606652588265818
"chr6-6468895-6469759","F13A1",0.0606578509114998
"chr11-503103-503959","TALDO1",0.0606561731308389
"chr3-4061692-4062420","ITPR1",0.0606554587240052
"chr19-51503228-51504161","CD33",0.0606514425337614
"chr16-88598918-88599840","CBFA2T3",0.0606488016837448
"chrX-48682659-48683262","GRIPAP1",0.0606460335907287
"chr9-132384359-132385012","AK8",0.0606295004705374
"chr6-33080505-33081227","HLA-DOB",0.0606287071159449
"chr1-109822152-109822991","GNAI3",0.0606264755540768
"chr15-59437687-59438578","MYO1E",0.0606209532644395
"chr3-191300745-191301588","CCDC50",0.0606170017624706
"chr11-73384758-73385615","RELT",0.0606094018008289
"chr9-27528172-27528973","TEK",0.0606068958572259
"chr1-212668905-212669740","RPS6KC1",0.0606059466673608
"chr20-44579304-44580136","PKIG",0.0606050143828702
"chr20-1656354-1657092","SIRPG",0.0606035114816034
"chr16-57648788-57649621","ADGRG5",0.0605939008265678
"chr3-69321508-69322148","MITF",0.0605894784050913
"chr1-180631610-180632454","ACBD6",0.0605893555757818
"chr13-113445781-113446642","GAS6",0.0605846007158296
"chr7-22661750-22662657","IL6",0.0605813343505602
"chr1-152034539-152035333","THEM4",0.0605678673608167
"chr1-152047790-152048690","SNX27",0.0605634224518964
"chr22-32378544-32379384","RFPL2",0.0605569003403454
"chr9-129887119-129887836","FNBP1",0.0605560643282873
"chr2-134154018-134154828","MGAT5",0.0605447767273929
"chr19-49306565-49307396","CD37",0.0605414367191647
"chr2-231530063-231530962","NMUR1",0.0605320280770159
"chr17-35218264-35219020","SLFN5",0.060531648818205
"chr18-46343632-46344537","PSTPIP2",0.0605295866005151
"chr12-9364321-9365267","KLRF1",0.0605258772048404
"chr19-37778994-37779938","ZNF540",0.0605247524926831
"chr7-21938886-21939657","CDCA7L",0.0605199698354599
"chr2-8534562-8535484","ID2",0.060516025703247
"chr7-150824-151450","FAM20C",0.0605099919354886
"chr3-134885603-134886494","EPHB1",0.0605091495741451
"chr21-42799687-42800578","SLC37A1",0.0605055505650754
"chr8-58595665-58596550","SDCBP",0.0605025400163186
"chr15-41967582-41968460","GANC",0.0604993331072473
"chr16-29325944-29326833","RABEP2",0.0604981857418829
"chr6-149484634-149485468","TAB2",0.0604964645324902
"chr3-129910975-129911873","PLXND1",0.060485925098672
"chr2-20446576-20447462","RHOB",0.0604829432779894
"chr20-43914453-43915260","TOX2",0.0604775388847684
"chr2-203993389-203993892","CD28",0.0604695396708544
"chr2-9230818-9231673","ADAM17",0.060468546563301
"chr7-143740664-143741250","CLCN1",0.0604659319522016
"chr17-34443537-34444436","ASIC2",0.0604615082149133
"chr6-46770705-46771612","PLA2G7",0.0604608503652375
"chr19-45790694-45791512","ERCC1",0.060459033144033
"chr1-1212684-1213430","TNFRSF4",0.0604556965224762
"chr6-46714945-46715812","PLA2G7",0.0604518837860923
"chr6-150866111-150866674","MTHFD1L",0.0604511556095374
"chr3-30681554-30682266","TGFBR2",0.0604504981169675
"chr5-36419262-36420170","SLC1A3",0.0604477250700131
"chr12-32138921-32139643","AMN1",0.0604469880313578
"chr19-46730966-46731745","SLC1A5",0.0604375625346411
"chr6-154367352-154367764","IPCEF1",0.0604348108161561
"chr4-108160789-108161647","LEF1-AS1",0.0604347866455068
"chr1-32337276-32338149","PTP4A2",0.0604309888685429
"chr19-57947316-57948177","ZSCAN18",0.0604291218705837
"chr1-157739456-157740315","FCRL3",0.0604242355042561
"chr12-123075516-123076384","C12orf65",0.0604138536042173
"chr13-48567609-48568464","CYSLTR2",0.0604106645451453
"chr11-47514663-47515505","CELF1",0.0604094572413677
"chr19-1668550-1669458","TCF3",0.0604094337070498
"chr8-133568439-133569247","ST3GAL1",0.060399402916093
"chr1-24922033-24922836","RCAN3",0.060399221064775
"chr10-72369951-72370863","DDIT4",0.0603982585492744
"chr7-2405674-2406499","CHST12",0.0603938493419776
"chr2-156437200-156437974","GPD2",0.0603937925189467
"chr19-38688489-38689411","RASGRP4",0.0603927848248926
"chr11-72613732-72614628","ATG16L2",0.0603901715856348
"chr3-4751295-4752096","ARL8B",0.0603879905257369
"chr11-797152-797746","IFITM2",0.0603858698009688
"chr14-101821271-101822173","HSP90AA1",0.0603855777678265
"chr19-54280445-54281381","MBOAT7",0.060377657360806
"chr6-47203320-47204188","TNFRSF21",0.0603775635388539
"chr2-12728077-12729000","TRIB2",0.0603758238413609
"chr9-129884131-129885038","FNBP1",0.0603745828571276
"chr11-125070444-125071340","NRGN",0.0603696707720752
"chr14-21699519-21700332","LINC00641",0.0603679286499457
"chr14-72518653-72519599","DPF3",0.060361540996354
"chr8-6777578-6778434","AGPAT5",0.0603614738935922
"chr16-327036-327943","CAPN15",0.0603572946000929
"chr3-23748350-23749266","UBE2E1",0.0603531339717796
"chr10-89256064-89256728","IFIT3",0.0603525844891
"chr12-69039640-69040540","CPM",0.0603482929056417
"chr6-16761360-16762227","ATXN1",0.0603452232185954
"chr1-153365040-153365938","S100A8",0.0603407321423637
"chr19-5775804-5776638","HSD11B1L",0.0603396346191284
"chr4-108144249-108145050","LEF1-AS1",0.0603377651176066
"chr1-207822358-207823129","CR2",0.0603376196344021
"chr11-62816291-62817203","NXF1",0.0603331990745901
"chr22-23844256-23845089","SMARCB1",0.0603329095819112
"chr9-214519-215425","DOCK8",0.0603275871782993
"chr14-50082912-50083762","RPL36AL",0.0603217031686997
"chr1-180117056-180117908","QSOX1",0.0603152177940146
"chr11-14768539-14769405","PSMA1",0.0603100270179626
"chr19-4430478-4431276","PLIN3",0.0603081533508238
"chr1-203652796-203653738","ATP2B4",0.060307152630123
"chr1-161389678-161390600","ARHGAP30",0.060303927598857
"chr21-33011145-33012047","SYNJ1",0.0602979602273862
"chr2-226908943-226909824","COL4A3",0.0602950311981754
"chr10-8326021-8326823","GATA3",0.0602939817479883
"chr4-108168434-108169315","RPL34-AS1",0.0602929866609144
"chr1-27513510-27514319","THEMIS2",0.0602921901764317
"chr19-44845657-44846502","CLASRP",0.0602823902604406
"chr12-30754513-30755406","CAPRIN2",0.0602725629502677
"chr6-32668046-32668961","HLA-DOA",0.0602715929511846
"chr19-49896617-49897412","IL4I1",0.0602702052322182
"chr17-62724443-62725357","TANC2",0.0602676314189689
"chr16-67158774-67159409","FBXL8",0.0602673375668319
"chr19-10460858-10461776","CDC37",0.0602656538014412
"chr14-96038980-96039826","TCL1A",0.0602601544020471
"chr3-111071261-111072154","NECTIN3",0.0602564634773614
"chr17-75371150-75371999","H3F3B",0.0602493533490148
"chr1-221166648-221167551","HLX",0.0602485801207384
"chr5-177306771-177307656","RAB24",0.0602479732459797
"chr20-37014864-37015745","SLA2",0.0602394237768991
"chr1-15415772-15416702","SPEN",0.0602392403283862
"chr15-73141062-73141959","NEO1",0.0602341919133059
"chr7-22661750-22662657","AC073072.1",0.0602341505604713
"chr20-50274658-50275568","SLC9A8",0.0602331291640784
"chr20-62727809-62728756","OGFR",0.0602327963233488
"chr7-22723132-22724008","AC002480.2",0.0602278657883265
"chr6-26019999-26020841","HIST1H4C",0.060225839786375
"chr10-133278529-133279357","ADAM8",0.0602229909002596
"chr22-33519139-33519906","SYN3",0.0602189635566093
"chr8-58563520-58564408","SDCBP",0.0602183740650629
"chr14-63705207-63706114","SGPP1",0.0602169784741021
"chr9-136244146-136244794","QSOX2",0.0602150553656357
"chr6-32689991-32690727","HLA-DOA",0.0602098680759038
"chr6-90218465-90219262","MDN1",0.0602090209716058
"chr1-108746209-108747068","SARS",0.0602043799143488
"chr1-151653979-151654780","S100A11",0.0601986819169096
"chr1-67194183-67195102","IL12RB2",0.0601870866380512
"chr20-50730818-50731721","PARD6B",0.0601844727373922
"chr1-182391299-182392188","NPL",0.0601822984489665
"chr6-42417423-42418272","TRERF1",0.0601761171576828
"chr9-133979393-133980279","VAV2",0.0601758101570938
"chr12-104695268-104696179","SLC41A2",0.0601753179676023
"chr2-98771538-98772416","TSGA10",0.0601672235131013
"chr1-153790753-153791638","DENND4B",0.0601669343700534
"chr1-48776448-48777363","BEND5",0.0601632477641452
"chr8-16194307-16195246","MSR1",0.0601617858266235
"chr19-1213648-1214571","SBNO2",0.0601557496897032
"chr19-15223081-15223966","ADGRE2",0.0601550112057803
"chr6-143594306-143595126","PHACTR2",0.0601537187799183
"chr7-150676544-150677380","GIMAP5",0.0601515430629196
"chr1-17287098-17287971","PADI4",0.0601512288737706
"chr6-132713549-132714408","VNN2",0.0601500942282718
"chr11-114026148-114027045","HTR3A",0.0601455229412747
"chr19-703567-704496","STK11",0.0601433608274111
"chr9-111037605-111038501","MUSK",0.0601428096470835
"chr8-27413203-27414027","EPHX2",0.0601399455045732
"chr4-76029387-76029972","CXCL9",0.0601397967523952
"chr17-47693734-47694546","TBKBP1",0.0601342668133698
"chr20-23142053-23142815","CD93",0.0601335367231268
"chr3-124550164-124550970","KALRN",0.0601327237427471
"chr19-51388867-51389726","LIM2",0.060130317277502
"chr19-1812111-1812999","MOB3A",0.060128990202467
"chr10-133009042-133009906","TUBGCP2",0.0601257357298689
"chr5-76325624-76326523","IQGAP2",0.06012459655783
"chr9-20622120-20622924","FOCAD",0.0601226593278879
"chr19-53462978-53463872","ZNF415",0.0601212438575871
"chr2-60581482-60582358","REL",0.0601207289342483
"chr3-114214766-114215685","TIGIT",0.0601192242933462
"chr6-137873023-137873932","TNFAIP3",0.060116304251813
"chr1-15384087-15384978","EFHD2",0.0601112301763145
"chr1-183363728-183364618","SMG7",0.0601100992317977
"chr7-8014859-8015750","GLCCI1",0.060106837034337
"chr5-173802413-173803312","CPEB4",0.060099125463009
"chr16-84911324-84912213","GSE1",0.0600974792835216
"chr7-2822034-2822781","AMZ1",0.0600943512309547
"chr21-31354360-31355283","SOD1",0.0600932409112553
"chr19-3573746-3574478","ZBTB7A",0.0600905966496997
"chr3-9976726-9977609","CAMK1",0.0600866473363701
"chr4-86891823-86892743","PTPN13",0.060084667016031
"chr12-10285705-10286575","KLRC4",0.0600828055880157
"chr17-83202851-83203722","METRNL",0.0600822794107666
"chr1-192808513-192809410","RGS2",0.0600762731157761
"chr2-9752897-9753636","ADAM17",0.0600741718839315
"chr2-48111404-48112173","FOXN2",0.0600741015051125
"chr6-134288297-134289169","SGK1",0.0600709406320191
"chr1-23600836-23601601","MDS2",0.0600662467036373
"chr16-4679854-4680735","UBN1",0.0600484639942833
"chr7-17772964-17773846","SNX13",0.0600462693375355
"chr1-160862362-160863174","CD244",0.0600437819227382
"chr6-130723774-130724641","TMEM200A",0.0600414174484588
"chr12-26473027-26473941","SSPN",0.0600315651386091
"chr11-65424882-65425686","CFL1",0.0600292794283381
"chr5-131944603-131945396","FNIP1",0.0600262337090786
"chr19-54162020-54162916","MYADM",0.0600234397446459
"chr17-55238096-55238964","HLF",0.0600214395922461
"chr8-89836768-89837687","NBN",0.0600202013846001
"chr19-57708630-57709519","ZNF551",0.0600175470547458
"chr15-90678184-90679040","CRTC3",0.0600126172398284
"chr5-83376884-83377767","XRCC4",0.0600122617867943
"chr2-227415602-227416232","AGFG1",0.0600093660652544
"chr14-95495266-95496178","TCL6",0.0600078582813831
"chr1-153790753-153791638","S100A6",0.0600025559764992
"chr19-47310696-47311494","NAPA",0.0599993443185547
"chr4-184896648-184897566","MIR3945HG",0.0599966180085282
"chr2-131104801-131105637","MZT2A",0.0599963485933602
"chr10-89122423-89123164","IFIT3",0.0599948707637983
"chr5-9544288-9545108","SEMA5A",0.0599876673113221
"chrX-30533205-30533993","GK",0.0599873098571881
"chr12-50032897-50033746","DIP2B",0.0599801451213723
"chr11-1777529-1778413","CTSD",0.0599792075621004
"chr5-56154763-56155571","ANKRD55",0.0599769861845328
"chr19-18596450-18597344","LRRC25",0.0599749242030228
"chr14-80930689-80931619","CEP128",0.0599724193942453
"chr12-108339036-108339941","CMKLR1",0.0599717319011157
"chr14-95576813-95577707","TCL1A",0.0599696604506573
"chr2-46966945-46967819","CALM2",0.0599663618226033
"chr19-49500598-49501497","IRF3",0.059965900803556
"chr21-42062193-42063081","UMODL1",0.0599619289398102
"chr1-16172934-16173812","PLEKHM2",0.0599617810689728
"chr11-118699413-118700051","DDX6",0.059961404577637
"chr4-2141505-2142401","NAT8L",0.0599611962440898
"chr3-119588955-119589781","ARHGAP31",0.0599572241227893
"chr5-154197891-154198759","GALNT10",0.0599558702629022
"chr6-110476087-110476871","CDK19",0.059952314492608
"chr16-84602885-84603759","ZDHHC7",0.0599438193309852
"chr8-120803335-120804171","SNTB1",0.059943688371349
"chr10-72331662-72332554","DDIT4",0.0599394835408879
"chr12-7747058-7747972","CD163",0.0599374889964969
"chr11-64234224-64235061","VEGFB",0.0599372989785781
"chr17-7455179-7455984","CHD3",0.0599349155732563
"chr20-1894092-1894983","SIRPD",0.0599344870232868
"chr9-129343595-129344475","LINC01503",0.0599341182776691
"chr9-133792756-133793663","SLC2A6",0.0599309802095723
"chr19-40144038-40144690","FCGBP",0.0599303853165129
"chr9-14687995-14688841","ZDHHC21",0.0599253214937096
"chr2-113124231-113124951","CBWD2",0.0599249614472634
"chr6-33080505-33081227","HLA-DPA1",0.059924546422656
"chr11-86608048-86608943","PRSS23",0.0599235565321434
"chr11-65521690-65522550","MALAT1",0.0599203556784378
"chr2-38959989-38960889","SOS1",0.059915590220714
"chr2-229415940-229416879","DNER",0.0599150074113092
"chr13-27919706-27920503","FLT3",0.0599135381217071
"chr1-13665473-13666339","PRDM2",0.0599109164421263
"chr22-38957077-38957942","CBX6",0.0599108595865275
"chr22-33303757-33304643","SYN3",0.0599083406673744
"chr11-61814890-61815772","FADS1",0.0599077502863285
"chr5-102853382-102854270","PAM",0.0599007713630057
"chr11-45938375-45939248","LARGE2",0.0599006532836572
"chr11-65452907-65453760","FOSL1",0.0598893955035989
"chr18-32086756-32087614","RNF138",0.0598772393441198
"chr2-118973781-118974659","MARCO",0.0598761458853977
"chr17-8016415-8017254","PER1",0.0598690871127127
"chr11-74461847-74462680","RNF169",0.0598612642298055
"chr20-2084466-2085350","SIRPB1",0.0598606063788105
"chr3-58214670-58215550","DNASE1L3",0.0598592081183336
"chr6-33410128-33410991","TAPBP",0.0598485745817932
"chr22-41422409-41423284","SREBF2",0.0598484466900193
"chr1-64876929-64877815","CACHD1",0.0598471578405142
"chr17-14428058-14428887","COX10-AS1",0.059846067958095
"chr3-56735046-56735885","ARHGEF3",0.0598459779298926
"chr22-41951894-41952740","SHISA8",0.0598457184332505
"chr4-6887612-6888505","KIAA0232",0.0598456593728827
"chr17-35890480-35891380","SLFN13",0.059844923237593
"chr8-141099093-141100001","PTK2",0.0598435459097367
"chr14-52286453-52287321","GNG2",0.0598408229435403
"chr6-32920352-32921197","HLA-DRB5",0.0598345352867851
"chr13-95479923-95480809","DNAJC3",0.0598339704948017
"chr19-1122758-1123650","MIDN",0.0598314291642737
"chr9-89036546-89037361","S1PR3",0.0598313754093534
"chr2-157453053-157453873","CYTIP",0.0598272744333105
"chr8-98825525-98826318","VPS13B",0.0598244445192755
"chr7-151088771-151089497","SMARCD3",0.0598227687490062
"chr6-69866159-69866856","LMBRD1",0.0598219382643402
"chr22-30262956-30263779","MTMR3",0.0598194337678378
"chr19-54769495-54770376","KIR2DL1",0.0598177832024276
"chr6-166289340-166290183","PDE10A",0.0598150345060785
"chr2-112793355-112793916","SLC20A1",0.0598144805271466
"chr5-131393877-131394752","HINT1",0.0598132640065769
"chr19-54532300-54533182","KIR2DL1",0.0598127613587143
"chr19-19900460-19901328","ZNF506",0.0598122182934445
"chr6-32189836-32190745","HLA-DQA1",0.0598013498142505
"chr2-197996509-197997326","PLCL1",0.0597979912158501
"chr6-18122231-18123130","RNF144B",0.0597935296425947
"chr6-35259125-35260022","PPARD",0.0597915903130142
"chr16-85061321-85062202","CRISPLD2",0.0597896213550179
"chr1-151939394-151940198","S100A11",0.0597876855045775
"chr3-53252158-53253077","ITIH4",0.0597857407438351
"chr9-35718847-35719756","CD72",0.0597843945373959
"chr6-7541231-7542060","BMP6",0.0597822689506175
"chr11-821174-821701","TALDO1",0.0597816729775396
"chr2-85712072-85712930","ST3GAL5",0.059774290405028
"chr12-52615032-52615894","KRT72",0.0597735158539376
"chr3-196642952-196643844","ZDHHC19",0.0597733032498828
"chr2-24364714-24365608","ITSN2",0.0597693347830545
"chr15-64622421-64623361","PPIB",0.0597684434335134
"chr19-4561845-4562735","PLIN3",0.059767907590038
"chr1-107451708-107452210","NTNG1",0.0597675452217429
"chr2-20350517-20351434","LDAH",0.0597667277896942
"chr7-150489516-150490401","GIMAP8",0.0597648088933696
"chr9-129776905-129777828","LINC01503",0.0597533856783598
"chr10-69047827-69048703","HK1",0.05975208492573
"chr7-150563752-150564564","GIMAP5",0.0597505782074905
"chr1-41919682-41920576","HIVEP3",0.0597498002936318
"chr20-31523356-31524265","ID1",0.0597397756012695
"chr20-48908390-48909262","PREX1",0.0597375154074875
"chr20-26252343-26253235","MIR663AHG",0.0597340189313785
"chr1-156816397-156817300","CCT3",0.05972953955264
"chr7-100803255-100804148","ZCWPW1",0.05972889829953
"chr14-102916595-102917463","TRAF3",0.0597158068469726
"chr2-144701042-144701817","TEX41",0.059708278011991
"chr16-27377432-27378339","IL4R",0.0597080709491655
"chr6-148830744-148831560","UST",0.0597061661485632
"chr3-183537088-183537981","B3GNT5",0.0597057686144565
"chr16-55832761-55833543","CES1",0.059698726588294
"chr6-11729049-11729777","ADTRP",0.0596985331040435
"chr21-42200825-42201567","UBASH3A",0.0596981814051096
"chr8-24914497-24915366","NEFL",0.0596926471153559
"chr8-127733705-127734545","MYC",0.059691807427055
"chr19-947448-948346","ARID3A",0.0596877035987085
"chr4-158170357-158171258","TMEM144",0.0596849821236963
"chr10-33264067-33264953","ITGB1",0.0596740456355052
"chr11-72738105-72738657","ATG16L2",0.0596732942917176
"chr4-74223556-74224437","CXCL8",0.0596716714561817
"chr2-111633806-111634745","MIR4435-2HG",0.059668368139829
"chr9-93109716-93110115","NINJ1",0.0596612146279858
"chr1-186282405-186283200","PRG4",0.0596578762519948
"chr1-222750513-222751366","FAM177B",0.0596571762556723
"chr4-169272206-169272909","SH3RF1",0.0596549238096624
"chr4-73069285-73070153","ANKRD17",0.0596545539025249
"chr8-94960216-94960986","NDUFAF6",0.0596536002433839
"chr12-10293297-10294185","KLRC1",0.0596531583705516
"chr2-174031817-174032712","SP3",0.0596494988618578
"chr1-241531352-241532131","RGS7",0.0596489345365452
"chr1-46581492-46582419","MKNK1",0.0596439739763759
"chr4-71004254-71005169","JCHAIN",0.0596391069460302
"chr2-33475702-33476469","RASGRP3",0.0596370467360238
"chr9-114928888-114929729","TNFSF8",0.0596322735142615
"chr22-31217098-31217936","LIMK2",0.0596298214574798
"chr20-1820452-1821349","NSFL1C",0.0596235626914262
"chr3-12676040-12676958","RAF1",0.0596227897153544
"chr5-75023565-75024435","FAM169A",0.0596136337258592
"chr3-49345874-49346625","USP4",0.0596085005813086
"chr10-87546034-87546871","PAPSS2",0.0596064929824837
"chr17-1039297-1040170","VPS53",0.0596059819782607
"chr14-89479573-89480482","FOXN3",0.0596047154551917
"chr19-49515552-49516448","AP2A1",0.0595991759221713
"chr16-327036-327943","AXIN1",0.0595983498590456
"chrX-56068046-56068956","KLF8",0.0595977670413078
"chr1-1629782-1630675","PRKCZ",0.0595937717082843
"chr8-102978281-102979094","AZIN1",0.0595934536608025
"chr10-70672045-70672952","PALD1",0.0595923830562119
"chr9-135926599-135927490","CARD9",0.0595923259710002
"chr19-19597681-19598466","ZNF101",0.0595904961472604
"chr19-14400648-14401545","CLEC17A",0.0595860750718029
"chr3-186361704-186362619","TRA2B",0.0595857849445148
"chr12-124453211-124454125","UBC",0.0595813690256098
"chr11-93654747-93655599","SLC36A4",0.0595739626705743
"chr6-88641147-88642036","CNR1",0.0595735840883295
"chr1-20597314-20597984","CDA",0.0595728837593863
"chr11-71996693-71997604","INPPL1",0.059570775112332
"chr1-155970338-155971209","LMNA",0.0595667165783249
"chr8-94234236-94235120","CDH17",0.0595643835814713
"chr6-151493699-151494541","CCDC170",0.0595631831861204
"chr6-159119577-159120470","DYNLT1",0.059563037227922
"chr17-40623742-40624484","IGFBP4",0.0595584468937347
"chr1-179318343-179319224","TDRD5",0.0595552698875913
"chr21-31343695-31344588","TIAM1",0.0595499695524159
"chr22-39080183-39081097","APOBEC3C",0.0595382453281399
"chr2-144510253-144511141","GTDC1",0.0595262833363834
"chr3-39279779-39280651","CX3CR1",0.0595236498573525
"chr4-121706383-121707273","TNIP3",0.0595236169015002
"chr20-1823280-1823966","SIRPA",0.0595193884121545
"chr22-23278681-23279566","BCR",0.0595166191820477
"chr21-42218612-42219419","ABCG1",0.0595146346048122
"chr10-89888524-89889330","LINC00865",0.0595134788784251
"chr17-28737738-28738445","NEK8",0.0595098241851895
"chr20-1844446-1845348","SIRPB1",0.0595093117056645
"chr13-28467872-28468752","FLT3",0.0595071676540195
"chr3-191245777-191246675","CCDC50",0.0595011509106914
"chr9-121601034-121601885","GSN",0.0594987365316616
"chr16-31134061-31134914","ITGAM",0.0594972832948291
"chr19-4561845-4562735","KDM4B",0.0594960076752483
"chr2-134040004-134040832","MGAT5",0.0594940354804268
"chr1-22831770-22832682","EPHB2",0.0594938465988264
"chr20-1215389-1216235","SIRPG",0.0594932256401617
"chr21-46424384-46424904","COL6A2",0.0594904929935932
"chr6-132354279-132355157","MOXD1",0.0594893337059951
"chr7-2510796-2511614","SNX8",0.0594824527162138
"chr5-151612650-151613544","G3BP1",0.0594823161020967
"chr19-44754302-44755000","CLASRP",0.059481969486964
"chr6-5174038-5174925","FARS2",0.0594798775324138
"chr13-99356033-99356947","GPR183",0.0594787725178352
"chr3-136861713-136862605","STAG1",0.0594785542784996
"chr15-63805850-63806774","SNX22",0.0594701334970094
"chr1-155909594-155910352","SEMA4A",0.0594697638138615
"chr19-10104405-10105260","ICAM3",0.059465981782229
"chr17-39092228-39093004","PLXDC1",0.0594654117586991
"chr7-44621062-44621913","OGDH",0.0594653491968507
"chr14-105473947-105474717","CRIP1",0.0594622531830045
"chr12-29428452-29429235","TMTC1",0.0594570928348305
"chr17-64081800-64082729","ERN1",0.0594480290943497
"chr7-22698002-22698889","AC002480.2",0.0594460030592956
"chr12-107093282-107094127","CRY1",0.0594459162955695
"chr3-50427806-50428707","RASSF1",0.0594455091521806
"chr7-21941531-21942390","DNAH11",0.0594435057987084
"chr6-159106493-159107332","EZR",0.0594400475582335
"chr19-7655345-7656189","MCOLN1",0.0594341239177895
"chr9-129895222-129896042","USP20",0.0594316152738506
"chr18-12606782-12607612","SPIRE1",0.0594286332698233
"chr11-95705270-95706153","SESN3",0.0594246193375047
"chr5-141813801-141814663","PCDHGA10",0.0594241599990966
"chr2-54550827-54551745","EML6",0.0594233816475665
"chr12-10385031-10385912","KLRC4",0.0594196260306028
"chr8-6732826-6733690","AGPAT5",0.0594159564882899
"chr9-131669987-131670827","RAPGEF1",0.0594145851889916
"chr1-12157599-12158455","CLCN6",0.0594129601877638
"chr11-126311389-126312230","ST3GAL4",0.0594115852681253
"chr19-35318627-35319498","FFAR2",0.0594113942204095
"chr5-131547962-131548847","CDC42SE2",0.059410402680058
"chr2-241095356-241096252","PASK",0.0594088905978319
"chr2-144523913-144524808","ZEB2",0.0594083165950325
"chr12-10602523-10603345","KLRC3",0.0594069720248539
"chr12-10247355-10248180","KLRC3",0.0594064233106062
"chr7-150668176-150669104","GIMAP2",0.0594049205256047
"chr14-88297086-88297987","KCNK10",0.0593978939219408
"chr11-74461847-74462680","KCNE3",0.059397072992797
"chr2-218041224-218042133","TNS1",0.059396666370867
"chr9-133112393-133113307","GBGT1",0.0593950492960863
"chr19-51739800-51740190","FPR1",0.0593944817995174
"chr17-77869429-77870328","SYNGR2",0.0593846132035608
"chr15-55220940-55221863","CCPG1",0.0593791018560498
"chr3-52088137-52089047","STAB1",0.0593727467060209
"chr11-3157475-3158173","OSBPL5",0.0593699200180057
"chr19-11293441-11294349","RAB3D",0.0593680968016698
"chrX-47578393-47579035","CFP",0.0593607423984917
"chr1-207336713-207337577","CR2",0.0593589752858323
"chr8-123534260-123535136","FBXO32",0.0593515972772699
"chr1-167601202-167602063","MPZL1",0.0593480316927905
"chr11-118699413-118700051","MPZL3",0.0593468765978404
"chr12-12846563-12847455","DUSP16",0.0593465873786633
"chr6-144284689-144285489","UTRN",0.0593410745802576
"chr15-67065215-67066124","SMAD3",0.0593368964414621
"chr11-62806667-62807422","STX5",0.0593354145789414
"chr7-30224337-30225174","ZNRF2",0.0593325290436316
"chr7-150502337-150503245","GIMAP4",0.0593292200675
"chr3-113658899-113659823","CCDC191",0.0593255258509066
"chr3-122227358-122227900","CASR",0.059323885861043
"chr1-203593465-203594283","ATP2B4",0.0593183969345892
"chr20-3924050-3924947","RNF24",0.0593174046370231
"chr5-80125649-80126365","ZFYVE16",0.0593164100918097
"chr4-77852873-77853701","CNOT6L",0.0593105334637962
"chr2-197891616-197892461","RFTN2",0.059308271919081
"chr19-54606159-54606743","LILRA6",0.0593081737488459
"chr12-92446840-92447441","C12orf74",0.0593067663406693
"chr1-17635514-17636402","PADI4",0.0593064185475317
"chr7-131057086-131057839","AC016831.7",0.059305413676988
"chr18-48742822-48743691","CTIF",0.05930408653182
"chr4-138035434-138036327","SLC7A11",0.0593004609697448
"chr22-38953719-38954616","GTPBP1",0.0592998016156134
"chr1-151820745-151821595","RORC",0.0592989301324034
"chr16-29662642-29663508","SPN",0.0592922258271175
"chr7-21941531-21942390","RAPGEF5",0.0592921843359177
"chr7-21941531-21942390","CDCA7L",0.0592898446378397
"chr11-47767032-47767874","FNBP4",0.0592845608954921
"chr1-107802413-107803255","VAV3",0.0592843608281053
"chr3-187027227-187028132","EIF4A2",0.0592746784860004
"chr9-137461578-137462487","CLIC3",0.0592715285762526
"chr13-48614768-48615664","CYSLTR2",0.0592674540733796
"chr17-75313719-75314552","H3F3B",0.0592666876187392
"chr12-10128412-10129279","CLEC1B",0.0592652460178171
"chr14-58330786-58331695","KIAA0586",0.0592648032855621
"chr5-86617520-86618373","COX7C",0.0592647361285613
"chr1-161554733-161555566","HSPA6",0.0592646602713214
"chr5-115484141-115485056","TICAM2",0.0592616403813646
"chr11-118886440-118887324","CXCR5",0.0592560917073283
"chr6-5505885-5506488","PPP1R3G",0.0592548244667729
"chr3-18891473-18892325","SATB1",0.0592537043216225
"chr2-203986930-203987762","CTLA4",0.0592522889042251
"chr22-23752289-23753022","SLC2A11",0.0592508576868745
"chr1-203625506-203626192","ATP2B4",0.0592457782337554
"chr5-100777467-100778347","ST8SIA4",0.0592452999587116
"chrX-79144131-79145001","GPR174",0.0592426076895842
"chr11-101914610-101915508","CEP126",0.0592379200692514
"chr17-74512358-74513258","CD300LB",0.0592294517150219
"chr5-173680299-173681107","LINC01484",0.0592277553740506
"chr1-228088392-228089071","ARF1",0.0592220776391214
"chr19-29671383-29672217","PLEKHF1",0.0592129444304
"chr15-90161692-90162570","SEMA4B",0.0592121686852362
"chr20-3710722-3711663","SIGLEC1",0.0592088405859622
"chr2-197934135-197934593","PLCL1",0.0592060581459599
"chr20-5065672-5066557","SLC23A2",0.0592054334580408
"chr19-35316450-35317154","FFAR1",0.0591999349616863
"chr1-156508226-156509094","SEMA4A",0.0591989806705095
"chr9-111108689-111109585","MUSK",0.0591970521421246
"chr19-50328823-50329759","NR1H2",0.0591969509379118
"chr11-122838090-122838961","HSPA8",0.0591943530801214
"chr5-177416012-177416883","MXD3",0.0591888958182145
"chr9-78031619-78032476","GNAQ",0.0591859600198756
"chr17-1575533-1576393","CRK",0.0591855055071217
"chr22-39090283-39091173","PDGFB",0.0591814451305415
"chr19-51606710-51607491","SIGLEC6",0.059179240302132
"chr17-74924282-74925038","CD300E",0.0591785121566972
"chr22-26169106-26170004","SEZ6L",0.0591779378881309
"chr10-73759219-73760018","FUT11",0.0591754552049215
"chr5-76732699-76733571","F2R",0.0591738713300357
"chr16-57756934-57757813","ADGRG1",0.0591721842585616
"chr3-195549854-195550779","PPP1R2",0.0591649511047351
"chr9-93119670-93120550","NINJ1",0.0591636699783294
"chrX-1026971-1027615","SHOX",0.0591634760716009
"chr13-41061265-41062017","ELF1",0.0591608773103831
"chr19-54047349-54048256","VSTM1",0.0591585545773105
"chr19-1874470-1875215","ABHD17A",0.0591552439188902
"chr19-13147214-13147731","MAN2B1",0.0591538840039494
"chr2-112032677-112033501","MERTK",0.0591509761756485
"chr7-2633900-2634303","TTYH3",0.0591495185521102
"chr3-33060333-33061162","CCR4",0.0591474953107534
"chr22-36860529-36861448","CSF2RB",0.0591415975881272
"chr17-7579041-7579956","KDM6B",0.059139987757016
"chr7-135980435-135981335","AC024084.1",0.0591366449551827
"chr18-45889378-45890142","RNF165",0.059130780272095
"chr8-38408719-38409506","TACC1",0.0591266853185385
"chr6-47360215-47360994","CD2AP",0.0591257476113718
"chr8-133139453-133139911","PHF20L1",0.0591254082892906
"chr5-154682357-154683284","LARP1",0.0591241352497995
"chr19-44741570-44742462","CLASRP",0.0591240587391439
"chr19-699122-699823","ARID3A",0.0591227258255925
"chr20-48921244-48922162","PREX1",0.059118385064485
"chr1-157806488-157807383","CD1C",0.0591104276827815
"chr5-157662376-157663209","ADAM19",0.059106475497691
"chr5-139745939-139746716","CXXC5",0.0591041873758006
"chr22-31741997-31742778","RFPL2",0.0591041417264986
"chr19-51735763-51736673","FPR2",0.0591037630589845
"chr8-102883952-102884782","KLF10",0.0591023937044491
"chr14-24310577-24311484","PSME1",0.0590943968673178
"chr17-60677222-60678099","BCAS3",0.059093005088717
"chr1-220747997-220748869","MARK1",0.0590776624869498
"chr14-97723041-97723732","LINC01550",0.0590720594815321
"chr11-9698393-9699008","SWAP70",0.0590705660220252
"chr20-36835351-36836256","SAMHD1",0.0590702753055227
"chr11-3100460-3101302","OSBPL5",0.059062669138327
"chr17-74238975-74239872","TTYH2",0.0590610754561195
"chr10-6266983-6267888","IL15RA",0.0590572386071232
"chr17-75645814-75646717","GRB2",0.0590557013000703
"chr12-10102050-10102860","GABARAPL1",0.059052869542775
"chr19-54905621-54906524","NLRP2",0.0590520715284844
"chr5-56165522-56166385","IL31RA",0.0590478128595612
"chr17-64025436-64026266","LIMD2",0.0590436270674422
"chr11-73289082-73289901","FAM168A",0.0590406688216024
"chr6-110859070-110859979","CDK19",0.0590393194617135
"chr7-37920497-37921282","EPDR1",0.0590360462529914
"chr17-81394943-81395800","BAHCC1",0.0590356593954945
"chr1-156114124-156115057","MEF2D",0.059035140749957
"chr20-50815185-50815969","BCAS4",0.0590351221074287
"chr19-49911094-49911993","KCNC3",0.0590348857360307
"chr12-31896301-31897204","AMN1",0.0590324051067474
"chr1-161185183-161185985","LY9",0.0590313531297335
"chr3-43216935-43217803","SNRK",0.0590288504954557
"chr10-97724194-97725089","PI4K2A",0.0590225379202382
"chr16-30758699-30759594","ITGAL",0.0590197223746451
"chr5-150398548-150399350","TCOF1",0.0590183370896394
"chr21-46008843-46009502","FTCD",0.0590137855100789
"chr1-33433504-33434406","PHC2",0.0590101992778689
"chr12-8069304-8069992","CLEC4A",0.0590091589458581
"chr8-143516152-143517008","RHPN1",0.0590069911961468
"chr16-68711250-68712172","SMPD3",0.0590007398966206
"chr19-50713284-50714133","SHANK1",0.0589887664258073
"chr3-150925562-150926471","MED12L",0.0589879009499444
"chr1-153734492-153735383","S100A6",0.0589872625266145
"chr2-53773815-53774295","CHAC2",0.0589744669307098
"chr1-25622328-25622952","LDLRAP1",0.0589722017833244
"chr16-30473579-30474342","ITGAL",0.0589695033533163
"chr6-159116074-159116920","EZR",0.0589669318287191
"chr19-55206817-55207685","FCAR",0.0589592667221596
"chr11-65117350-65118222","VPS51",0.0589530924752572
"chr11-94574194-94575081","PIWIL4",0.0589522655061977
"chr3-150890109-150890967","SIAH2",0.0589500520327386
"chr1-31483047-31483935","PTP4A2",0.0589495078877589
"chr19-18502582-18503436","ELL",0.0589490689459753
"chr20-32052476-32053252","ID1",0.0589485743052308
"chr1-181135674-181136490","IER5",0.0589471744974886
"chr1-12183938-12184863","AGTRAP",0.058942842469101
"chr2-202588410-202589277","FAM117B",0.0589419941474212
"chr14-101823329-101824011","HSP90AA1",0.0589396724355074
"chr19-10522917-10523835","EIF3G",0.0589378654082525
"chr19-49944515-49945115","FCGRT",0.0589331513579812
"chr9-124873602-124874359","ARPC5L",0.0589330318123202
"chr17-7130475-7131409","TNFSF13",0.058930077725968
"chr22-37633370-37634247","CYTH4",0.0589280878762001
"chr5-74670205-74671076","LINC01331",0.0589238570438119
"chr18-13273625-13274450","LDLRAD4",0.0589223706714366
"chr17-63699898-63700368","ICAM2",0.0589206572764278
"chr6-167079581-167080471","RNASET2",0.0589201460682925
"chr16-84602885-84603759","KIAA0513",0.0589057687297436
"chr11-105207854-105208710","GRIA4",0.0589021573516766
"chr6-87718751-87719638","SLC35A1",0.0589007290257304
"chr9-131237762-131238621","PRRC2B",0.0588991234118295
"chr13-46377199-46377959","LRCH1",0.0588963488465701
"chr5-96816230-96817092","ERAP2",0.0588922144007588
"chr19-54551799-54552319","FCAR",0.058890062150802
"chr19-51327428-51328277","FPR1",0.0588880217408666
"chr16-28910039-28910651","CD19",0.0588852824809614
"chr17-74924282-74925038","GRB2",0.0588793650951896
"chr9-95510500-95511334","PTCH1",0.0588793250739624
"chr17-3886555-3887417","P2RX1",0.058874589790716
"chr14-97995519-97996252","LINC01550",0.058874095858626
"chr6-31862513-31863417","GPSM3",0.0588740553915581
"chr22-46592185-46592910","CELSR1",0.0588695217785945
"chr19-1252741-1253467","ARID3A",0.058861293556575
"chr7-105012407-105013253","KMT2E",0.0588610100973594
"chr2-148524260-148525161","KIF5C",0.0588578635026438
"chr16-85839486-85840336","IRF8",0.0588577380533479
"chr2-112700028-112700835","SLC20A1",0.0588558029624651
"chr3-122054957-122055827","ILDR1",0.0588527434897687
"chr2-164909855-164910747","SCN2A",0.0588493345312536
"chrX-155196227-155196987","F8A3",0.0588433717795761
"chr14-77347497-77348406","TMEM63C",0.0588415584840224
"chr9-106310528-106311413","LINC01505",0.0588404986410848
"chr13-75762302-75763174","LMO7",0.0588353572418761
"chr17-83155186-83156090","B3GNTL1",0.0588345913600913
"chr2-221527514-221528369","EPHA4",0.0588269878607972
"chr19-12782069-12782992","GADD45GIP1",0.0588266923159916
"chr5-95284767-95285240","MCTP1",0.058825211444042
"chr6-36296082-36296804","MAPK14",0.0588240979446247
"chr12-6550115-6550991","CD4",0.0588238769689975
"chr12-12356660-12357550","BORCS5",0.0588225555567065
"chr13-30744025-30744933","ALOX5AP",0.0588210704269561
"chr9-98075581-98076479","ANP32B",0.0588180243325495
"chr14-103949584-103950419","TDRD9",0.0588178223706069
"chr19-51784714-51785619","FPR3",0.0588137340154309
"chr20-25015876-25016709","APMAP",0.0588086321407701
"chr6-36441115-36441943","MAPK14",0.05880032709612
"chr12-9741487-9742392","KLRD1",0.0587912597395803
"chr17-4710036-4710906","PELP1",0.0587894065653345
"chr20-31675807-31676476","BCL2L1",0.0587875551386231
"chr18-58970795-58971614","ZNF532",0.0587874738748494
"chr9-76027166-76028025","PCSK5",0.0587742592867212
"chr14-74592602-74593512","NPC2",0.0587739304518077
"chr5-151482939-151483775","SLC36A1",0.0587719378147412
"chr19-54312395-54313201","LILRA1",0.0587653776606979
"chr2-113282762-113283657","IL1RN",0.0587646710054609
"chr19-35211729-35212543","LSR",0.0587624165510983
"chr17-30351000-30351756","SSH2",0.058757094542748
"chr19-54803174-54803941","KIR2DL4",0.0587544983862483
"chr12-111777103-111777946","ALDH2",0.0587517999846961
"chr17-75301529-75302315","H3F3B",0.0587469558658662
"chr11-65452907-65453760","AP5B1",0.0587440265813526
"chr2-202762255-202763168","FAM117B",0.0587409471656809
"chr19-42498375-42499034","PSG8",0.0587359023205468
"chr16-28930434-28931331","CD19",0.0587348407690266
"chr6-33694303-33695157","SYNGAP1",0.0587320766954036
"chr19-54268757-54269609","LILRA5",0.0587303511469507
"chr1-32627412-32628297","YARS",0.0587297570792381
"chr1-1182560-1183498","TNFRSF18",0.0587291235150331
"chr12-54195628-54196427","NCKAP1L",0.0587275126518285
"chr2-231781007-231781902","DIS3L2",0.0587209591959064
"chr19-19865483-19866287","ZNF506",0.0587091519296837
"chr16-3256202-3257115","MEFV",0.0587046598756584
"chr17-4735880-4736773","CXCL16",0.0587039842682027
"chr3-112578942-112579847","CD200",0.0586953855023487
"chr12-6643833-6644476","CD4",0.0586930039697509
"chr11-14638028-14638697","PSMA1",0.0586923369942879
"chr12-9340885-9341741","KLRG1",0.0586903269604109
"chr12-26327868-26328798","SSPN",0.0586884502465099
"chr3-50340479-50341404","GNAI2",0.0586830034907525
"chr22-29886351-29887221","MTMR3",0.0586826558597318
"chr11-72717747-72718631","ATG16L2",0.0586817432070779
"chr4-153204945-153205821","TRIM2",0.0586758232712149
"chr6-157613872-157614755","ZDHHC14",0.0586701130920711
"chr9-87514754-87515500","CTSL",0.0586695575318543
"chr12-24900716-24901580","BCAT1",0.0586690715760523
"chr10-48820376-48821309","WDFY4",0.0586664867195828
"chr1-159910134-159911046","TAGLN2",0.0586663418791215
"chr19-18374089-18374984","JUND",0.0586634739105484
"chr22-46355178-46356052","CELSR1",0.0586567938048291
"chr11-615499-616402","IRF7",0.058654371767652
"chr19-54660160-54660841","MBOAT7",0.0586533177093085
"chr14-102840801-102841670","TECPR2",0.0586513412826639
"chr6-342087-342739","IRF4",0.0586511671182502
"chr18-23358518-23359386","NPC1",0.0586501584662256
"chr6-7933623-7934466","DSP",0.0586499564274136
"chr16-56870993-56871839","SLC12A3",0.0586469157680737
"chr1-153734492-153735383","DENND4B",0.0586458520722964
"chr5-132354242-132355097","SLC22A4",0.0586407749371652
"chr12-56299918-56300776","CNPY2",0.0586386452414104
"chr14-91229562-91230405","GPR68",0.0586359280357646
"chr13-50141348-50142164","DLEU1",0.0586321099120206
"chr7-121328526-121329299","CPED1",0.0586301171124611
"chr1-17098160-17098945","PADI4",0.0586233179820389
"chr7-45001183-45001899","CCM2",0.0586230591465792
"chr19-18224186-18225043","LRRC25",0.0586226623002346
"chr12-7751135-7752021","CLEC4C",0.0586217463750715
"chr4-83212161-83213074","PLAC8",0.058614465889629
"chr16-56910254-56911045","HERPUD1",0.0586064580697461
"chr2-8334693-8335584","ID2",0.0585869666620062
"chr2-174031817-174032712","CIR1",0.0585783028431232
"chr19-10848003-10848874","C19orf38",0.0585773063084783
"chr3-196687999-196688906","PCYT1A",0.0585771562239256
"chr19-10270289-10270735","ICAM1",0.05857111366714
"chr19-51764118-51765007","SIGLEC5",0.0585696053369363
"chr1-17206924-17207698","CROCC",0.0585691908681899
"chr1-225865785-225866683","EPHX1",0.0585654272016228
"chr17-7138680-7139459","XAF1",0.05856218678516
"chr19-49953172-49953982","FCGRT",0.0585590852892821
"chr6-52419799-52420710","MCM3",0.0585590817903651
"chr20-3712227-3713115","PANK2",0.0585564298699031
"chr12-104604135-104604924","CHST11",0.058555314665707
"chr2-207769517-207770404","CREB1",0.0585469462946866
"chr19-10809472-10810327","C19orf38",0.0585452355832081
"chr3-15303948-15304812","COLQ",0.0585442055563611
"chr14-52327143-52328043","PTGER2",0.0585432811160618
"chr11-108236338-108237227","NPAT",0.0585370959915715
"chr2-28601433-28602281","FOSL2",0.0585364438566916
"chr6-32920352-32921197","HLA-DMA",0.0585336538558102
"chr9-128340060-128340967","ST6GALNAC6",0.058529519243224
"chr19-19860765-19861626","ZNF506",0.0585245592208279
"chr2-230872992-230873397","ITM2C",0.0585245055997862
"chr17-63961323-63962220","MAP3K3",0.0585212024329024
"chr12-119988561-119989455","COX6A1",0.0585203176972568
"chr21-42234459-42235321","ABCG1",0.0585158734745401
"chr8-22980792-22981660","CHMP7",0.0585148356102395
"chr5-56126269-56127142","ANKRD55",0.0585129838890096
"chr20-1569201-1570066","SIRPD",0.0585124335231816
"chr19-8208952-8209844","CD320",0.0585066509899147
"chr3-31971987-31972846","ZNF860",0.0584958102570497
"chr8-89974333-89975200","NBN",0.0584950845677013
"chr19-10104405-10105260","SLC44A2",0.0584941876434571
"chr2-100322016-100322707","LONRF2",0.0584941185315794
"chr1-156581599-156582404","TTC24",0.0584857818087313
"chr12-68080316-68081196","IFNG",0.0584848146029318
"chr1-113930308-113931100","RSBN1",0.0584815626924335
"chr7-2261379-2262280","SNX8",0.0584779768376626
"chr9-136079406-136080273","NACC2",0.0584704118287679
"chr22-37843950-37844814","EIF3L",0.0584697552745828
"chr10-71852418-71853154","CDH23",0.0584679960589999
"chr13-41464938-41465811","NAA16",0.0584666085989401
"chr3-33008039-33008842","CCR4",0.0584661564354715
"chr21-29024282-29025191","USP16",0.0584611213500173
"chr16-1152480-1153317","FBXL16",0.0584491615126718
"chrX-1330264-1331134","IL3RA",0.0584452961268239
"chr14-24329475-24330346","PSME2",0.0584393522277023
"chr5-119220337-119221234","DMXL1",0.0584223793577741
"chr17-74917140-74917992","GRB2",0.0584221916182437
"chr9-37060565-37061372","ZCCHC7",0.0584196830312173
"chr13-49530155-49531030","KPNA3",0.0584148956962431
"chr17-35050991-35051854","SLFN5",0.0584138456126165
"chr1-164558538-164559419","PBX1",0.0584107431968842
"chr3-121794279-121795186","EAF2",0.0584067884231552
"chr10-71627730-71628627","CDH23",0.0584044462096525
"chr21-25568041-25568770","MIR155HG",0.0584038744678686
"chr11-3098872-3099670","OSBPL5",0.0584032728584529
"chr6-89952520-89953387","MDN1",0.0583964863456569
"chr3-15291806-15292728","COLQ",0.0583945504002781
"chr6-132736110-132736906","VNN1",0.0583907982209064
"chr1-242523671-242524204","PLD5",0.0583898723360872
"chr2-112154525-112155302","ANAPC1",0.0583852186743972
"chr5-135452032-135452940","TIFAB",0.0583849714245194
"chr1-153945873-153946479","TPM3",0.0583820086083281
"chr9-95317194-95317988","PTCH1",0.0583813732999893
"chr19-54222506-54223423","NLRP12",0.0583798447431992
"chr12-95553026-95553872","USP44",0.0583762766737594
"chr22-30270587-30271504","TCN2",0.0583761640870595
"chr11-3135296-3136065","OSBPL5",0.0583754407613148
"chr11-72712103-72712968","ARAP1",0.0583696597171268
"chr1-205812754-205813667","RAB29",0.0583621776761338
"chr17-63699898-63700368","SNHG25",0.0583585204848096
"chr2-8487882-8488745","ID2",0.0583558499756328
"chr15-51622499-51623319","TMOD2",0.0583521565968877
"chr22-23268554-23269311","C22orf15",0.0583482465077482
"chr20-36957625-36958506","SOGA1",0.0583464786295806
"chr19-703567-704496","LINC01002",0.0583449897958485
"chr14-75247222-75248114","YLPM1",0.0583418915723889
"chr2-165277717-165278600","SCN3A",0.05833623070594
"chr12-18139913-18140681","RERGL",0.0583346402203219
"chr17-35875310-35876205","CCL4",0.0583331282707274
"chr19-1873011-1873856","PCSK4",0.0583284991514167
"chr1-145964190-145965108","POLR3GL",0.0583264741910109
"chr4-108433519-108434450","RPL34-AS1",0.0583256593891481
"chrX-79270127-79271029","GPR174",0.0583246278539623
"chr8-26589223-26590093","BNIP3L",0.0583237732276978
"chr12-24814150-24814986","LRMP",0.0583161576430742
"chr7-100569881-100570678","AGFG2",0.0583149262570186
"chr17-75087427-75088298","GRB2",0.0583116572667652
"chr15-93235890-93236809","LINC01578",0.0583108595539936
"chr11-8531755-8532625","STK33",0.0583071518105261
"chr1-153566215-153567026","DENND4B",0.0583023831939323
"chr16-31128609-31129478","PYCARD",0.0583018754855689
"chr1-160751282-160752167","SLAMF7",0.0582904505606609
"chr6-42915640-42916499","PTK7",0.0582889649914492
"chr11-61353538-61354226","CYB561A3",0.0582859122545988
"chr17-68602814-68603694","FAM20A",0.0582848302531987
"chr17-75266821-75267588","SMIM6",0.0582796305072501
"chr16-81827841-81828689","PLCG2",0.0582747096571127
"chr3-31981412-31982027","ZNF860",0.0582724995782623
"chr3-18825394-18826157","SATB1-AS1",0.05827127413205
"chr12-8618898-8619789","CLEC4A",0.0582711780076092
"chr1-157073979-157074903","ARHGEF11",0.058270156831671
"chr19-3165249-3166140","GNA15",0.0582691045846942
"chr20-1467806-1468337","NSFL1C",0.0582662536236286
"chr2-230449486-230450419","SP140",0.0582648584232998
"chr19-827443-828269","MIDN",0.058260244017185
"chr6-56842839-56843689","DST",0.058256740395899
"chr20-49717677-49718600","SNAI1",0.0582525720110343
"chr9-81621632-81622529","TLE1",0.0582487132532826
"chr20-48797127-48798023","ZNFX1",0.05824833190637
"chr7-110834967-110835841","LRRN3",0.0582476620433293
"chr3-112357935-112358696","BTLA",0.058246053899321
"chr2-112700991-112701746","SLC20A1",0.0582453860742563
"chr9-124202198-124203108","NEK6",0.0582447617345942
"chr19-44738558-44739448","RELB",0.0582428816093433
"chr17-7685809-7686738","VAMP2",0.0582417476054837
"chr1-23573980-23574912","ID3",0.0582391398080616
"chr20-46099268-46100176","CD40",0.058238774499297
"chr1-32798734-32799648","S100PBP",0.0582374803038747
"chr1-241551680-241552573","RGS7",0.0582358084047648
"chr8-100409733-100410618","RNF19A",0.0582343277156568
"chr11-66317684-66318638","CD248",0.0582324172547784
"chr8-41715943-41716828","ANK1",0.0582301541867085
"chr6-41705818-41706718","TREM1",0.0582284772507276
"chr22-28748802-28749711","XBP1",0.0582279662732776
"chr4-139734625-139735495","SETD7",0.0582220960177961
"chr3-15467053-15467924","COLQ",0.0582209995412985
"chr1-205774865-205775752","RAB29",0.0582075072483137
"chr19-54242458-54243304","LILRB1",0.0582070675100127
"chr19-18169358-18170398","LRRC25",0.0582069928055883
"chr20-32066940-32067814","PLAGL2",0.0582066117740101
"chr14-24271158-24272034","GZMH",0.0582053415423872
"chr14-95697551-95698419","TCL6",0.0582052254053174
"chr4-169270564-169271362","SH3RF1",0.0582030792789829
"chr11-47714915-47715775","NUP160",0.0582011251934394
"chr14-20667729-20668629","RNASE6",0.0582007341757988
"chr1-243495674-243496575","CEP170",0.0581985453505349
"chr20-59752155-59752954","MIR646HG",0.0581939598693305
"chr3-53102415-53103292","PBRM1",0.0581914809279314
"chr4-108141370-108142137","LEF1-AS1",0.0581732399172495
"chr5-149687054-149687728","CSNK1A1",0.0581719101324184
"chr14-105849612-105850455","FAM30A",0.0581623425581549
"chr20-4154706-4155624","SIGLEC1",0.0581591018784049
"chr7-132771067-132771992","PLXNA4",0.0581571249711363
"chr22-30996214-30997126","TCN2",0.0581563292473625
"chr21-38228331-38229151","KCNJ15",0.058155158926308
"chr9-87593159-87594054","CTSL",0.0581538786491027
"chr16-4194392-4195275","CREBBP",0.0581518234836582
"chr19-4542922-4543756","PLIN3",0.0581509680785543
"chr4-102390188-102391099","UBE2D3",0.0581463431311819
"chr13-79393523-79394439","RBM26",0.0581434289094016
"chr1-1371321-1371887","TNFRSF4",0.0581400870270196
"chr19-751339-752070","CFD",0.0581384137973469
"chr13-99215196-99216068","CLYBL",0.0581317552430348
"chr20-34680355-34681258","ACSS2",0.0581316800754814
"chr16-89957788-89958646","FAM157C",0.0581298201264553
"chr12-9340885-9341741","LINC00612",0.0581264482098953
"chr15-101121323-101122210","LRRK1",0.0581245325480086
"chr12-9760684-9761272","KLRB1",0.0581201641179174
"chr19-51771135-51772026","SIGLEC10",0.0581194086492361
"chr19-7294016-7294908","ADGRE1",0.058113579532221
"chr10-72334737-72335570","DDIT4",0.0581112365359795
"chr16-27237121-27238054","IL21R",0.0581044359018476
"chr1-220961789-220962674","MARC1",0.0581029645303049
"chr19-10517269-10517889","S1PR5",0.0581016415536148
"chr9-87722127-87723021","CTSL",0.0580967761829484
"chr4-75180927-75181800","PARM1",0.0580846036048716
"chr9-134293497-134294426","VAV2",0.0580818849808271
"chr9-37408873-37409799","FBXO10",0.0580802626241035
"chr16-85447110-85447832","C16orf74",0.0580800336735932
"chr2-164754116-164755037","SCN3A",0.0580786732898096
"chr20-63612078-63612959","TPD52L2",0.0580749923165442
"chr17-75663822-75664720","SMIM6",0.0580742191219828
"chr2-96137286-96138070","DUSP2",0.0580712930784673
"chr12-111406887-111407655","CUX2",0.0580696135616481
"chr1-39196605-39197502","MACF1",0.0580654535874736
"chr1-2151005-2151828","GNB1",0.0580625310362478
"chr3-32296483-32297346","CMTM8",0.0580623663370188
"chr3-13880446-13880811","WNT7A",0.0580616058229805
"chr6-118756012-118756876","CEP85L",0.0580592475675823
"chr1-1629782-1630675","TNFRSF4",0.0580532786867833
"chr11-6225595-6226470","TPP1",0.0580485214623461
"chr6-37259138-37259864","PI16",0.0580480685402655
"chr6-45021451-45022331","RUNX2",0.0580447834879885
"chr2-164913504-164914335","SCN3A",0.0580427672313189
"chr10-118531076-118531971","CACUL1",0.0580408283076612
"chr4-76034905-76035757","CXCL10",0.0580406900991703
"chr5-132364134-132365020","P4HA2",0.058040683378309
"chr14-49596350-49597193","LINC01588",0.0580399558420762
"chr5-151208815-151209582","CCDC69",0.0580345973307603
"chr2-46984925-46985753","CALM2",0.0580302793230065
"chr7-5237043-5237954","AP5Z1",0.0580290868510686
"chr8-21915057-21915945","SLC39A14",0.0580162162053314
"chr11-128448462-128449052","ETS1",0.058012862244711
"chr12-122898261-122899176","MPHOSPH9",0.0580049766662126
"chr6-41286394-41287271","TREML4",0.0579988121498027
"chr10-77555701-77556551","KCNMA1",0.0579964833732779
"chr16-68269059-68269940","ZFP90",0.0579941064058909
"chrX-53088369-53089213","TSPYL2",0.0579864209626305
"chr3-46947939-46948821","NBEAL2",0.0579856588054979
"chr2-38666831-38667712","HNRNPLL",0.0579809660806494
"chr12-56117785-56118668","CNPY2",0.0579797820785033
"chr21-46424384-46424904","S100B",0.057975850588712
"chr13-74575409-74576314","LINC00402",0.0579754478632781
"chr8-85263508-85264428","CA2",0.0579732786461033
"chr8-129581554-129582513","CCDC26",0.0579724769841227
"chr5-107476552-107477468","EFNA5",0.0579714443284666
"chr2-217928301-217929216","RUFY4",0.0579696916248482
"chr17-82231685-82232515","SLC16A3",0.0579687107351197
"chr10-16834988-16835858","CUBN",0.0579671144482741
"chr1-212514589-212515412","ATF3",0.0579653101331976
"chr17-7120536-7121107","EIF4A1",0.0579641890102676
"chr7-2772681-2773590","AMZ1",0.0579614725228939
"chr17-28982055-28982949","TAOK1",0.0579606690548347
"chr6-118656766-118657601","CEP85L",0.0579604812035086
"chr5-35822262-35823114","SPEF2",0.057959772396477
"chr10-88852924-88853815","LIPN",0.0579574209493627
"chr3-4986525-4987413","BHLHE40",0.0579570062122824
"chr19-38287357-38288248","RASGRP4",0.0579514742471314
"chr9-134343970-134344810","RXRA",0.0579496115608517
"chr17-50919407-50920299","TOB1",0.0579490735386908
"chr1-210332616-210333330","HHAT",0.0579487165462301
"chr1-67341998-67342754","IL12RB2",0.0579481167449823
"chr10-71333206-71334093","CDH23",0.0579476217896649
"chr13-41049945-41050549","ELF1",0.0579463587643081
"chr18-13279018-13279816","LDLRAD4",0.0579370538246821
"chr19-7544528-7545249","STXBP2",0.0579329004951505
"chr13-99312231-99313131","TM9SF2",0.0579320329374834
"chr19-47227865-47228711","NAPA",0.0579234263379304
"chr6-36018090-36018928","MAPK14",0.0579209115171893
"chr2-102227420-102228336","LINC01127",0.0579139215853945
"chr19-29587292-29588174","PLEKHF1",0.0579114513551361
"chr19-827443-828269","ARID3A",0.0579113603908684
"chr5-150477075-150477893","DCTN4",0.0579107570554663
"chr3-18344536-18345266","SATB1",0.0579098592144631
"chr3-114005164-114006061","ZDHHC23",0.0579068628466391
"chr6-137982359-137983123","TNFAIP3",0.0579067547482908
"chr19-11074237-11075148","TSPAN16",0.0579012904749606
"chr2-8337114-8338008","LINC00299",0.0578993576072806
"chr17-82241339-82242209","CSNK1D",0.0578981706113039
"chr7-44959352-44960240","MYO1G",0.0578977191963246
"chr21-32717704-32718562","SYNJ1",0.0578958584688953
"chr11-65776006-65776722","MAP3K11",0.0578903103537644
"chr5-80144850-80145637","ZFYVE16",0.0578854596187146
"chr9-127833358-127834250","SH2D3C",0.0578843722149219
"chr6-46015180-46016051","CLIC5",0.0578814358644789
"chr2-38076489-38077165","CDC42EP3",0.0578807868891047
"chr9-37746883-37747761","FRMPD1",0.0578807191595072
"chr2-74789013-74789914","LOXL3",0.057880351459551
"chrX-57313497-57314368","FAAH2",0.0578799960725016
"chr11-116769766-116770616","TAGLN",0.0578751874213046
"chr3-53170001-53170831","TKT",0.0578726210887425
"chr9-35661750-35662607","SIT1",0.0578610353278233
"chr9-33080967-33081834","AQP3",0.0578609223094945
"chr12-98618765-98619610","APAF1",0.0578580119534965
"chr14-102565096-102565988","CDC42BPB",0.0578565995333468
"chr1-245310809-245311689","HNRNPU",0.0578559712214705
"chr19-53889582-53890483","MYADM",0.0578492903364533
"chr1-27099213-27099984","WASF2",0.0578470652219463
"chr1-111127956-111128832","DRAM2",0.0578470493094409
"chr1-9076053-9076820","SLC2A5",0.0578429949694654
"chr3-105746630-105747386","CBLB",0.0578424487419664
"chr2-20675521-20676349","GDF7",0.0578416627814812
"chr1-27624775-27625505","FGR",0.0578415762208289
"chr3-108833344-108834076","TRAT1",0.057837606710116
"chr19-53978189-53978864","OSCAR",0.0578351810512025
"chr16-85988684-85989515","C16orf74",0.0578332708117023
"chr13-71864458-71865133","DACH1",0.057832996140359
"chr2-113235104-113236013","PAX8-AS1",0.0578301532889355
"chr14-68732796-68733656","ZFP36L1",0.0578299996716308
"chr5-56094525-56095403","IL6ST",0.0578295877811096
"chr12-49230509-49231417","TUBA1C",0.0578227358991303
"chr2-38076489-38077165","CYP1B1",0.0578218605024495
"chr5-78905429-78906278","LHFPL2",0.0578215353204174
"chr2-203860873-203861796","CTLA4",0.0578169537352462
"chr19-19420407-19421232","SLC25A42",0.057812026686448
"chr17-35244192-35245050","SLFN13",0.0578101421048973
"chr4-165307954-165308803","KLHL2",0.0578080719071646
"chr19-44732343-44733236","CLASRP",0.0578063909340542
"chr19-12289012-12289925","ZNF44",0.057804072184089
"chr19-33819694-33820561","KCTD15",0.0578028601283594
"chr17-64506160-64507096","ICAM2",0.0577974868369368
"chr12-8953711-8954643","LINC00612",0.0577924411762001
"chr6-151757306-151758160","ESR1",0.0577885426964194
"chr20-37356101-37356879","CTNNBL1",0.0577806798681584
"chr1-153566215-153567026","S100A8",0.0577806458538998
"chr17-78592137-78593016","SYNGR2",0.0577790242597348
"chrX-155242134-155243021","CLIC2",0.0577716501367708
"chr11-60951974-60952795","SLC15A3",0.0577712161482414
"chr11-67078020-67078917","ANKRD13D",0.0577679838175076
"chr19-54741514-54742466","LILRA5",0.0577610723872111
"chr6-157885011-157885903","SYNJ2",0.0577601324510065
"chr16-53130277-53131195","CHD9",0.0577595330770632
"chr17-75773067-75773928","EVPL",0.0577587459942965
"chr5-76715640-76716508","F2R",0.0577582963683472
"chr11-60182586-60183401","MS4A4A",0.0577514063407479
"chr2-100321148-100321888","LONRF2",0.0577484797136697
"chr5-151215212-151215932","DCTN4",0.0577460504468873
"chr19-55075219-55076087","TMEM150B",0.0577458081923443
"chr16-67846410-67847332","PRMT7",0.057743236899841
"chr3-15805497-15806387","EAF1",0.0577428580189402
"chr16-66376651-66377540","TK2",0.0577419632486514
"chr10-123995586-123996398","CHST15",0.057735054645668
"chr9-132372429-132373320","SETX",0.0577313772133358
"chr16-2905259-2906196","PDPK1",0.05772774143621
"chr9-134203913-134204602","COL5A1",0.057727715418119
"chr6-157860150-157861034","SYNJ2",0.0577258253280521
"chr5-39424604-39425485","DAB2",0.0577248859150238
"chr19-33331962-33332833","CEBPA",0.0577245599240107
"chr19-46981089-46981936","DHX34",0.0577235302007716
"chr6-53216167-53217013","ELOVL5",0.0577232679896472
"chr9-4667504-4668333","SLC1A1",0.0577226628353702
"chr1-205279744-205280609","SLC45A3",0.057720805558807
"chr15-52100514-52101344","MYO5A",0.0577197645398261
"chr9-136996134-136997036","PTGDS",0.0577187495733322
"chr16-30571575-30572442","BCL7C",0.0577171564502682
"chr22-44023842-44024714","PARVB",0.0577154937473435
"chr9-113227075-113227793","FKBP15",0.0577154245975637
"chr15-74400792-74401662","SEMA7A",0.0577139854769985
"chr17-35858016-35858973","HEATR9",0.0577127155874469
"chr16-84726080-84726928","ZDHHC7",0.0577119368173257
"chr15-75042808-75043578","CSK",0.0577108449966924
"chr16-1152480-1153317","IFT140",0.057705452186548
"chr5-177114602-177115281","DOK3",0.0577039187442442
"chr1-26391250-26392155","ZNF683",0.0577030010947217
"chr7-151925568-151926483","RHEB",0.0577020959538177
"chr2-9537846-9538640","ASAP2",0.0576981408421311
"chr4-108432063-108432847","LEF1-AS1",0.0576978985773962
"chr11-78030224-78031129","KCTD14",0.0576967441855304
"chr3-114005164-114006061","GRAMD1C",0.0576958858853437
"chr12-9906616-9907509","KLRF1",0.057694331355131
"chr1-12157599-12158455","AGTRAP",0.0576938133970529
"chr19-8444506-8445365","CD320",0.0576903290269476
"chr20-51306488-51307371","KCNG1",0.0576898796114537
"chr16-569474-570393","FBXL16",0.0576847174740248
"chr21-44485039-44485860","AIRE",0.0576823613916405
"chr19-14573976-14574870","CLEC17A",0.0576785749818344
"chrX-65034537-65035344","ZC3H12B",0.0576736546761666
"chr6-26233511-26234370","HIST1H4C",0.0576701995217362
"chr6-131999394-132000302","ENPP1",0.0576694251320697
"chr17-77666592-77667519","TNRC6C-AS1",0.0576646094812571
"chr12-9687013-9687880","PZP",0.0576615258266832
"chr4-75686145-75687039","G3BP2",0.0576607433656215
"chr1-92980945-92981826","CCDC18-AS1",0.0576575021704262
"chr1-149887746-149888571","RPRD2",0.0576563814138683
"chr13-42071479-42072353","TNFSF11",0.0576546696666971
"chr6-32666265-32667157","HLA-DOA",0.0576525098561497
"chr10-48606654-48607561","ARHGAP22",0.0576472992915813
"chr6-26019999-26020841","BTN3A2",0.0576334900478003
"chr9-37374669-37375576","FBXO10",0.0576324746137411
"chr12-122748494-122749332","HCAR3",0.0576246808492239
"chr12-128796059-128796892","SLC15A4",0.0576243721582214
"chr17-49748547-49749398","FAM117A",0.0576230727082536
"chr11-61917063-61917908","FTH1",0.0576224051411914
"chr11-33211030-33211957","PRRG4",0.0576204057723646
"chr11-640280-641114","RNH1",0.0576187360984941
"chr19-45454093-45454892","RELB",0.0576185750394748
"chr5-143605222-143606056","NR3C1",0.0576129658528602
"chr9-134365946-134366838","VAV2",0.0576094326976455
"chr14-34930955-34931642","EGLN3",0.0576092977648735
"chr14-89564291-89564890","KCNK13",0.0576084979763779
"chr16-85002404-85003311","GSE1",0.0576071165206977
"chr14-20794426-20795311","RNASE2",0.0576037987283116
"chr10-32971393-32972242","ITGB1",0.0575986241388507
"chr19-10870798-10871716","SMARCA4",0.057592310888231
"chr4-36237686-36238497","DTHD1",0.057590319967977
"chr9-129888274-129889122","USP20",0.0575889382254554
"chr3-43346849-43347666","SNRK",0.0575877919104785
"chr1-156119577-156120454","MEF2D",0.0575838010621182
"chr7-150780800-150781462","TMEM176A",0.0575795043779555
"chr16-80026912-80027811","MAF",0.0575784284770658
"chr4-39181923-39182825","RFC1",0.057573913505603
"chr1-116794543-116795401","CD101",0.0575683293801629
"chr1-186654493-186655286","PTGS2",0.0575681641143101
"chr19-39958846-39959629","FCGBP",0.0575539883912748
"chr2-88831507-88832307","EIF2AK3",0.0575531874298052
"chr16-85568186-85569008","GSE1",0.057551098208568
"chr17-5048989-5049888","SLC52A1",0.0575508331442029
"chr14-105487236-105488056","CRIP1",0.0575483126131089
"chr12-133130010-133130907","ZNF84",0.0575480807690419
"chr1-36023118-36023995","CLSPN",0.0575472671920855
"chr1-209672981-209673830","G0S2",0.0575433783613996
"chr6-47335271-47336149","TNFRSF21",0.0575358051302823
"chr7-64562646-64563489","ZNF107",0.0575342000416668
"chr5-151208815-151209582","DCTN4",0.0575226153348291
"chr1-235011584-235012502","ARID4B",0.0575199730436704
"chr19-2270532-2271399","MOB3A",0.0575189404698284
"chr8-109574520-109575370","PKHD1L1",0.0575123180859508
"chr1-10414949-10415859","RBP7",0.0575089028821433
"chr19-54695996-54696744","LILRB4",0.0575081256925406
"chr10-6134712-6135521","IL2RA",0.0575043972694841
"chr17-45414885-45415688","ARHGAP27",0.0575038767965796
"chr11-73536682-73537455","RELT",0.0575029511940713
"chr1-160640132-160640749","SLAMF1",0.0575025222977265
"chr7-91287016-91287875","FZD1",0.0574977711144859
"chr1-145716481-145717413","CD160",0.0574916454538789
"chr17-83122005-83122889","METRNL",0.0574900832388454
"chr8-42292611-42293560","ANK1",0.0574898782238845
"chr12-48795523-48796381","ADCY6",0.0574850595241848
"chr6-146598514-146599413","RAB32",0.057479368447679
"chr10-132546596-132547341","C10orf91",0.0574762221586251
"chr17-14318437-14319271","AC005224.2",0.0574744156354829
"chr6-32627601-32628476","HLA-DQA2",0.0574581632206533
"chr18-79405578-79406448","NFATC1",0.0574577773484175
"chr6-157548718-157549540","ZDHHC14",0.0574527181110741
"chr2-215749349-215750278","LINC00607",0.057452011043732
"chr8-28406048-28406940","PNOC",0.0574499477623249
"chr11-78202730-78203626","NARS2",0.0574464729347635
"chr11-62816291-62817203","WDR74",0.0574460923352502
"chr3-52779169-52780097","STAB1",0.0574445583746266
"chr12-121589919-121590639","BCL7A",0.0574399640116895
"chr15-40047345-40048224","PLCB2",0.0574385418452634
"chr20-23155903-23156739","CD93",0.057427164084361
"chr15-64754677-64755493","RBPMS2",0.0574264076133582
"chr19-35710920-35711726","ZBTB32",0.0574203527816995
"chr17-49387942-49388752","FAM117A",0.05741671932066
"chr10-102450130-102451004","SFXN2",0.0574165935390201
"chr9-133658651-133659405","DBH",0.0574110064263497
"chr12-10293297-10294185","KLRC4",0.0574103057981913
"chr2-130355582-130356500","PTPN18",0.0574097713837048
"chr15-89782111-89782876","MESP2",0.0574087840079559
"chr4-10673618-10674504","CLNK",0.0574024214174867
"chr1-114342218-114343018","PTPN22",0.0573972227950913
"chr17-45123751-45124663","FMNL1",0.0573945258138348
"chr3-122233149-122233962","CSTA",0.0573892179207863
"chr12-92055619-92056500","LINC01619",0.0573856951640946
"chr12-8242841-8243807","SLC2A3",0.0573780062385048
"chr17-7883557-7884453","CHD3",0.0573777118058676
"chr2-200864240-200865029","ORC2",0.0573764968511483
"chr8-19393002-19393874","CSGALNACT1",0.0573680185350294
"chr13-74247759-74248609","LINC00402",0.0573617035903429
"chr19-18388171-18389073","IFI30",0.0573615893456234
"chr16-88619691-88620599","PIEZO1",0.0573604183954019
"chr3-50429972-50430866","RASSF1",0.0573600580050127
"chr12-7970435-7971174","SLC2A3",0.0573597589078815
"chr16-30715419-30716203","ITGAL",0.0573568439603981
"chr16-88636878-88637736","ZFPM1",0.0573504356065293
"chr7-2870266-2871159","LFNG",0.0573486116721789
"chr18-58536421-58537227","ZNF532",0.0573427393916156
"chr8-141380393-141381244","GPR20",0.0573369186793255
"chr16-23518188-23519089","GGA2",0.0573346334489174
"chr14-64696167-64697075","PLEKHG3",0.0573315986481219
"chr16-11556912-11557859","LITAF",0.0573309485256851
"chr7-22694351-22695275","AC073072.1",0.0573278798330989
"chr4-121938407-121939268","TRPC3",0.0573274088467787
"chr11-34036830-34037813","KIAA1549L",0.0573237747694948
"chr19-51819710-51820584","FPR2",0.057322061052359
"chr11-64448134-64448696","RPS6KA4",0.0573217830877923
"chr5-76404089-76404861","IQGAP2",0.0573208652753551
"chr4-119025523-119026348","SEC24D",0.0573157065301257
"chr19-41875134-41876045","EXOSC5",0.0573127890872256
"chr1-46373439-46374328","MKNK1",0.0573126847118765
"chr19-36604707-36605399","ZNF529",0.0573114172067201
"chr2-96962503-96963378","ANKRD23",0.0573059983766651
"chr19-17679888-17680756","IFI30",0.0573053949664559
"chr11-113875146-113876036","USP28",0.0573052225300734
"chr1-150183058-150183729","MTMR11",0.0573034294348324
"chr18-5158802-5159692","LINC00667",0.0572994633428435
"chr17-47717147-47717996","TBX21",0.0572968704124154
"chr3-43695312-43696143","ANO10",0.0572966505801709
"chr1-154715730-154716567","ADAM15",0.0572934294742972
"chr15-89803623-89804507","ANPEP",0.0572932619002397
"chr2-136136000-136136902","DARS",0.0572908072495034
"chr11-104836491-104837401","CASP5",0.0572883471110565
"chr2-181850771-181851635","ITGA4",0.0572873419514467
"chr17-27487858-27488563","LGALS9",0.0572797481867158
"chr16-53098833-53099592","CHD9",0.0572777997460248
"chr7-150556450-150557332","GIMAP1",0.0572646111752592
"chr19-4563366-4564234","TICAM1",0.0572637631646459
"chr3-38148093-38148921","OXSR1",0.0572579918501614
"chr17-1039297-1040170","YWHAE",0.0572570947307407
"chr1-160664481-160665354","SLAMF6",0.0572534486103061
"chr8-26595479-26596321","BNIP3L",0.0572519787991276
"chr2-70086607-70087503","PCBP1",0.0572495195768162
"chr19-53991101-53991878","OSCAR",0.0572482133013871
"chr8-141119314-141120159","SLC45A4",0.0572463062659615
"chr1-152047790-152048690","S100A10",0.0572349955470964
"chr22-40990183-40990601","CHADL",0.0572323003468599
"chr15-63480966-63481740","USP3",0.0572302070704035
"chr11-46330950-46331815","DGKZ",0.0572255021038082
"chr14-103931157-103932084","TDRD9",0.057225356433917
"chr19-54906929-54907659","TMEM86B",0.0572244323926473
"chr15-52234775-52235534","FAM214A",0.0572199434621565
"chr2-232955545-232956442","DGKD",0.0572194080954252
"chr3-46926823-46927690","KLHL18",0.0572188942800944
"chr3-122066812-122067536","EAF2",0.057218552052963
"chr12-111393499-111394414","ATXN2",0.0572116171543412
"chr6-137819552-137820429","TNFAIP3",0.0571979029536025
"chr15-89395716-89396537","ABHD2",0.0571956535164692
"chr15-77537660-77538558","TSPAN3",0.0571955590651228
"chr1-1371321-1371887","TNFRSF18",0.0571930662021728
"chr6-44058462-44059247","VEGFA",0.0571925432603787
"chr19-51139305-51140042","SIGLEC9",0.0571921483198847
"chr15-69804586-69805468","DRAIC",0.0571857182251073
"chr11-121328087-121328868","SORL1",0.057181013442141
"chr2-8515184-8516045","ID2",0.0571801542189049
"chr14-22536716-22537546","DAD1",0.057175866911521
"chr16-31351880-31352750","PYCARD",0.0571732398035631
"chr1-113871363-113872200","RSBN1",0.0571731372390272
"chr21-46550301-46551134","C21orf58",0.0571723912352579
"chr17-82863725-82864620","FN3KRP",0.0571702978069206
"chr19-40579743-40580640","SHKBP1",0.0571695176055017
"chr19-11158890-11159803","ELAVL3",0.0571681059920561
"chr2-17812718-17813443","SMC6",0.0571678997272908
"chr2-216119823-216120686","XRCC5",0.0571659407980952
"chr12-128794448-128795353","SLC15A4",0.0571589469357717
"chr1-156845080-156845991","TTC24",0.0571571512614731
"chr6-154367853-154368283","IPCEF1",0.0571558264206756
"chr10-133009042-133009906","VENTX",0.0571543946683456
"chr7-22885666-22886447","AC073072.1",0.0571537608726455
"chr6-117482286-117483194","DCBLD1",0.0571531314483827
"chr16-85062838-85063397","KIAA0513",0.0571519634682904
"chr3-194984862-194985801","ACAP2",0.0571451811579417
"chr7-107037808-107038608","PRKAR2B",0.0571442798629252
"chr12-107736637-107737540","PWP1",0.0571439572917308
"chr3-138594085-138594987","CEP70",0.0571435525501613
"chr5-360311-361204","SLC9A3",0.0571390911514978
"chr6-16236328-16237206","GMPR",0.0571381289188649
"chr5-50593498-50594361","EMB",0.0571377539514291
"chr10-89123287-89124025","IFIT2",0.0571347790382125
"chr12-96241604-96242508","CDK17",0.0571347620784953
"chr10-92756840-92757553","EXOC6",0.0571295635643841
"chr6-34284477-34285383","NUDT3",0.0571287830865406
"chr6-2853713-2854564","SERPINB9",0.0571266431575421
"chr17-64020170-64021034","SNHG25",0.0571237835383789
"chr12-52147008-52147912","NR4A1",0.0571226340649899
"chr13-51258800-51259710","WDFY2",0.0571210214350037
"chr22-37739317-37740168","LGALS2",0.0571204594437779
"chr1-160488130-160488984","SLAMF6",0.0571191399031988
"chr3-52225417-52226235","TLR9",0.0571175514103152
"chr7-150676544-150677380","GIMAP4",0.0571090524643684
"chr19-51501414-51502322","FPR1",0.0571069630308727
"chr1-116605730-116606604","CD101",0.0571052772679246
"chr1-15246926-15247742","EFHD2",0.0571029634654524
"chr2-230964038-230964911","SPATA3-AS1",0.0570990755394813
"chr17-67962983-67963866","C17orf58",0.0570981060472544
"chr17-64145481-64146352","ICAM2",0.0570940642362852
"chr6-6395582-6396459","F13A1",0.0570899981651432
"chr22-50085231-50086076","MLC1",0.0570878827062693
"chr4-139188812-139189693","NOCT",0.057086658533257
"chr7-2698701-2699624","AC024028.1",0.057085912951648
"chr21-33100991-33101899","IFNGR2",0.0570853842118767
"chr1-183568300-183569138","ARPC5",0.0570848362355613
"chr17-20280561-20281323","ULK2",0.0570780000125602
"chr1-159088289-159089011","AIM2",0.0570763560821418
"chr10-23413407-23414308","OTUD1",0.0570752810711806
"chr19-17112562-17113400","MYO9B",0.0570746208625986
"chr3-15556182-15556989","EAF1",0.0570717986758046
"chr19-45040313-45041043","RELB",0.0570700746618533
"chr6-132512523-132513417","STX7",0.0570653016206321
"chr19-10553741-10554643","KRI1",0.057064470152789
"chr1-175673327-175674207","KIAA0040",0.0570615992764531
"chr13-108409469-108410321","MYO16",0.0570594160176771
"chr2-179274550-179275413","CCDC141",0.0570588456919168
"chr2-29000251-29001130","PPP1CB",0.0570564247463071
"chr1-44631609-44632471","ERI3",0.0570557423029352
"chr17-8153914-8154797","PER1",0.0570520862412084
"chr14-103118778-103119687","CDC42BPB",0.0570517331280273
"chr15-67120843-67121738","SMAD3",0.0570506909149819
"chr10-6602071-6602771","PRKCQ-AS1",0.057049438592162
"chr1-2049872-2050768","SKI",0.0570491403389426
"chr6-117677420-117678306","NUS1",0.057048985366609
"chr8-81233946-81234580","CHMP4C",0.0570484449560527
"chr1-15065628-15066513","CTRC",0.0570465265320579
"chr4-83240275-83241125","SEC31A",0.0570450631288608
"chr3-15601316-15602250","BTD",0.0570443244371432
"chr3-196687999-196688906","SENP5",0.0570427749464353
"chr11-64778436-64779370","MAP4K2",0.0570414227774335
"chr19-46850478-46851366","ARHGAP35",0.0570395144569312
"chr13-27960443-27961290","FLT3",0.0570379428305903
"chr12-56129154-56129922","CNPY2",0.0570348236465044
"chr5-65719336-65720281","SGTB",0.0570333605827641
"chr2-38148225-38149125","CYP1B1",0.0570296822385319
"chr16-89122276-89123163","SPG7",0.0570286066624858
"chr16-85135909-85136772","GSE1",0.0570270242650076
"chr8-125219173-125219858","TRIB1",0.0570268633894226
"chr3-108838157-108838966","TRAT1",0.0570237119372592
"chr12-124457199-124457948","NCOR2",0.0570215460641916
"chr4-38663419-38664323","KLF3",0.0570138288312669
"chr15-52232061-52232810","GNB5",0.0570122424998409
"chr11-70323721-70324519","PPFIA1",0.0570118010523434
"chr19-17138244-17139123","SLC27A1",0.0570115114856106
"chr9-99659926-99660847","ERP44",0.0570091488731327
"chr6-56542404-56543317","DST",0.0570064076464075
"chr7-75617475-75618403","POR",0.0570056936069328
"chr14-68598621-68599512","ZFP36L1",0.0570049064976689
"chr9-76471916-76472819","GCNT1",0.0570045409737788
"chr1-52033279-52034129","ZFYVE9",0.0570039259853613
"chr8-59531627-59532443","TOX",0.0570037241418874
"chr6-146546392-146547181","RAB32",0.0570007855840263
"chr16-57123645-57124460","CCL17",0.0569992121824459
"chr16-29654725-29655624","SPN",0.0569981057775375
"chr19-43774158-43775013","PLAUR",0.0569966740439934
"chr11-68036651-68037516","CHKA",0.0569940100427492
"chr2-109173995-109174671","SH3RF3",0.0569934048875462
"chr7-139482801-139483284","TBXAS1",0.0569925672264962
"chr4-73731773-73732636","CXCL8",0.0569856205920874
"chr22-23800565-23801323","DERL3",0.0569829704638843
"chr4-15673809-15674544","BST1",0.0569826973467822
"chrX-16956093-16957022","REPS2",0.0569826252423888
"chr1-22636162-22637053","C1QC",0.056977909001682
"chr7-150974249-150975148","ABCB8",0.0569718432688869
"chr10-95755113-95755966","ZNF518A",0.0569683999427582
"chr22-29152565-29153306","KREMEN1",0.0569591283797589
"chr3-35639065-35639981","ARPP21",0.0569552442227931
"chr7-2237022-2237929","AMZ1",0.0569523360520601
"chr6-158865530-158866367","EZR",0.056950804762234
"chr16-11349513-11350414","SNN",0.0569505957222636
"chr5-39460773-39461678","DAB2",0.0569492282528763
"chr6-87725201-87726109","CNR1",0.056948459456734
"chr18-23306645-23307506","CABLES1",0.0569451706337214
"chr10-32944004-32944717","ITGB1",0.0569410641959947
"chr12-26126319-26126845","BHLHE41",0.0569382474268293
"chr13-41356612-41357421","NAA16",0.0569370141877047
"chr6-33093729-33094485","HLA-DOB",0.0569361576070527
"chr9-98101618-98102527","XPA",0.0569340041102339
"chr15-64144428-64145255","SNX22",0.0569323959741638
"chr1-64540026-64540951","CACHD1",0.0569311961003797
"chr9-129893881-129894717","USP20",0.0569309586567227
"chr10-14608252-14609141","DCLRE1C",0.0569269274790349
"chr13-23488238-23489133","SGCG",0.0569267057255765
"chrX-136646321-136647225","CD40LG",0.0569239767770119
"chr2-230447652-230448571","SP100",0.0569169236600053
"chr11-45857763-45858657","CRY2",0.0569131207763788
"chr2-84841340-84842239","DNAH6",0.0569074451262942
"chr7-149854350-149855251","ZNF862",0.0569047284373434
"chr1-150162829-150163697","FCGR1A",0.0569034568123784
"chr1-7929414-7930173","TNFRSF9",0.0569031292631595
"chr2-168449983-168450840","CERS6",0.0569021059378083
"chr14-92322931-92323845","RIN3",0.0569021057504593
"chr19-1076730-1077623","CNN2",0.0568990815999763
"chr3-194540249-194541143","LINC00887",0.0568980912863265
"chr3-48217349-48218184","COL7A1",0.056896725611275
"chr10-11149300-11150104","CELF2",0.056896488180119
"chr3-108100749-108101591","IFT57",0.0568952005361104
"chr14-95515964-95516688","TCL1A",0.056894477074867
"chr13-30773920-30774845","B3GLCT",0.0568891749403776
"chr13-48574950-48575788","RCBTB2",0.0568854883959051
"chr19-11848338-11849155","ZNF439",0.0568841348538712
"chr6-83430664-83431558","CYB5R4",0.0568805156941353
"chr10-3067007-3067848","PFKP",0.0568711964368845
"chr17-74569322-74570226","TTYH2",0.0568702428877955
"chr22-45235066-45235951","KIAA0930",0.0568693718116689
"chr19-54542342-54543197","KIR3DL2",0.0568670472817344
"chr19-53991101-53991878","LILRB3",0.0568652509300997
"chr15-74545907-74546813","SCAMP5",0.056862786353985
"chr17-74812066-74812960","CD300LF",0.0568614277184864
"chr19-41876957-41877634","LINC01480",0.0568608774664625
"chr1-155241726-155242235","ADAM15",0.0568598262003435
"chr1-221166648-221167551","MARC1",0.0568588104455973
"chr11-73289082-73289901","ATG16L2",0.0568580733122965
"chr21-33300775-33301623","OLIG1",0.0568567521356653
"chr1-17141394-17142244","RCC2",0.0568507666866732
"chr19-6588080-6589004","CD70",0.0568446139917119
"chr7-102425758-102426289","ORAI2",0.0568444900228297
"chr2-207661901-207662808","CCNYL1",0.0568427992521783
"chr9-133844123-133844688","SLC2A6",0.0568405602864783
"chr1-235999166-235999967","EDARADD",0.0568365234379018
"chr5-769425-770244","ZDHHC11B",0.0568351936311267
"chr22-41666420-41667311","SNU13",0.0568314778620434
"chr12-10128412-10129279","CLEC12B",0.056824415328266
"chr1-153773192-153774033","S100A6",0.0568211398559663
"chr1-109822152-109822991","AMPD2",0.0568161804280957
"chr6-33029148-33030010","TAPBP",0.0568159037223624
"chr7-151768876-151769771","GALNT11",0.0568149353792369
"chr16-527115-528022","NPRL3",0.0568146453890503
"chr20-4320062-4320958","PANK2",0.0568143615295579
"chr15-48810772-48811656","EID1",0.0568131452463606
"chr22-39286819-39287726","CBX6",0.0568106007259011
"chr2-201413848-201414767","STRADB",0.0568039169979171
"chr6-138692300-138692861","NHSL1",0.0568020746664925
"chr19-51735763-51736673","SIGLEC5",0.0568015708977636
"chr9-4596303-4597184","PLPP6",0.0567963483921152
"chr18-13437943-13438824","LDLRAD4",0.0567960237246003
"chr12-100573230-100574102","GAS2L3",0.0567917364144889
"chr2-223895215-223896074","AP1S3",0.0567862394661393
"chrX-41383849-41384657","DDX3X",0.0567850027650509
"chr7-22563192-22564072","AC073072.1",0.0567768057336747
"chr15-79953823-79954637","ZFAND6",0.0567747650007813
"chr22-41285950-41286830","XPNPEP3",0.056769449350919
"chr21-43818449-43819342","PDXK",0.0567641428391352
"chr5-170484727-170485536","KCNMB1",0.0567575324513189
"chr2-43194630-43195537","THADA",0.056756593547936
"chr2-234571707-234572573","SH3BP4",0.0567518928870929
"chr7-105691643-105692486","CDHR3",0.0567461947186973
"chr19-10717352-10718293","SMARCA4",0.0567460917036579
"chr17-78748477-78749356","CYTH1",0.0567454230440338
"chr18-6269665-6270430","L3MBTL4",0.0567441365114958
"chr15-74235777-74236644","SEMA7A",0.0567437809521916
"chr13-41458528-41459310","NAA16",0.056743448058738
"chr3-196202241-196203109","PIGX",0.0567419775295067
"chr17-1574172-1575049","SLC43A2",0.0567413985776357
"chr2-218260955-218261824","GPBAR1",0.056740885276214
"chr19-4808009-4808860","PLIN3",0.0567317644816599
"chr3-138608632-138609550","CEP70",0.0567272013910056
"chr2-237900864-237901770","ERFE",0.0567233929923182
"chr12-67268663-67269631","GRIP1",0.0567221799788966
"chr2-218381671-218382577","CATIP-AS1",0.0567215480305233
"chr12-96120737-96121085","LTA4H",0.056718647852846
"chr10-58542914-58543828","BICC1",0.056717349554261
"chr11-18394068-18394972","LDHA",0.0567169007412494
"chr3-196619914-196620819","NRROS",0.0567134448214541
"chr21-39312079-39312922","HMGN1",0.0567124447943074
"chr5-54772396-54773319","SNX18",0.0567088563201275
"chr1-160756083-160756985","CD244",0.0567083992878845
"chr11-43944535-43945370","C11orf96",0.0566984795340183
"chr13-74287630-74288467","LINC00402",0.0566968771918383
"chr11-3136356-3137219","OSBPL5",0.0566955752342367
"chr13-98998587-98999474","UBAC2",0.056690585365198
"chr10-69057178-69057999","HK1",0.0566864671964373
"chr18-23422668-23423574","NPC1",0.0566856265356211
"chr5-67204037-67204712","CD180",0.0566849120281928
"chr1-160451256-160452189","SLAMF1",0.0566819873293122
"chr18-12315471-12316303","TUBB6",0.0566801933821537
"chr2-223837197-223838153","AP1S3",0.0566778254397096
"chr2-241358176-241359072","CROCC2",0.0566774945657444
"chr15-75042808-75043578","PPCDC",0.0566762064723403
"chr1-116986897-116987682","MAN1A2",0.0566684587283739
"chr13-29901852-29902712","KATNAL1",0.0566660098230871
"chr19-2168720-2169391","DOT1L",0.0566620927893285
"chr17-7120536-7121107","CLEC10A",0.0566593977834381
"chr2-127407722-127408631","MAP3K2",0.0566576945454619
"chr15-70507649-70508535","TLE3",0.0566562540309845
"chr1-20405593-20406494","PLA2G2D",0.0566537080223269
"chr12-57111935-57112759","NACA",0.0566530187188
"chr6-33312430-33313231","PHF1",0.0566499804233496
"chr11-114080023-114080909","ZBTB16",0.0566467281801625
"chr10-12265521-12266350","DHTKD1",0.0566433464136734
"chr17-68601552-68602293","FAM20A",0.0566406057333769
"chr12-110619451-110620015","HVCN1",0.0566402386448108
"chr6-26123707-26124526","BTN3A2",0.0566388849635594
"chr17-81393563-81394372","BAIAP2",0.0566388355274463
"chr9-133787397-133788276","SLC2A6",0.0566354929947467
"chr4-101842851-101843736","PPP3CA",0.0566354192479551
"chr17-49360904-49361630","PHB",0.0566327221361687
"chr14-24135691-24136590","GZMB",0.0566310411642941
"chr6-161355434-161356272","AGPAT4",0.0566279960569417
"chr3-43773216-43774102","ABHD5",0.0566231757159335
"chr1-31955788-31956654","PTP4A2",0.0566065075451227
"chr3-129616496-129617366","PLXND1",0.0566045215491436
"chr2-182717408-182718159","DNAJC10",0.0566041309732769
"chr9-137075123-137075741","EGFL7",0.0566004222448312
"chr5-177494110-177495009","UIMC1",0.056599215902762
"chr7-2641152-2642019","AMZ1",0.05659827617273
"chr14-90658446-90659322","TTC7B",0.0565912164645879
"chr8-127981102-127981959","PVT1",0.0565907384156467
"chr2-230000224-230001153","SP140",0.056586059008794
"chr7-8131788-8132720","UMAD1",0.0565832003928911
"chr12-10027460-10028345","CLEC1B",0.0565812464215454
"chr5-56585996-56586668","ANKRD55",0.0565761655220251
"chr2-112871098-112871896","NT5DC4",0.0565716915825818
"chr17-7167574-7168452","SAT2",0.056569308575936
"chr12-121537131-121537701","KDM2B",0.0565690319538071
"chr11-14435438-14436309","RRAS2",0.0565652315468516
"chr1-1098926-1099916","MXRA8",0.0565641732138188
"chr19-36114752-36115888","COX6B1",0.0565594656581363
"chr7-5556032-5556953","TNRC18",0.056555087102179
"chr1-56432816-56433714","PLPP3",0.0565546995686986
"chr19-18274558-18275288","JUND",0.0565545711246205
"chr6-32379381-32380219","HLA-DOB",0.0565541888707656
"chr1-198970695-198971583","PTPRC",0.0565511617471542
"chr17-78359843-78360667","USP36",0.0565510715155344
"chr4-39044287-39045142","KLHL5",0.0565480045225689
"chr7-44637810-44638654","OGDH",0.0565405450086438
"chr14-50038381-50039274","NEMF",0.0565397679347995
"chr2-187509849-187510673","TFPI",0.056538877044984
"chr1-212485670-212486567","TATDN3",0.0565373402337723
"chr19-38864493-38865289","MAP4K1",0.0565364225085283
"chr13-99384059-99384861","CLYBL",0.0565354429237571
"chr1-1173385-1174307","TNFRSF18",0.0565353285732839
"chr19-50344528-50345430","MYBPC2",0.0565345984908441
"chr11-47394463-47395348","CELF1",0.0565332181316987
"chr17-50950190-50951118","SPAG9",0.0565331170562546
"chr19-18388171-18389073","LRRC25",0.0565272007489867
"chr6-17993224-17994114","TPMT",0.0565151446579592
"chr3-18679030-18679904","SATB1",0.0565130802183713
"chr9-107489469-107490362","RAD23B",0.0565093556572832
"chr3-52057007-52057897","WDR82",0.0565087875773411
"chr10-74194301-74195164","C10orf55",0.0565086996837464
"chr12-101671226-101672062","CHPT1",0.0565072414632456
"chr20-63894589-63895495","PRPF6",0.0565061681560044
"chr18-48951622-48952522","SMAD7",0.0565052019915691
"chr6-37209216-37210071","PIM1",0.0565023428273685
"chr20-63873173-63874060","TPD52L2",0.0564996765874843
"chr19-45075052-45075940","VASP",0.0564956225130328
"chr11-35214544-35215425","CD44",0.0564898403477645
"chr2-241299871-241300687","SNED1",0.0564891911073932
"chr12-9615190-9616052","PZP",0.0564880677225268
"chr7-76155669-76156566","YWHAG",0.0564819281554008
"chr4-108301717-108302496","RPL34-AS1",0.0564676379962054
"chr8-17917430-17918262","FGL1",0.0564660441179591
"chr10-6037999-6038883","IL2RA",0.0564649328635479
"chr20-37357186-37358094","SRC",0.0564607421763954
"chr6-158717162-158718004","EZR",0.0564601529114563
"chr11-108226378-108227319","NPAT",0.0564600005636244
"chr7-72829155-72829893","NSUN5",0.0564552073067469
"chr1-174153042-174153969","RABGAP1L",0.0564483645074344
"chr3-37135885-37136666","LRRFIP2",0.0564460503798869
"chr12-9340885-9341741","A2M",0.0564459895574856
"chr19-7159060-7159990","STXBP2",0.0564453089986279
"chr22-29488872-29489788","GAS2L1",0.0564434013074761
"chr19-38842272-38842903","MAP4K1",0.0564384916573534
"chr5-150124128-150124871","PPARGC1B",0.0564370099110673
"chr12-121590759-121591226","RHOF",0.0564359408100731
"chr3-138786470-138787394","MRAS",0.0564319249985517
"chr11-118876511-118877372","TMEM25",0.0564293221787517
"chr22-37284595-37285499","CYTH4",0.0564278118817179
"chr22-23583553-23584397","DERL3",0.0564244955710746
"chr7-84248243-84248984","SEMA3A",0.0564236596862689
"chr19-11437739-11438610","ACP5",0.0564183009655587
"chr3-50429972-50430866","CACNA2D2",0.0564173053501335
"chr22-45318044-45318865","ATXN10",0.0564157981267962
"chr6-26021291-26022114","HIST1H4C",0.0564140357223043
"chr12-121214609-121215374","OASL",0.0564103830647452
"chr1-39778951-39779776","BMP8B",0.0564084575421058
"chr9-96015861-96016772","LINC00476",0.0564075409123881
"chr21-43574548-43575258","AGPAT3",0.0563887804408912
"chr12-27179550-27180393","STK38L",0.0563868971954042
"chr22-21766830-21767717","SDF2L1",0.0563845057053393
"chr17-43773036-43773886","LINC00910",0.056383393280791
"chr17-35467672-35468493","SLFN13",0.0563826857142359
"chr8-38899847-38900469","PLEKHA2",0.056382392685562
"chr14-52259146-52260060","PTGDR",0.0563781716347937
"chr16-84548937-84549806","KLHL36",0.0563759247977604
"chrX-78754740-78755539","CYSLTR1",0.056372324907984
"chr3-171977653-171978519","PLD1",0.0563658465014836
"chr15-51341337-51342260","DMXL2",0.0563633116896621
"chr5-177510407-177511307","RAB24",0.0563622139776938
"chr18-9774961-9775829","PPP4R1",0.0563605782486034
"chr20-51766913-51767786","ATP9A",0.0563566447737291
"chr9-72294273-72295103","LINC01504",0.0563411427272767
"chr9-37036698-37037547","EBLN3P",0.0563273343049571
"chr9-136557863-136558557","CARD9",0.0563271002561863
"chr2-227163860-227164719","RHBDD1",0.056326470812222
"chr11-45816938-45817807","LARGE2",0.0563240022159447
"chr19-13147832-13148335","IER2",0.0563236427726974
"chr22-23844256-23845089","VPREB3",0.056319214877631
"chr5-157106813-157107677","HAVCR2",0.0563183026061302
"chr1-39540531-39541372","PABPC4",0.0563128747119769
"chr9-134458995-134459867","VAV2",0.0563116439605448
"chr7-22765363-22766272","AC002480.2",0.0563046655799445
"chr20-50190257-50191098","SLC9A8",0.0563009131111075
"chr1-41617823-41618716","FOXO6",0.056298125061116
"chr8-61094927-61095489","AC022182.1",0.0562932584989483
"chr9-379256-380094","DMRT1",0.0562902220022061
"chr19-5961748-5962659","ACER1",0.0562877234083138
"chr16-8632432-8633352","METTL22",0.056287105479619
"chr17-58329296-58330109","CUEDC1",0.056286634524324
"chr4-40749628-40750524","RBM47",0.0562862188550929
"chr8-71843580-71844440","MSC",0.056286175288668
"chr6-107891672-107892527","SOBP",0.0562846437678513
"chr11-62573567-62574481","B3GAT3",0.0562834005430496
"chr2-96869776-96870459","SEMA4C",0.0562810615417762
"chr2-231280626-231281518","ITM2C",0.0562774629684666
"chr10-69061260-69062186","HK1",0.0562766251169662
"chr6-90274172-90275075","CASP8AP2",0.0562643977284912
"chr19-18022002-18022704","LRRC25",0.0562627599431825
"chr12-10673735-10674629","KLRC4",0.0562577397134134
"chr17-82231685-82232515","MAFG",0.0562567124664899
"chr17-7121215-7121781","ASGR1",0.0562530004433391
"chr6-36290776-36291651","CDKN1A",0.0562514831253736
"chr19-18486145-18487047","ELL",0.0562493427997323
"chr19-56507358-56508224","ZNF667",0.0562489793446022
"chr12-122716414-122717307","HCAR2",0.0562483402117582
"chr2-152421329-152422131","STAM2",0.0562460959084765
"chr19-45501708-45502646","VASP",0.056244668433112
"chr3-128559369-128560269","GATA2",0.0562433518312723
"chr19-16259547-16260437","HSH2D",0.0562421399231426
"chr2-38750964-38751803","SRSF7",0.0562399069444561
"chrX-44245455-44246351","EFHC2",0.0562392275454356
"chr17-74612408-74613268","CD300A",0.0562317041933298
"chr5-76762936-76763809","IQGAP2",0.0562314975661682
"chr1-234302086-234302969","SLC35F3",0.0562305873722901
"chr15-93865291-93866199","LINC01580",0.0562305152110064
"chr16-29382755-29383553","SULT1A4",0.0562304432087731
"chr5-76542765-76543679","F2R",0.0562278342254547
"chr17-14201343-14202130","COX10-AS1",0.0562276109708473
"chr17-43388973-43389825","RPL27",0.0562263259579275
"chr18-58687607-58688517","MALT1",0.0562253208413634
"chr19-54903794-54904742","KIR3DL2",0.0562230853270827
"chr15-39387849-39388740","THBS1",0.0562215467830771
"chr5-66514971-66515843","MAST4",0.0562143989180778
"chr11-34653831-34654593","ABTB2",0.0562139976640939
"chr17-74442637-74443531","TTYH2",0.0562138213721492
"chr17-64145481-64146352","SNHG25",0.0562074306646078
"chr10-8026356-8027285","GATA3",0.0562059729300163
"chr17-74520695-74521115","CD300LB",0.056204419108421
"chr5-123511716-123512576","CSNK1G3",0.0562035376542446
"chr5-10607174-10607768","ANKRD33B",0.0562033578788735
"chr9-120935253-120935871","GSN",0.0562015374568725
"chr22-45130697-45131399","KIAA0930",0.0562000778148829
"chr2-69178022-69178909","ANXA4",0.0561990775248932
"chr3-16290476-16291253","RFTN1",0.0561972256517034
"chr13-28422770-28423660","PAN3",0.0561956433031508
"chr19-5130191-5131086","PTPRS",0.0561927429532919
"chr1-26541744-26542688","UBXN11",0.0561829562095026
"chr11-61891308-61892209","FADS3",0.0561814816115356
"chr11-63858373-63859264","CCDC88B",0.0561755473180123
"chr17-76752957-76753724","UBALD2",0.0561754239776885
"chr12-108622166-108623053","CORO1C",0.0561734701962234
"chr3-18370422-18371238","SATB1-AS1",0.0561732168306383
"chr17-74512358-74513258","CD300A",0.0561671552340357
"chrX-3743530-3744447","PRKX",0.0561651350933666
"chr1-155991022-155991749","LMNA",0.0561625951448153
"chr2-172013181-172014102","CYBRD1",0.0561610969376543
"chr5-139468280-139469163","SIL1",0.0561587171957441
"chr1-64876929-64877815","JAK1",0.0561485450935321
"chr4-3223865-3224750","RGS12",0.056148353588792
"chr2-109102700-109103535","EDAR",0.0561435255477144
"chr2-99140923-99141840","REV1",0.0561433797594356
"chr9-621081-622025","CBWD1",0.0561409339358918
"chr1-101235113-101235912","S1PR1",0.0561403797553699
"chr4-1300770-1301664","GAK",0.0561375320843835
"chr9-99253580-99254489","SEC61B",0.0561370500027432
"chr12-12481959-12482788","APOLD1",0.0561369868692609
"chr18-8755273-8756168","ANKRD12",0.0561368920644356
"chr21-44967783-44968699","PTTG1IP",0.0561332204726308
"chr1-153232519-153233159","S100A9",0.0561326942624147
"chr3-141300303-141301104","RASA2",0.0561322250012763
"chr2-205706611-205707499","GPR1-AS",0.0561245818684369
"chr12-124622235-124623127","NCOR2",0.0561177995314323
"chr19-44622852-44623734","RELB",0.0561176038874252
"chr12-112937961-112938872","OAS1",0.0561148156840496
"chr6-157560566-157561136","ZDHHC14",0.0561136589802736
"chr7-2023846-2024761","LFNG",0.0561115728119471
"chr6-43224075-43224996","ZNF318",0.0561107152255359
"chr3-186161988-186162893","ETV5",0.0561064849782771
"chr5-172799900-172800818","SH3PXD2B",0.0561054341694222
"chr6-10720180-10721073","TMEM14B",0.0561035510785882
"chr6-158720299-158721186","TMEM181",0.0561032723875764
"chr12-106135926-106136743","NUAK1",0.0560992010944786
"chr22-33519139-33519906","LARGE-AS1",0.0560931764692433
"chr19-6801321-6802185","SH2D3A",0.0560917546977188
"chr7-2307477-2308356","SNX8",0.0560909573407388
"chr3-151330656-151331382","P2RY13",0.0560906398349197
"chr2-204022742-204023492","ICOS",0.0560901844235614
"chr10-6050684-6051582","IL2RA",0.0560856130393638
"chr17-74690210-74691105","SLC16A5",0.0560825898906629
"chr11-109945989-109946898","ZC3H12C",0.0560809844553148
"chr16-30354913-30355806","ITGAL",0.0560809754396764
"chr3-195900355-195901258","PCYT1A",0.0560784051968146
"chr19-49745903-49746790","FCGRT",0.0560770690415515
"chr11-66020737-66021543","AP5B1",0.0560730170994882
"chr22-46600194-46601025","CELSR1",0.0560613352185775
"chr6-11350045-11350956","SMIM13",0.0560590374304434
"chr22-46057813-46058715","CELSR1",0.0560580244532207
"chr1-221182859-221183739","HLX",0.0560567059125291
"chr3-167653522-167654362","WDR49",0.056051749559935
"chr3-50235569-50236490","DOCK3",0.0560516846771126
"chr9-136978036-136978961","ABCA2",0.0560513794125976
"chr10-6266983-6267888","GDI2",0.0560436381846963
"chr12-111093078-111093908","CUX2",0.0560423830899379
"chr6-26195072-26195963","HIST1H4C",0.0560415130649019
"chr7-80634194-80635075","SEMA3C",0.056035265475798
"chr18-13266282-13267127","LDLRAD4",0.0560308930129942
"chr16-56931581-56932489","NLRC5",0.0560297059232154
"chr7-106957580-106958445","PRKAR2B",0.0560290689270677
"chr2-148568388-148569269","KIF5C",0.056026107625102
"chr12-102052248-102053004","MYBPC1",0.0560233383203591
"chr4-151887229-151888149","FAM160A1",0.0560230009024799
"chr5-76404089-76404861","F2R",0.0560178831683815
"chr16-66959407-66960254","TK2",0.0560166465542195
"chr12-93569443-93570215","SOCS2",0.0560146699817749
"chr17-8220709-8221561","CHD3",0.056011966814187
"chr9-35072290-35073022","IL11RA",0.056008672306232
"chr18-7950477-7951381","PTPRM",0.0560081338998199
"chr2-234951521-234952371","SH3BP4",0.0560073628913956
"chr7-130988327-130989007","AC016831.7",0.0560067918193251
"chr19-48415136-48415956","PPP1R15A",0.0560052861776752
"chr10-71701198-71701986","CDH23",0.0560042071028887
"chrX-47217614-47218450","USP11",0.0559998300836226
"chr8-94963539-94964437","TP53INP1",0.0559984724865427
"chr4-15665569-15666446","CC2D2A",0.0559979049730702
"chr21-44391462-44392355","TRPM2",0.0559975506313094
"chr4-98446715-98447502","TSPAN5",0.0559961131457936
"chrX-154542011-154542750","MPP1",0.0559956662532773
"chr7-42876177-42877007","C7orf25",0.0559938563507121
"chr8-60965851-60966569","CHD7",0.0559937772326487
"chr2-235951791-235952535","AGAP1",0.0559936491669915
"chr17-62965702-62966627","TANC2",0.0559908951270484
"chr6-109891664-109892561","FIG4",0.0559898930126194
"chr2-135741301-135742152","R3HDM1",0.0559817346477695
"chr7-130913053-130913883","AC016831.7",0.0559793008080075
"chr19-54973289-54974171","KIR3DL2",0.0559747480151991
"chr8-119767469-119768269","ENPP2",0.0559700587855167
"chr7-29989473-29990021","SCRN1",0.0559676660757434
"chr19-51417205-51418041","SIGLEC10",0.0559671554746283
"chr19-13830206-13830854","PRKACA",0.0559651460311382
"chr1-151001516-151002452","HORMAD1",0.0559634744944481
"chr16-3305065-3305966","TRAP1",0.0559631878336351
"chr14-23575861-23576668","CEBPE",0.0559548700057465
"chr14-67695362-67696192","RAD51B",0.0559540001604161
"chr5-151258216-151258861","SLC36A1",0.0559533138213152
"chr5-139482147-139482988","UBE2D2",0.0559511304609985
"chr9-129347322-129348219","LINC01503",0.0559453921258213
"chr15-90594136-90595032","CRTC3",0.0559426841806475
"chr17-78816839-78817755","USP36",0.0559383760468239
"chr5-157265683-157266534","HAVCR1",0.0559365891921327
"chr19-49567813-49568678","IRF3",0.0559328607230152
"chr6-45084057-45084898","SUPT3H",0.0559316806276547
"chr19-1192052-1192962","CNN2",0.0559299828881476
"chr12-113421813-113422702","TPCN1",0.0559284482662546
"chr20-50297246-50298073","CEBPB",0.0559239187190475
"chr1-156154014-156154916","MEF2D",0.055923001560219
"chr10-119535691-119536543","RGS10",0.0559220035396025
"chr3-19542872-19543714","KCNH8",0.0559119685234218
"chr8-127973701-127974588","PVT1",0.0559117373214722
"chr11-65424882-65425686","CCDC85B",0.0559070749144179
"chr19-46730966-46731745","PTGIR",0.05590214983919
"chr5-137622546-137623417","SPOCK1",0.0559005644200391
"chr14-100677439-100678225","MEG3",0.0558914647510597
"chr14-95395944-95396834","TCL1B",0.055890060908139
"chr16-31113560-31114030","PYCARD",0.0558896462992604
"chr13-95620901-95621810","CLDN10",0.0558856630009123
"chr1-1032767-1033637","LINC01342",0.0558851510269885
"chr13-36344997-36345676","CCDC169",0.0558820071719839
"chr2-218377827-218378716","CYP27A1",0.0558790953813264
"chr3-105836591-105836917","CBLB",0.0558783680589409
"chr9-120915800-120916676","TRAF1",0.0558769125726377
"chr6-42401973-42402853","PRPH2",0.0558748474759734
"chr14-95327648-95328465","TCL1B",0.0558739106024881
"chr1-2255381-2256366","SKI",0.0558737766367277
"chr2-111678944-111679733","MIR4435-2HG",0.0558737183468087
"chr6-41504969-41505865","TFEB",0.0558691517681315
"chr9-36123269-36124115","GLIPR2",0.0558674715363651
"chr18-59358906-59359760","LMAN1",0.0558626370579479
"chr10-102227047-102227745","TRIM8",0.0558601924102561
"chr15-22786122-22787038","NIPA1",0.0558582520812912
"chr20-47439960-47440676","NCOA3",0.055852792834763
"chr15-78403493-78404362","CHRNB4",0.0558502428997964
"chr6-109236955-109237705","SESN1",0.0558461628600466
"chr7-102441413-102442303","ALKBH4",0.0558443886975471
"chr2-174023771-174024659","CIR1",0.0558432349456389
"chr1-161643530-161644335","FCGR3A",0.0558385509487467
"chr6-106141451-106142341","PRDM1",0.0558376363583034
"chr12-106955308-106956216","CRY1",0.0558322803021604
"chr21-43854863-43855760","PDXK",0.0558291526091303
"chr9-68356353-68357272","PIP5K1B",0.0558257211645076
"chr1-159899766-159900657","COPA",0.0558237492724287
"chr5-40436264-40437059","RPL37",0.0558222154393242
"chr20-49583269-49584171","ZNFX1",0.0558208514981182
"chr16-31253393-31254295","PYCARD",0.05581792362847
"chr7-128940266-128941124","TSPAN33",0.0558118271673511
"chr17-75095899-75096801","TMEM104",0.0558109268456507
"chr7-98131529-98132461","LMTK2",0.0558107593558639
"chr2-27391198-27391972","OST4",0.0558049687111086
"chr20-35769021-35769747","RBM39",0.0558045516035422
"chr17-75270844-75271721","SUMO2",0.055804125261023
"chr1-45483173-45484084","LINC01144",0.0558006338708203
"chr2-106137783-106138626","UXS1",0.055797178021796
"chr8-11878485-11879118","CTSB",0.0557874800844126
"chr14-99353964-99354930","EML1",0.055786292578333
"chr6-30541337-30542140","HLA-E",0.0557860861323637
"chr20-4160663-4161496","RNF24",0.0557839554726165
"chr19-19817056-19817969","ZNF14",0.0557684603613217
"chr7-150603301-150604170","GIMAP1",0.0557681267267399
"chr1-993223-994157","HES4",0.05576740468553
"chr4-177399906-177400856","NEIL3",0.0557649477661961
"chr16-2905259-2906196","ATP6V0C",0.0557601917252284
"chr1-64499737-64500601","CACHD1",0.0557586656764463
"chr10-31930054-31930924","EPC1",0.0557584546122609
"chr19-14369514-14370218","DNAJB1",0.0557579465089063
"chr4-183469150-183469920","TRAPPC11",0.0557540355220424
"chr9-112890449-112891321","SNX30",0.055753553729807
"chr1-111214402-111215145","DENND2D",0.0557525992106643
"chr14-20918965-20919880","RNASE2",0.0557522609548826
"chr2-135657800-135658697","ZRANB3",0.0557468732851534
"chr13-76874222-76875130","ACOD1",0.055745768298691
"chr12-124519101-124519983","NCOR2",0.0557441105517897
"chr21-33948371-33949117","SON",0.0557419075759723
"chr19-13102627-13103502","MAN2B1",0.0557386941693182
"chr15-39624605-39625454","SRP14",0.055733677989928
"chr9-68555444-68556296","PGM5",0.0557319209459539
"chr19-54222506-54223423","MBOAT7",0.0557287217214622
"chrX-15438157-15438977","BMX",0.0557278619827038
"chr20-34680355-34681258","TRPC4AP",0.055727600070335
"chr6-4693378-4694315","PPP1R3G",0.0557269921184903
"chr17-1870327-1871105","SMG6",0.0557230644936898
"chr12-51912032-51912890","NR4A1",0.0557199706605116
"chr2-202666234-202667082","FAM117B",0.0557185242456307
"chr7-150483809-150484628","GIMAP5",0.0557181189521248
"chr2-218370283-218371165","ARPC2",0.0557168367194052
"chr17-44077286-44078147","GRN",0.0557164994643199
"chr2-105795805-105796576","UXS1",0.0557156144884925
"chr17-7557971-7558686","CLEC10A",0.0557150508564526
"chr17-74528274-74529187","TMEM104",0.0557135152816672
"chr5-138792048-138792886","REEP2",0.0557132041553137
"chr1-27275446-27276304","IFI6",0.0557088137646066
"chr15-65868917-65869848","DENND4A",0.0557084247276198
"chr18-77127975-77128859","MBP",0.0557058744069824
"chr19-51735763-51736673","SIGLEC14",0.0557029193345997
"chr17-42706489-42707391","CCR10",0.0557027834730661
"chrX-71637908-71638668","CXCR3",0.055702537730627
"chr6-159080022-159080870","EZR",0.0556983226167251
"chr19-19601946-19602819","ZNF101",0.0556958644210261
"chr17-78198678-78199600","AFMID",0.0556947571997616
"chr18-58781386-58782251","ZNF532",0.0556945153789268
"chr13-99265581-99266468","GPR183",0.0556891758553233
"chr6-156635936-156636811","ARID1B",0.0556891615340127
"chr1-204418199-204419026","PIK3C2B",0.0556868489034092
"chr6-45488623-45489536","RUNX2",0.0556845875948009
"chr1-26259389-26260210","UBXN11",0.0556798534673388
"chr1-30780528-30781156","LAPTM5",0.0556715515204197
"chr12-116819083-116819975","FBXO21",0.055671518453
"chr2-27016617-27017537","DPYSL5",0.055671218800094
"chr16-72008224-72009123","PHLPP2",0.0556693584094185
"chr20-3710722-3711663","RNF24",0.0556650385052325
"chr12-104974373-104975273","SLC41A2",0.0556631789838392
"chr6-122712787-122713612","SMPDL3A",0.0556582612135864
"chr6-158717162-158718004","TMEM181",0.0556549031736298
"chr20-44583838-44584699","PKIG",0.0556504210815821
"chr12-12503206-12503784","DUSP16",0.0556447983357965
"chr16-1938079-1938956","CLCN7",0.055642176501555
"chr6-13432448-13433187","GFOD1",0.0556420843490625
"chr12-52213224-52214126","NR4A1",0.0556415595828209
"chr19-4302650-4303246","TMIGD2",0.0556402088024145
"chr13-23979861-23980628","MIPEP",0.0556400758023447
"chr4-107824505-107825371","PAPSS1",0.055639242176248
"chr17-7836634-7837391","TNFSF13",0.0556382089074451
"chr7-2307477-2308356","AMZ1",0.0556345840830745
"chr12-121793883-121794709","LINC01089",0.0556335689552665
"chr1-184380235-184381100","COLGALT2",0.0556327395728501
"chr3-138367563-138368414","PIK3CB",0.0556297603816199
"chr19-38684157-38684900","ACTN4",0.0556271687073103
"chr19-10809472-10810327","LDLR",0.0556269541838602
"chrX-123859604-123860478","STAG2",0.0556261617809472
"chr17-7130475-7131409","EIF4A1",0.0556241169604892
"chr2-8598001-8598912","KIDINS220",0.0556226498386759
"chr11-503103-503959","RNH1",0.0556202958771448
"chr4-147683731-147684643","PRMT9",0.055617309722939
"chr2-38666831-38667712","SOS1",0.0556122402946176
"chr1-67335869-67336495","IL12RB2",0.0556115033823829
"chr17-21113032-21113714","MAP2K3",0.0556099107313021
"chr10-944201-945096","WDR37",0.0556019031600378
"chr17-39238285-39239145","PLXDC1",0.0555985266713495
"chr20-326858-327757","SOX12",0.0555944392716577
"chr19-7268132-7269013","MCOLN1",0.0555915986695307
"chr15-67061886-67062545","LINC01169",0.0555899212845995
"chr13-24253986-24254913","SPATA13",0.0555872391924435
"chr3-56724985-56725853","CCDC66",0.0555853958764361
"chr5-150478246-150478914","TCOF1",0.0555762813145635
"chr16-1559163-1560009","IFT140",0.0555760863004047
"chr11-68121092-68121985","UNC93B1",0.0555739583580748
"chr1-2049872-2050768","SLC35E2B",0.0555722489300781
"chr12-67630455-67631330","DYRK2",0.0555603262601929
"chr11-73269738-73270625","RELT",0.0555591322905536
"chr1-161083173-161084092","TOMM40L",0.0555573486087654
"chr8-144465402-144466278","ZNF251",0.0555555564404948
"chr2-65017885-65018724","AFTPH",0.055548416754878
"chr19-38686282-38687132","MAP4K1",0.0555478704189455
"chr12-6899610-6900495","PTPN6",0.0555465928092122
"chr10-72326438-72327349","ASCC1",0.0555411409649815
"chr16-11783267-11784126","GSPT1",0.055540088779413
"chr3-12187546-12188378","RAF1",0.0555395549695038
"chr4-74444691-74445551","AREG",0.0555351151454382
"chr19-48746705-48747604","PPP1R15A",0.0555326851102982
"chr16-425115-426057","AXIN1",0.0555298174834369
"chr11-33930170-33931010","ABTB2",0.0555256759660923
"chr15-68631298-68632214","ITGA11",0.0555208624962323
"chr13-49641634-49642484","CDADC1",0.0555188919708257
"chr22-41939818-41940699","SREBF2",0.0555177092247905
"chrX-136630587-136631511","CD40LG",0.0555133716050239
"chr7-77905967-77906858","PHTF2",0.0555131740225115
"chr7-134864891-134865818","CALD1",0.0555122480326058
"chr12-110647406-110648321","CUX2",0.0555095541583896
"chr14-24670383-24671265","GZMB",0.05550659625039
"chr12-132908217-132909098","ZNF84",0.0555053793878189
"chr19-7527355-7528196","STXBP2",0.055504750942455
"chr7-31668543-31669447","PPP1R17",0.0555044645247762
"chr11-73388414-73389280","RELT",0.0555029156980144
"chr11-95152879-95153727","SESN3",0.0555027059646055
"chr2-168194745-168195604","STK39",0.0554947966851072
"chr16-88407564-88408458","CYBA",0.0554915549324795
"chr12-104957971-104958887","C12orf75",0.0554908974836325
"chr3-169931829-169932707","PHC3",0.0554853761153461
"chr15-58521209-58522111","AQP9",0.055484520470475
"chr22-44667946-44668764","ARHGAP8",0.0554746843221064
"chr7-2258750-2259642","SNX8",0.0554745892746447
"chr9-33159177-33159562","B4GALT1",0.0554692134515608
"chr3-4751295-4752096","SUMF1",0.0554671612734427
"chr10-133258951-133259866","TUBGCP2",0.0554655902972209
"chr10-128187288-128188179","LINC01163",0.0554642843293287
"chr19-51136872-51137708","SIGLEC9",0.0554624117856484
"chr2-101150994-101151837","RNF149",0.0554614351212897
"chr7-101538473-101539356","COL26A1",0.0554543885893033
"chr2-212776717-212777618","IKZF2",0.0554538738653727
"chr17-74531012-74531563","CD300LF",0.0554534038374614
"chr6-156396171-156396959","ARID1B",0.0554518848387685
"chr11-100680816-100681707","ARHGAP42",0.0554508965237036
"chr12-9027114-9027893","LINC00612",0.055448788956817
"chr15-69131397-69132289","GLCE",0.0554485817709544
"chr3-129599332-129600209","PLXND1",0.0554476388579554
"chr16-87761940-87762834","KLHDC4",0.0554472922271324
"chr17-74730350-74731237","CD300A",0.0554433757680364
"chr7-102121741-102122613","SH2B2",0.05544260953274
"chr20-63900147-63901018","DNAJC5",0.0554404119024785
"chr1-22275595-22276453","WNT4",0.0554394802518658
"chr1-186849396-186850189","PTGS2",0.0554348744309449
"chr5-141681783-141682613","DIAPH1",0.0554319653706797
"chr19-23758468-23759320","ZNF254",0.0554279864961778
"chr15-90839391-90840188","IQGAP1",0.0554269202025079
"chr7-151013394-151014276","ATG9B",0.0554260962940856
"chr5-140564149-140565077","ANKHD1",0.0554234839592478
"chr7-151650858-151651672","SMARCD3",0.0554214918183692
"chrX-73850859-73851767","XIST",0.0554200436791473
"chr1-15245683-15246489","PLEKHM2",0.0554192841903696
"chr1-148388425-148389300","LINC01138",0.0554189332630927
"chr14-70661140-70662026","TTC9",0.055418773301662
"chr2-113219702-113220597","IL1B",0.0554187055178072
"chr11-1077767-1078545","CRACR2B",0.05541857656788
"chrX-46912829-46913382","JADE3",0.0554151034914274
"chr16-11742437-11743303","SNX29",0.0554110549408364
"chr19-16802093-16802990","CPAMD8",0.0554091472917659
"chr17-39852168-39853072","CDC6",0.0554000136434975
"chr17-27217373-27218191","LGALS9",0.0553887257438667
"chr9-114004038-114004911","ZNF618",0.0553875444106748
"chr22-28443496-28444140","TTC28",0.0553868621891263
"chr5-912203-913097","ZDHHC11B",0.0553860461114576
"chr1-30824043-30824919","LAPTM5",0.0553849268527589
"chr7-75876152-75877057","POR",0.0553833454157149
"chr17-74514032-74514945","CD300A",0.0553832121890551
"chr1-112873902-112874742","PPM1J",0.0553792730700992
"chr1-155990060-155990435","LMNA",0.0553785397228728
"chr5-56005971-56006834","ANKRD55",0.0553783962758373
"chr2-101716898-101717764","MAP4K4",0.0553775265898794
"chr11-46341985-46342874","CREB3L1",0.0553750472413266
"chr19-50658902-50659620","SHANK1",0.0553727581950058
"chr4-52750986-52751752","ERVMER34-1",0.0553680432579101
"chr1-67322720-67323524","IL12RB2",0.0553671779741049
"chr21-38384507-38385228","ERG",0.0553626571872174
"chr1-93847186-93848005","GCLM",0.0553576273343787
"chr6-106149249-106150129","PRDM1",0.0553572265915959
"chr19-53979862-53980724","LILRB2",0.0553565084128984
"chr16-89357079-89357854","CBFA2T3",0.0553562841450105
"chr14-24678638-24679510","GZMH",0.0553540670972313
"chr2-8324102-8325011","U91324.1",0.0553498343757539
"chr12-4506600-4507504","CCND2",0.0553494070723878
"chr11-47392811-47393686","CELF1",0.0553490471020869
"chr22-23242818-23243723","BCR",0.0553481196059537
"chr3-15345346-15346254","SH3BP5",0.0553450926349235
"chr1-158247888-158248711","CD1C",0.0553448354331629
"chr2-102104099-102104963","IL1R1",0.0553447399473236
"chr10-12348918-12349781","CDC123",0.0553427628704161
"chr1-35799992-35800916","AGO3",0.0553424762925888
"chr3-197031181-197032080","NRROS",0.0553414287672343
"chr6-33080505-33081227","HLA-DMB",0.0553380435595401
"chr19-48860051-48860731","PPP1R15A",0.055337650070368
"chr1-155101962-155102871","ADAR",0.0553369928126563
"chr15-50573590-50574423","SPPL2A",0.0553314854830724
"chr5-140321549-140322438","HBEGF",0.055330239704599
"chr16-11535881-11536770","LITAF",0.0553297460789825
"chr4-102586425-102587265","NFKB1",0.0553280929867327
"chr2-216633137-216634016","IGFBP2",0.0553277289413201
"chr19-3852399-3853308","CREB3L3",0.0553244397354596
"chr20-35741968-35742842","CEP250",0.0553227198519785
"chr5-141958438-141959232","DIAPH1",0.0553172787507821
"chr15-23565427-23565873","MKRN3",0.0553160633036696
"chr19-51141849-51142739","CD33",0.0553131383713584
"chr4-68271626-68272475","TMPRSS11E",0.0553120080267186
"chr15-63122179-63122630","RAB8B",0.0553110533160657
"chr6-47375087-47375936","TNFRSF21",0.0553097657397576
"chr8-8375136-8375968","CLDN23",0.0553097254209526
"chr11-114439034-114439890","REXO2",0.0553080060014368
"chr5-132298107-132298966","SLC22A4",0.0553064775042296
"chr9-133788865-133789665","VAV2",0.0553064595236632
"chr12-101877051-101877943","CHPT1",0.0553049831895161
"chr10-17854005-17854925","ST8SIA6",0.0553048026884782
"chr15-40847057-40847960","CHP1",0.0553033528154376
"chr12-124379974-124380853","NCOR2",0.0553021651575864
"chr21-33265720-33266614","IFNAR2",0.055296967317275
"chr4-89331494-89332403","FAM13A",0.0552965676359806
"chr12-10395144-10396052","KLRC4",0.0552953086712283
"chr13-108342371-108343295","MYO16",0.0552937309600519
"chr22-30260885-30261761","DUSP18",0.0552912761362425
"chr1-226122504-226123251","ACBD3",0.0552909084704241
"chr7-151206769-151207615","WDR86",0.0552901849628475
"chr9-37370857-37371704","EBLN3P",0.0552843523149037
"chr20-63686404-63687308","RGS19",0.0552839067549538
"chr12-10671953-10672886","STYK1",0.055283708302958
"chr14-76768052-76768969","TMEM63C",0.0552783425322518
"chr1-159441212-159442045","FCER1A",0.0552769349251223
"chr19-49473799-49474727","IRF3",0.0552756066012123
"chr19-19598591-19599402","ZNF506",0.0552736880753492
"chr12-12465857-12466739","APOLD1",0.0552714598413215
"chr10-96719846-96720137","PIK3AP1",0.0552691100215592
"chr17-63993384-63994243","ERN1",0.0552676730177628
"chr14-95703966-95704884","TCL6",0.0552659560092189
"chr17-75518018-75518889","LLGL2",0.0552633903553814
"chr17-56629570-56630451","NOG",0.0552631985265558
"chr6-111753301-111754147","FYN",0.0552631098074902
"chr19-43725215-43726119","KCNN4",0.0552554457680786
"chr10-86872632-86873502","GLUD1",0.0552553592691921
"chr19-55703525-55704350","NLRP4",0.0552549705486309
"chr8-28077470-28078259","NUGGC",0.0552528487063754
"chr2-8277640-8278504","LINC00298",0.0552468363802398
"chr17-75864306-75865146","LLGL2",0.0552418556256116
"chr1-236159713-236160548","GPR137B",0.0552397074278053
"chr5-150429281-150430191","TCOF1",0.0552383520978833
"chr5-173581504-173582280","LINC01485",0.0552372480885325
"chr8-673287-674137","ERICH1",0.0552370830871642
"chr1-68232132-68232985","WLS",0.0552361469064537
"chr2-64276993-64277898","VPS54",0.0552332286296982
"chr13-42392861-42393680","DGKH",0.0552317740647523
"chr21-37244563-37245415","TTC3",0.0552239758433517
"chr1-2246406-2247117","NADK",0.0552211522482214
"chr3-194879274-194880130","ATP13A3",0.0552186252939492
"chr3-71269771-71270575","FOXP1",0.0552160006208682
"chrX-1336091-1336933","IL3RA",0.0552141381495711
"chr17-78759017-78759888","LGALS3BP",0.0552139670655291
"chr1-160470971-160471846","LY9",0.0552090855191459
"chr17-75095899-75096801","MYO15B",0.0552073037191228
"chr2-126762030-126762859","GYPC",0.0552065102103611
"chr14-91413299-91414125","CCDC88C",0.055202459606662
"chr6-112285802-112286691","FYN",0.0552016084070405
"chr5-139392302-139393229","MZB1",0.0552000801609413
"chr17-49715559-49716294","FAM117A",0.0551975720983614
"chr7-30237060-30237982","SCRN1",0.0551969658292651
"chr3-185912791-185913534","TRA2B",0.0551967369795006
"chr3-12287621-12288390","PPARG",0.0551943775349899
"chr19-51430834-51431714","SIGLEC14",0.0551910026509953
"chr17-74528274-74529187","CD300C",0.0551875521137243
"chr21-46559158-46560084","S100B",0.0551871424931377
"chr8-144003061-144003940","GRINA",0.0551853016240988
"chr19-18002423-18003182","IFI30",0.0551836949445122
"chr17-7466426-7467317","TNFSF13",0.055180521475103
"chrX-79133642-79134549","P2RY10",0.0551782912710274
"chr6-137927644-137928440","TNFAIP3",0.0551763685137918
"chr9-129343595-129344475","LINC00963",0.0551753813269714
"chr17-75737865-75738764","ACOX1",0.0551752562734037
"chr1-247857081-247858013","NLRP3",0.055165777323346
"chr19-40144038-40144690","ZNF780B",0.0551589458230159
"chr17-32522949-32523770","MYO1D",0.0551581454439235
"chr3-58401536-58402510","PXK",0.0551567800470508
"chr2-230204756-230205666","SP110",0.0551547725317928
"chr17-76199187-76200073","UBALD2",0.0551535681410448
"chr5-78732380-78733262","LHFPL2",0.0551531460819553
"chr17-76957959-76958794","RHBDF2",0.0551470925816634
"chr20-34414784-34415591","ASIP",0.0551447826366283
"chr14-24609490-24610348","PSME1",0.0551426971303298
"chr16-87865767-87866583","SLC7A5",0.0551412838210833
"chr16-1705664-1706568","MRPS34",0.0551389851763879
"chr11-73281255-73281813","ARAP1",0.0551378812925816
"chr1-223198342-223199172","TLR5",0.0551303864940488
"chr15-50067368-50068061","ATP8B4",0.0551291731139783
"chr20-8394089-8394995","TMX4",0.0551288781425921
"chr5-150208864-150209775","CSF1R",0.0551287562006071
"chr13-24251212-24252084","MIPEP",0.0551285960468409
"chr3-128316207-128317107","EEFSEC",0.0551282176509523
"chr1-17098160-17098945","CROCC",0.0551277600180132
"chr11-60366786-60367670","MS4A6E",0.0551272738078463
"chr19-1252741-1253467","STK11",0.0551246520291281
"chr4-139453395-139454275","NAA15",0.0551240261850668
"chr3-48088609-48089537","MAP4",0.0551225060866765
"chr2-217851036-217851861","GPBAR1",0.0551223490995042
"chr12-15688016-15688840","DERA",0.055122175469676
"chr1-228778688-228779573","RHOU",0.0551191628103201
"chr7-2529057-2529689","GNA12",0.0551189660644128
"chr18-32714333-32715211","KLHL14",0.0551174972075566
"chr7-20217013-20217926","MACC1",0.0551173880873655
"chr13-46594935-46595739","LRCH1",0.0551142685067236
"chr7-129072324-129073191","IRF5",0.055109735972857
"chr18-58945941-58946844","ZNF532",0.0551083044976236
"chr15-69666659-69667382","DRAIC",0.0551074550464943
"chr16-88936323-88937197","CBFA2T3",0.0551029615810021
"chr5-133241177-133241800","AFF4",0.0551020596714795
"chr17-7130475-7131409","ASGR1",0.0550993263459344
"chr19-54973289-54974171","NCR1",0.0550990527212584
"chr11-14336817-14337670","RRAS2",0.055095030190405
"chr1-36400724-36401618","STK40",0.0550944554468001
"chr14-75559577-75560349","LINC01220",0.0550942993058583
"chr4-108078029-108078764","LEF1-AS1",0.0550915841798026
"chr12-6899610-6900495","CD4",0.0550895302588862
"chr7-88321929-88322795","STEAP4",0.0550894260955794
"chr6-149468709-149469349","ZC3H12D",0.0550876380214066
"chr22-39915011-39915710","ADSL",0.0550856134384485
"chr21-33067202-33068106","IFNGR2",0.0550848656639841
"chr19-13147214-13147731","IER2",0.055082264796221
"chr12-108724240-108724994","DAO",0.0550750560998381
"chr8-39943535-39944422","IDO2",0.0550732145079685
"chr10-132931323-132932128","KNDC1",0.0550727116872235
"chr15-64136950-64137801","SNX22",0.0550693518107943
"chr4-74370655-74371487","EREG",0.0550689273979759
"chr3-122052708-122053591","EAF2",0.0550670024078582
"chr13-113069785-113070624","GRTP1",0.0550667716360855
"chr22-46536997-46537864","CELSR1",0.0550658255310132
"chr2-197198621-197199529","SF3B1",0.0550657530225951
"chr11-67449163-67450094","ANKRD13D",0.0550654960140196
"chr17-82241339-82242209","MAFG",0.0550608146571624
"chr19-54606852-54607436","LILRA2",0.055058998718409
"chr9-112894436-112895183","SLC46A2",0.0550587626194547
"chr1-116537358-116538127","CD58",0.055056561173737
"chr17-7122334-7123071","ASGR1",0.0550552393094451
"chr3-71415387-71416234","FOXP1",0.0550532807537796
"chr1-158176158-158176912","FCRL3",0.0550531623295522
"chr17-74531012-74531563","CD300LB",0.0550506421841941
"chr22-39072370-39073263","MGAT3",0.0550502712844028
"chr22-36860529-36861448","CYTH4",0.0550493513406381
"chr6-30516084-30516921","HLA-E",0.0550492786185364
"chr2-61854186-61854946","XPO1",0.0550471166837034
"chr1-15434485-15435380","TMEM51",0.0550465959146913
"chr10-28402361-28403274","WAC",0.0550450947283331
"chr17-58083020-58083760","HSF5",0.0550448140494909
"chr22-37271051-37271914","CSF2RB",0.0550427338043905
"chr12-8517677-8518448","CLEC4E",0.055040041108187
"chr2-96538477-96539337","DUSP2",0.0550398354640616
"chr4-24912487-24913366","CCDC149",0.0550382105408217
"chr12-32138921-32139643","BICD1",0.0550370784723034
"chr1-161121575-161122433","USF1",0.0550360402189554
"chr6-32622700-32623505","PSMB8",0.0550351702614393
"chr19-54164380-54165294","MYADM",0.0550351227984401
"chr22-22651150-22651881","RAB36",0.0550334261253295
"chr19-51139305-51140042","SIGLEC7",0.0550251384008729
"chr13-45464461-45465322","TPT1-AS1",0.0550213302820988
"chr20-20367285-20368097","RIN2",0.0550203036062453
"chr20-63873173-63874060","RGS19",0.055019184546775
"chr19-29672784-29673665","PLEKHF1",0.0550181336820863
"chr12-66163052-66163927","HMGA2",0.0550171410302653
"chr2-32264474-32265369","SPAST",0.0550164658317432
"chr9-136521262-136522092","NACC2",0.0550159124996258
"chr12-112125057-112125932","TMEM116",0.055015535423784
"chr1-91804520-91805209","RPAP2",0.0550151133745107
"chr3-57068276-57069181","APPL1",0.0550141800331851
"chr1-155135372-155136268","ASH1L",0.0550101689078051
"chr8-100900087-100900903","PABPC1",0.0550080488429293
"chr7-1961610-1962508","CHST12",0.0550073252126263
"chr15-50107377-50108267","USP8",0.055007050727702
"chr22-42397086-42397932","NAGA",0.055000626150233
"chr6-111747040-111747891","FYN",0.0549907038510827
"chr12-10700989-10701841","KLRD1",0.0549888585405911
"chr1-161506385-161507253","ATF6",0.054986973723635
"chr13-27266770-27267389","RASL11A",0.0549858421191541
"chr2-8583364-8584265","ID2",0.0549854885947288
"chr16-1469497-1470332","CLCN7",0.0549848189562242
"chr19-45442612-45443375","VASP",0.0549844865358867
"chr21-34888503-34888977","KCNE1",0.0549836789598172
"chr19-54707741-54708605","LAIR2",0.0549803360290021
"chr22-23857335-23858239","VPREB3",0.0549778757241928
"chr11-326705-327597","RNH1",0.0549722217570034
"chr6-107489705-107490584","SOBP",0.0549682489833331
"chr12-57148529-57149371","STAT6",0.0549631648591709
"chr15-59412675-59413577","FAM81A",0.0549513355985312
"chr16-89821335-89822179","TCF25",0.0549497897485147
"chr10-69507531-69508412","HKDC1",0.0549469835711601
"chr10-17227992-17228772","VIM",0.0549416122470915
"chr1-89610418-89611188","LRRC8C",0.0549404558528734
"chr16-89873692-89874491","SPATA2L",0.0549318880386769
"chr11-73973708-73974597","PGM2L1",0.054931222511645
"chr14-64445225-64446055","ESR2",0.0549301995270594
"chr16-58499595-58500452","NDRG4",0.0549288656549869
"chr17-82217554-82218300","CSNK1D",0.0549277020070089
"chr6-131107852-131108690","EPB41L2",0.0549265849710426
"chr10-69425550-69426467","HKDC1",0.0549197503637681
"chr7-140252606-140253491","HIPK2",0.0549196664996847
"chr6-32943981-32944807","HLA-DQA2",0.0549175860167581
"chr7-111009370-111010250","LRRN3",0.0549160366714063
"chr1-172662425-172663328","FASLG",0.0549147000815916
"chr22-39299847-39300743","APOBEC3A",0.0549141479655036
"chr1-12180233-12180962","MTHFR",0.0549135082403456
"chr19-18502582-18503436","JUND",0.0549088528733801
"chr16-89064827-89065727","CBFA2T3",0.0548968965300041
"chr10-124601156-124602076","FAM53B",0.0548907293877225
"chr1-8525562-8526431","RERE",0.0548774141356347
"chr9-133769803-133770617","DBH",0.0548630884036306
"chr5-131943634-131944441","SLC22A4",0.0548621352355798
"chr1-31027852-31028752","LAPTM5",0.054860378867879
"chr20-33554700-33555593","CBFA2T2",0.0548512363150601
"chr9-84002237-84002950","SLC28A3",0.0548499863142727
"chr19-54882617-54883454","KIR3DL1",0.0548487842697197
"chr8-60724029-60724765","CHD7",0.0548477602746593
"chr3-192892834-192893706","MB21D2",0.0548384999952783
"chr3-50627235-50628118","MAPKAPK3",0.0548371192871958
"chr22-42614654-42615461","TCF20",0.0548356217721633
"chr16-72202123-72202964","AP1G1",0.0548340076244297
"chr6-158653314-158654208","TMEM181",0.0548331530310218
"chr19-667375-668252","CFD",0.0548313634903748
"chr16-85291186-85292107","ZDHHC7",0.0548310794458913
"chr1-154453155-154453933","IL6R",0.0548282393063539
"chr16-79217378-79218220","MAF",0.0548229619100456
"chr17-75872454-75873374","UBALD2",0.0548182766321164
"chr5-40441522-40442329","RPL37",0.054816250333737
"chr14-70809148-70810054","SYNJ2BP",0.0548154814125682
"chr6-26198963-26199846","BTN3A1",0.0548149520917956
"chr13-30767006-30767888","ALOX5AP",0.0548141543185007
"chr3-45856153-45856979","CCR9",0.0548082855165207
"chr8-127975382-127976239","PVT1",0.0548021703747134
"chr11-65420935-65421777","CCDC85B",0.0548013501762942
"chr19-54882617-54883454","KIR2DL1",0.0548009324226824
"chr21-33393988-33394879","IL10RB",0.0547888418758435
"chr3-46406788-46407558","CCR1",0.0547849292975618
"chr3-196287309-196288233","PIGX",0.0547823047046907
"chr8-38381966-38382748","DDHD2",0.0547813142856354
"chr10-8238813-8239678","GATA3",0.054779726956764
"chr19-44754302-44755000","RELB",0.0547789230155145
"chr19-10416295-10417200","ILF3",0.0547749877809758
"chr1-108556171-108557030","FAM102B",0.0547746855317489
"chr6-16729214-16730033","ATXN1",0.0547732617865314
"chrX-30613474-30614237","CXorf21",0.0547692624518854
"chr19-54209457-54210244","LILRA1",0.0547670893884538
"chr10-95290599-95291496","ACSM6",0.0547646209187791
"chr1-168833489-168834339","XCL2",0.054761734024064
"chr13-20712326-20713231","GJB6",0.0547581024799062
"chr12-124868991-124869850","NCOR2",0.0547556128146412
"chr16-85570740-85571533","GSE1",0.0547550388712802
"chr6-20403085-20404002","MBOAT1",0.0547543539284754
"chr17-73103380-73104294","CDC42EP4",0.0547538907523296
"chr19-2549462-2550378","OAZ1",0.0547535974564464
"chr1-17307938-17308582","PADI2",0.0547486126621306
"chr19-51751505-51752392","SIGLEC10",0.0547477570322905
"chr12-71698255-71699151","TMEM19",0.0547462696977833
"chr2-7241017-7241830","CMPK2",0.0547460578949951
"chr10-116742190-116743100","SHTN1",0.0547444786485885
"chr14-76191047-76191949","GPATCH2L",0.0547420385126539
"chr19-4058010-4058865","ZBTB7A",0.0547408150083628
"chr5-151047594-151048488","ZNF300",0.054734228276553
"chr17-31679796-31680717","RHOT1",0.0547339579583935
"chr2-118954440-118955316","MARCO",0.054733912508927
"chr13-48901639-48902380","RCBTB2",0.0547337049887368
"chr1-39890055-39890946","RLF",0.0547330085759549
"chr12-57487540-57488437","DTX3",0.0547305226775644
"chr13-99314507-99315385","CLYBL",0.0547279384254415
"chr3-185815336-185816124","IGF2BP2",0.0547247547000056
"chr16-1855088-1855987","HAGH",0.0547226020623783
"chr1-39936461-39937363","MFSD2A",0.0547167524511209
"chr1-999914-1000463","ISG15",0.054716393360031
"chr1-20574964-20575844","CDA",0.0547151461735073
"chr2-175167906-175168799","WIPF1",0.0547115998789484
"chr12-55817488-55818366","CNPY2",0.0547113277179197
"chr12-133130010-133130907","GOLGA3",0.0547111178121992
"chr19-11323883-11324806","CCDC159",0.0547095133855155
"chr7-64045073-64045925","ZNF727",0.054708648148916
"chr11-112159107-112159994","PTS",0.054704556624759
"chr3-128922964-128923785","RAB43",0.0547044817313739
"chr10-114073576-114074457","DCLRE1A",0.0547035601244007
"chr19-840435-841323","MIDN",0.0546964797931629
"chr20-1874615-1875518","SIRPD",0.0546900480756939
"chr13-28622073-28622948","PAN3",0.0546895220475809
"chr4-184854449-184855333","MIR3945HG",0.054687811666893
"chr19-51327428-51328277","CD33",0.0546828102801267
"chr2-160484749-160485681","RBMS1",0.0546822338656174
"chr6-21846766-21847704","SOX4",0.0546752084337648
"chr16-85137167-85138062","ZDHHC7",0.054671466246003
"chr1-1462108-1463044","ATAD3C",0.0546677937927534
"chr15-90063558-90064436","AP3S2",0.054662587918381
"chr20-4060045-4060978","SMOX",0.0546621736842991
"chr1-32066200-32067078","PTP4A2",0.0546598901414413
"chr1-23424202-23425139","TCEA3",0.0546568026355173
"chr16-68257171-68257874","SMPD3",0.054656268251293
"chr3-105722935-105723836","ALCAM",0.0546559327925859
"chr10-69507531-69508412","TSPAN15",0.0546537255384687
"chr6-53198938-53199826","ELOVL5",0.0546472501537937
"chr9-112863110-112863900","SLC46A2",0.0546410353272008
"chr14-49861561-49862341","LINC01588",0.0546401670257432
"chr17-74775968-74776874","SUMO2",0.0546373647436644
"chr1-15415772-15416702","TMEM51",0.0546351733358634
"chr12-7971294-7971821","SLC2A3",0.0546289736572238
"chrX-38803604-38804517","MID1IP1",0.0546285725170154
"chr14-24659892-24660769","GZMB",0.0546249999800084
"chr2-213283937-213284831","SPAG16",0.0546246365515388
"chr1-51666268-51667169","OSBPL9",0.0546241888945077
"chr11-73283399-73284285","FAM168A",0.0546239512786605
"chr13-27953643-27954489","FLT3",0.054621384476714
"chr18-59899445-59900333","PMAIP1",0.0546201341593867
"chr8-26571802-26572683","PPP2R2A",0.0546181324592844
"chrX-103248380-103249268","TMEM31",0.0546158695583326
"chr8-81080044-81080868","PAG1",0.0546156767438741
"chr22-28811596-28812475","XBP1",0.0546155448217443
"chr1-161530644-161531487","TSTD1",0.0546150165600811
"chr19-47330393-47331207","C5AR2",0.0546109852119893
"chr3-151274852-151275546","MED12L",0.0546085103649619
"chr17-17149877-17150756","CCDC144A",0.054607721101705
"chr7-831984-832909","PRKAR1B",0.0546038249979893
"chr2-88614157-88615062","EIF2AK3",0.0546009654450135
"chr1-240666271-240667158","GREM2",0.0545976908221904
"chr16-695025-695880","FBXL16",0.0545955200182989
"chr6-16726119-16726769","GMPR",0.0545951345003525
"chr9-124392121-124392936","NR6A1",0.0545947546134497
"chr12-49233556-49234170","TUBA1B",0.0545937241200837
"chr8-96904604-96905461","SDC2",0.0545905553519829
"chr6-42770894-42771807","TBCC",0.0545887311096634
"chr4-38306263-38307172","TLR10",0.05458316782961
"chr6-57108427-57109301","BEND6",0.0545806140518982
"chr9-133476291-133477137","SLC2A6",0.0545788605992858
"chr6-33093729-33094485","HLA-DMA",0.0545769277355188
"chr20-3797584-3798407","CDC25B",0.0545707714880384
"chr19-3275614-3276550","TLE2",0.0545704898940436
"chr17-77083371-77084277","MGAT5B",0.0545671404806133
"chr3-114213462-114214340","GRAMD1C",0.0545669710203968
"chr22-37121918-37122818","MFNG",0.0545642898181699
"chr12-8987373-8988178","LINC00612",0.054563993924558
"chr12-8455325-8456183","C3AR1",0.0545593878569901
"chr22-38758361-38759241","CBX7",0.0545592189339402
"chr1-33338565-33339477","RNF19B",0.0545560276893019
"chr19-3573746-3574478","GNA15",0.0545552429716011
"chr12-92470348-92471151","C12orf74",0.054554185443534
"chr12-8565966-8566825","C3AR1",0.0545531510901039
"chr6-26234512-26235312","HIST1H1D",0.0545428398764627
"chr4-2787036-2787916","HTT",0.0545426297179609
"chr15-90566186-90567070","MAN2A2",0.0545408552273432
"chr19-33333414-33334111","LRP3",0.0545401479465124
"chr12-8466192-8466900","C3AR1",0.0545393273364316
"chr19-11323883-11324806","TMEM205",0.0545383699160343
"chr3-108124327-108125148","LINC01215",0.0545381679723761
"chr9-112496110-112496847","KIAA1958",0.0545377875071874
"chr5-132472745-132473632","KIF3A",0.0545370328753388
"chr16-68084906-68085721","CARMIL2",0.0545370165299935
"chr2-219362280-219363183","SLC4A3",0.0545351516601076
"chr1-186818947-186819816","PTGS2",0.0545348767634774
"chr8-58172510-58173416","SDCBP",0.0545292279387278
"chr3-113947479-113948334","GRAMD1C",0.0545257820329993
"chr2-161994233-161995078","DPP4",0.0545249429864365
"chr8-124728133-124729004","NDUFB9",0.0545247071318943
"chr5-140273241-140274125","SRA1",0.0545231283560674
"chr4-83556142-83556973","GPAT3",0.0545198618601024
"chr3-15050115-15050934","SH3BP5",0.0545197173052978
"chr19-46718083-46718909","ARHGAP35",0.0545189543721037
"chr1-212671055-212671938","BATF3",0.0545146555367406
"chr11-10897731-10898608","MTRNR2L8",0.0545127668607017
"chr7-150783869-150784724","AGAP3",0.0545048273355127
"chr10-62239811-62240622","RTKN2",0.0545034943268525
"chr11-34308994-34309848","ABTB2",0.0545022800311248
"chr16-55753821-55754687","CES1",0.0545018095833505
"chr1-24186939-24187807","IFNLR1",0.0545001104233121
"chr17-42518445-42519154","ATP6V0A1",0.0544997149951327
"chr13-76886016-76886922","KCTD12",0.054499488785398
"chr11-1772316-1773011","CTSD",0.0544983205044416
"chr16-30957336-30958238","BCL7C",0.0544936578778187
"chr11-73979780-73980684","UCP2",0.0544922710395969
"chr14-24606902-24607701","FITM1",0.0544917446248715
"chr4-88613201-88614106","PPM1K",0.0544916180054658
"chr22-33209963-33210854","SYN3",0.054491233498998
"chr10-97689359-97690240","PI4K2A",0.0544897947624765
"chr10-6151045-6151975","PFKFB3",0.0544847997104158
"chr15-45391846-45392759","GATM",0.0544840174846864
"chr6-132684717-132685607","VNN1",0.0544824014007829
"chr10-77926195-77927091","DLG5",0.054480050175207
"chr7-2870266-2871159","AMZ1",0.0544788650583898
"chr3-131361361-131362277","NUDT16",0.0544770562602314
"chr20-50274658-50275568","RNF114",0.0544732578657163
"chr14-95313539-95314404","SYNE3",0.0544724333700372
"chr5-140602679-140603468","SRA1",0.0544678939505581
"chr12-64699417-64700336","TBC1D30",0.0544662367239926
"chr12-109827878-109828786","ATP2A2",0.0544630805804062
"chr2-233331286-233332204","DGKD",0.054462592013011
"chr1-9069285-9070169","RERE",0.0544589303340476
"chr8-140504640-140505519","PTK2",0.0544576625845291
"chr5-150208864-150209775","CD74",0.0544545943112607
"chr9-112894436-112895183","KIAA1958",0.0544544472367815
"chr1-33080671-33081551","AZIN2",0.0544519187071942
"chr19-2549462-2550378","GADD45B",0.0544439730423108
"chr16-3789418-3790277","CLUAP1",0.0544351802825114
"chr3-138862490-138863132","PIK3CB",0.0544345300934877
"chr6-46175249-46175998","ENPP5",0.0544341595129418
"chr5-115450332-115451214","TICAM2",0.0544333608007758
"chr6-3914955-3915785","SLC22A23",0.0544303127951484
"chr15-63479361-63480281","HERC1",0.0544291602634916
"chr14-105389910-105390758","PLD4",0.0544289488468138
"chr16-87979692-87980541","ZFPM1",0.0544268248184747
"chr15-58524002-58524886","AQP9",0.0544235285247252
"chr16-2682045-2682942","ABCA3",0.0544234672289154
"chr3-98732386-98733276","ST3GAL6",0.0544212320483263
"chr5-159331125-159332052","AC008691.1",0.0544194944010322
"chr1-153390688-153391579","S100A6",0.0544194233362568
"chr5-173890004-173890937","LINC01485",0.0544137036473143
"chr19-6424680-6425581","VAV1",0.0544135552259795
"chr2-38740613-38741520","SRSF7",0.0544115629258139
"chr6-20212233-20213101","MBOAT1",0.0544109527737477
"chr12-10410999-10411904","KLRC1",0.0544105383825375
"chr1-11790596-11791506","TNFRSF8",0.0544092128777465
"chr19-48874918-48875832","PPP1R15A",0.0544089168281374
"chr19-58362376-58363234","ZNF274",0.0544077932501161
"chr5-16935888-16936796","BASP1",0.0544067217819427
"chr12-10186114-10186944","OLR1",0.0544013730274005
"chr15-55247464-55248267","RAB27A",0.0543948879059074
"chrX-136674330-136675250","CD40LG",0.0543945480095659
"chr19-52833270-52834141","ZNF600",0.0543913797103563
"chr4-3226420-3227018","RGS12",0.0543899329156728
"chr10-79126952-79127848","ZMIZ1",0.0543837990054658
"chr1-17431390-17432235","RCC2",0.054379129396572
"chr22-49868843-49869730","MLC1",0.0543718241243832
"chr10-102815793-102816694","SUFU",0.054371161107477
"chrX-47637382-47638292","CFP",0.0543698314811294
"chr7-150916747-150917284","WDR86-AS1",0.0543672339276641
"chr1-157625800-157626706","FCRL3",0.0543649483496972
"chr6-167098507-167099368","RNASET2",0.0543626309715231
"chr10-102633014-102633871","SUFU",0.0543618801246822
"chr22-20557200-20558118","DGCR6L",0.0543577802250927
"chr2-168943750-168944639","NOSTRIN",0.0543568993096904
"chr18-48445207-48446016","CTIF",0.0543508141947376
"chr22-32119489-32120316","RFPL2",0.0543469733894671
"chr2-74079732-74080573","MOB1A",0.0543422284040465
"chr2-98654855-98655735","TSGA10",0.0543415128505729
"chr11-122743669-122744562","UBASH3B",0.0543392035214498
"chr8-37599508-37600422","ZNF703",0.0543356864728412
"chr6-55022946-55023811","HCRTR2",0.0543336819472834
"chr7-957709-958567","ZFAND2A",0.054331079775528
"chr21-42655313-42656084","PDE9A",0.0543291730076221
"chr6-52497476-52498294","TRAM2",0.0543286996952535
"chr1-206503728-206504624","MAPKAPK2",0.054327210718909
"chr20-3658624-3659524","RNF24",0.054323312182974
"chr20-2865511-2866278","PTPRA",0.0543209437550762
"chrX-72123343-72124225","NHSL2",0.0543199226617934
"chr1-203673773-203674688","SOX13",0.0543190398378069
"chr13-77026774-77027436","CLN5",0.0543183330164985
"chr14-77243694-77244503","TMED8",0.054316799148708
"chr13-98994638-98995534","UBAC2",0.0543161241196744
"chr3-138348067-138348905","MRAS",0.0543129337014763
"chr19-54196543-54196985","LILRA2",0.0543126533663978
"chr7-38232666-38233536","AMPH",0.0543092669512193
"chr8-19670534-19671353","CSGALNACT1",0.0543083744465243
"chr18-13276407-13277205","LDLRAD4",0.0543076417347316
"chr19-48872885-48873653","SNRNP70",0.0543059716992275
"chr12-121276711-121277714","OASL",0.0543044181511066
"chr19-46981089-46981936","C5AR2",0.0543030096797985
"chr17-78198678-78199600","SYNGR2",0.0543006202390053
"chr19-54247696-54248604","VSTM1",0.0542988547996198
"chr7-105890155-105890964","CDHR3",0.0542959400588022
"chr14-50756050-50756942","SAV1",0.0542939197302867
"chr20-9393051-9393953","LAMP5",0.0542917472787768
"chr20-35454602-35455502","CEP250",0.0542913596556195
"chr5-180568675-180569579","SCGB3A1",0.0542885662840077
"chr11-568160-569085","ANO9",0.0542880160882325
"chr13-46109231-46110075","LINC01198",0.0542860240439918
"chr11-65424882-65425686","LTBP3",0.0542850940047584
"chr5-136132442-136133313","SMAD5",0.0542848643591291
"chr12-124918836-124919707","UBC",0.0542844194819981
"chr22-44956730-44957582","SMC1B",0.0542830177406861
"chr3-535642-536546","LINC01266",0.05428261076703
"chr1-67314368-67315178","IL12RB2",0.0542790595551661
"chr6-31576693-31577558","NCR3",0.054276143568746
"chr9-35538427-35539306","VCP",0.0542730228558081
"chr20-1943404-1944242","NSFL1C",0.0542718876063319
"chr6-41290517-41291416","TREML4",0.0542689766152571
"chr12-96121186-96121770","HAL",0.0542679194972205
"chr1-234212489-234213198","SLC35F3",0.0542671895311434
"chr9-136283431-136284320","LCN10",0.0542664670441846
"chr2-215900055-215900862","LINC00607",0.0542661532534407
"chr1-68255230-68255946","WLS",0.0542659984239335
"chrX-48939653-48940391","PIM2",0.0542650646627614
"chr12-8987373-8988178","LINC00987",0.0542623397711622
"chr11-74004956-74005869","PLEKHB1",0.0542582556798417
"chr17-5242151-5243015","NUP88",0.0542570039033406
"chr10-27101352-27102127","ANKRD26",0.054254136189414
"chr11-2898462-2899322","OSBPL5",0.0542509410711627
"chr6-135102679-135103550","HBS1L",0.0542498375541381
"chr10-89829629-89830471","LINC01375",0.0542478551970803
"chr5-175521240-175522124","CPLX2",0.0542432102375144
"chr22-44005252-44006145","PARVG",0.0542329158446039
"chr7-142785564-142786421","GSTK1",0.0542317435848447
"chr11-32847261-32848114","WT1",0.0542286279965845
"chr6-132745806-132746704","VNN2",0.0542282919284219
"chr6-22025506-22026312","SOX4",0.0542239445638619
"chr7-7989548-7990405","GLCCI1",0.0542238348475087
"chr4-88858659-88859490","HERC5",0.0542209738120113
"chr16-1470703-1471526","MSRB1",0.0542207576082599
"chr17-76381409-76382169","RHBDF2",0.0542197692991631
"chr19-14523102-14523794","DNAJB1",0.0542194082850238
"chr17-1111676-1112250","PITPNA",0.054216494292946
"chr2-10122183-10123090","RRM2",0.0542160501664347
"chr7-134992558-134993445","AGBL3",0.0542141018302853
"chr19-4709185-4710108","TMIGD2",0.0542128053398891
"chr12-52633128-52633990","KRT72",0.0542082448277969
"chr12-10312186-10313067","KLRC3",0.0542029076470963
"chr1-117607264-117607956","MAN1A2",0.0541963824971461
"chr15-90019720-90020621","AP3S2",0.0541963539805136
"chr6-32796815-32797669","HLA-DOA",0.0541957181832262
"chr17-74842516-74843424","CD300LF",0.0541945717487457
"chr17-7094027-7094901","ASGR2",0.0541921317546416
"chr4-183098731-183099595","WWC2",0.0541916035461568
"chr19-7527355-7528196","MCOLN1",0.0541885386120216
"chr2-37345682-37346373","EIF2AK2",0.0541866028806903
"chr14-103121263-103122146","CDC42BPB",0.0541844273687453
"chr3-12458682-12459594","PPARG",0.054177021031738
"chr7-108049773-108050632","NRCAM",0.0541711070134507
"chr1-53127203-53128108","SLC1A7",0.0541704297285854
"chr5-50593498-50594361","PARP8",0.0541698220193942
"chr17-68312291-68313175","SLC16A6",0.0541695343588735
"chr12-9027114-9027893","LINC00987",0.0541676023035856
"chr7-64902792-64903673","ZNF138",0.0541669941400273
"chr17-5016583-5017485","RABEP1",0.0541665708179225
"chr10-72552701-72553605","MCU",0.0541664165961467
"chr15-68256744-68257620","PIAS1",0.054163554336587
"chr19-33296004-33296941","CEBPA",0.0541630349516108
"chr19-51824343-51825236","SIGLEC5",0.0541598702449298
"chr19-54280445-54281381","LILRA1",0.0541575197653708
"chr14-73237165-73237835","PSEN1",0.0541556628900389
"chr2-111659216-111660085","MERTK",0.0541544539806377
"chr2-147663324-147664263","ACVR2A",0.0541539095594728
"chr6-79630942-79631872","SH3BGRL2",0.0541503144855719
"chr1-223726384-223727276","CAPN2",0.0541464617043701
"chr10-79417151-79418039","ZMIZ1",0.0541452335284494
"chr10-12053529-12054312","CAMK1D",0.0541443405266521
"chr5-107979648-107980472","EFNA5",0.0541406436783929
"chr15-74322319-74323213","SEMA7A",0.0541399035605477
"chr15-101445890-101446772","CHSY1",0.0541380637010315
"chr3-58355952-58356761","PXK",0.0541371915077407
"chr13-99281769-99282539","TM9SF2",0.0541296398073223
"chr12-9364321-9365267","CLECL1",0.0541291189910066
"chr1-160862362-160863174","SLAMF7",0.0541264106611428
"chr11-130165799-130166567","ST14",0.0541195674752599
"chr14-50363526-50364370","MAP4K5",0.0541190461433139
"chr4-5708009-5708895","CRMP1",0.0541164997925321
"chr10-119504528-119505452","RGS10",0.0541154358100066
"chr13-28355515-28356379","MTUS2",0.0541136015924243
"chr10-133012341-133013173","TUBGCP2",0.0541133833289331
"chr1-230002135-230002995","GALNT2",0.0541101341453362
"chr12-8618898-8619789","CLEC6A",0.0541098404202201
"chr6-18350453-18351327","TPMT",0.0541093648297227
"chrX-1123373-1124196","IL3RA",0.0541089260167324
"chr1-12143409-12144150","TNFRSF8",0.054108083140968
"chr3-112990643-112991539","CD200R1",0.0541051141746472
"chr4-98658241-98659118","EIF4E",0.0541002184407053
"chr16-88636878-88637736","MVD",0.0540987894878432
"chr15-49169714-49170612","EID1",0.054098491392092
"chr9-87613339-87614007","CTSL",0.0540981944026756
"chr6-148232-149062","IRF4",0.0540946369931568
"chr5-32522458-32523356","GOLPH3",0.0540911039320882
"chr11-114073550-114074479","USP28",0.054087578475135
"chr2-9206139-9207047","ADAM17",0.0540864397241107
"chr3-218781-219624","CHL1",0.0540850263087345
"chr20-32112673-32113517","PLAGL2",0.0540849902929269
"chr16-68000343-68001109","SLC7A6",0.0540847444405607
"chrX-84501623-84502372","HDX",0.0540838656666467
"chr11-75836108-75837000","DGAT2",0.0540785980885236
"chr1-71080771-71081648","ZRANB2",0.0540753546686698
"chr1-12152997-12153892","MFN2",0.0540663684901103
"chr14-20715206-20716012","RNASE2",0.0540640638451004
"chrX-15676779-15677544","PIGA",0.0540614487896491
"chr18-45962313-45963101","RNF165",0.0540585198725401
"chr6-156767972-156768861","ARID1B",0.0540581195352188
"chr5-154714325-154715230","LARP1",0.0540576553616553
"chr7-130440646-130441535","UBE2H",0.0540486594765307
"chr8-109595521-109596384","SYBU",0.0540480100468709
"chr1-160143512-160144368","SLAMF8",0.0540477061085087
"chr17-66673414-66674309","CEP112",0.0540464960240794
"chr10-77629547-77630448","KCNMA1",0.0540462758534868
"chr17-74520695-74521115","CD300A",0.0540396498122354
"chr1-247406899-247407796","AHCTF1",0.0540360035757569
"chr12-55847641-55848503","CD63",0.0540353131505877
"chr20-8019309-8020070","TMX4",0.0540351823833821
"chr2-197434666-197435555","HSPD1",0.0540339029606434
"chr12-8268995-8269890","CLEC4A",0.0540336995484475
"chr11-74461847-74462680","POLD3",0.0540319462555896
"chr4-38985292-38985999","TLR10",0.054031042652477
"chr13-96052992-96053847","DNAJC3",0.0540200703149366
"chr18-23078377-23079214","RIOK3",0.054012760875985
"chr3-9716760-9717498","CPNE9",0.0540122974200211
"chr9-132998821-132999528","SPACA9",0.0540075872506915
"chr17-36118553-36119277","CCL4",0.0540052629303803
"chr17-2265945-2266804","RPA1",0.0540018179280914
"chr3-113005451-113006335","CD200R1",0.0540007186427625
"chr1-152036501-152037299","SNX27",0.0540004409451516
"chr17-76515193-76516090","UBALD2",0.0539995870157113
"chr14-69672988-69673882","PLEKHD1",0.053999542842966
"chr21-46587923-46588815","S100B",0.0539975625277255
"chr7-957709-958567","ADAP1",0.05399730094885
"chr20-52053845-52054736","ATP9A",0.0539950990811149
"chr9-37283772-37284541","ZCCHC7",0.0539902378103626
"chr7-150603301-150604170","GIMAP5",0.0539896725410482
"chr1-154720631-154721501","ADAM15",0.0539886884731428
"chr12-124432110-124432963","SCARB1",0.0539880890361549
"chr3-43162573-43163367","SNRK",0.053984256498083
"chr15-48810772-48811656","DUT",0.0539795655047279
"chr16-46387409-46388244","MYLK3",0.0539748597165784
"chr2-207143187-207144018","KLF7",0.0539734372633632
"chr6-35601496-35602387","PPARD",0.0539686997959239
"chr4-75901123-75902008","CXCL10",0.0539667988338989
"chr17-59167284-59168165","YPEL2",0.0539635226674853
"chr13-32030928-32031840","FRY",0.0539593260001817
"chr3-14439275-14440103","SLC6A6",0.0539587294694341
"chr2-202911689-202912464","FAM117B",0.0539532807011414
"chr15-38019016-38019759","SPRED1",0.0539527821294922
"chr16-81769693-81770502","PLCG2",0.0539478806847364
"chr17-6775695-6776578","XAF1",0.0539474974132527
"chr8-19754403-19755282","CSGALNACT1",0.0539474023046268
"chr13-75635929-75636773","COMMD6",0.0539450861457256
"chr4-56648068-56648901","IGFBP7",0.0539425922818677
"chr12-39619596-39620466","KIF21A",0.0539407681609511
"chr2-165794236-165795072","GALNT3",0.0539375077977185
"chr18-67241056-67241934","DSEL",0.0539289712281797
"chr6-16724884-16725623","GMPR",0.0539288729783577
"chr11-67240883-67241665","TBC1D10C",0.0539263784396498
"chr19-20565360-20566185","ZNF737",0.0539262684680793
"chr12-49230509-49231417","TUBA1B",0.0539250228031068
"chr9-112863110-112863900","KIAA1958",0.0539221039094897
"chr17-70205168-70206066","KCNJ2",0.0539189183668787
"chr16-57041135-57041912","MT1F",0.0539108514514478
"chr2-234077503-234078329","AC097713.3",0.053909247681812
"chr19-49897544-49898341","IL4I1",0.0539086310909892
"chr5-87412520-87413407","CCNH",0.0538955881436367
"chr9-131700884-131701764","RAPGEF1",0.0538942193055998
"chr1-2234162-2235035","GNB1",0.0538939106008081
"chr19-14127857-14128673","PRKACA",0.0538924955706573
"chr17-74545606-74546477","CD300LB",0.0538767554608734
"chr16-49516842-49517568","ZNF423",0.0538762497626824
"chr8-28779294-28780104","KIF13B",0.0538687605330855
"chr16-85908421-85909340","C16orf74",0.053866286127895
"chr14-50789460-50790343","SAV1",0.0538643189791359
"chr9-136522287-136523049","NACC2",0.0538577820348504
"chr2-197842314-197843169","PLCL1",0.0538577106349318
"chr1-158394418-158395294","CD1C",0.0538555063053479
"chr7-22481419-22482297","IL6",0.0538522106019328
"chr19-54551799-54552319","LILRB3",0.0538514075195266
"chr16-67473029-67473865","ATP6V0D1",0.0538450226910618
"chr5-180820714-180821600","MGAT1",0.0538435786210055
"chr10-59590963-59591860","FAM13C",0.0538388330401198
"chr15-41290945-41291848","CHP1",0.0538373315980382
"chr11-2440532-2441403","CDKN1C",0.0538369785631683
"chr17-1607069-1607996","SCARF1",0.0538342159025603
"chr16-74600884-74601777","GLG1",0.0538339430774861
"chr19-10809472-10810327","TSPAN16",0.0538314841157975
"chr7-22726457-22727388","RAPGEF5",0.0538290271702863
"chr2-109102700-109103535","SH3RF3",0.0538277613134703
"chr5-140273241-140274125","HBEGF",0.0538258254555678
"chr13-28093968-28094806","FLT3",0.0538242674347374
"chr15-58331881-58332681","ADAM10",0.0538238095433471
"chr21-38741302-38742148","ERG",0.0538236620705868
"chr13-40153325-40154215","LINC00332",0.0538229117186436
"chr1-46132551-46133481","MKNK1",0.0538213771433356
"chr11-67120714-67121591","GRK2",0.0538207986529014
"chr7-106424687-106425587","PIK3CG",0.0538204847251772
"chr20-37336297-37337155","SRC",0.0538195091004023
"chr18-79690654-79691462","KCNG2",0.0538194693347896
"chr2-191020022-191020870","GLS",0.0538186576775473
"chr12-120086746-120087651","DYNLL1",0.0538182818314155
"chr12-10554271-10555153","KLRC2",0.053818103682342
"chr9-4554986-4555898","SPATA6L",0.0538164056172406
"chr22-21939273-21940052","MAPK1",0.0538134315423107
"chr17-1205844-1206746","CRK",0.0538071360781512
"chr1-3772107-3772999","MEGF6",0.0538065730968731
"chr1-156212640-156213525","SSR2",0.053804538750953
"chr6-5003422-5004312","LYRM4",0.0538032324277789
"chr22-44026638-44027527","PARVG",0.0538030101835194
"chr7-107168283-107169120","COG5",0.0538028228682844
"chr7-6634712-6635610","DAGLB",0.0538026436907559
"chr2-96159154-96160031","DUSP2",0.0537997601256985
"chr4-155376396-155377281","MAP9",0.0537951026982981
"chr15-77067426-77068303","TSPAN3",0.053794420783057
"chr1-174999317-175000207","CACYBP",0.0537927872219705
"chr17-7094027-7094901","EIF4A1",0.0537873736321023
"chr1-183568300-183569138","SMG7",0.0537870238885523
"chr5-108747328-108747898","FBXL17",0.0537850651220771
"chr22-24216403-24217337","GGT1",0.0537843123020095
"chr2-152421329-152422131","CACNB4",0.0537800978541668
"chr17-82278950-82279769","MAFG",0.0537795812989058
"chr9-35847879-35848786","CD72",0.0537759820172935
"chr17-1758528-1759430","PITPNA",0.0537759090888143
"chr19-44005729-44006628","LYPD5",0.0537729299827758
"chr2-121468718-121469628","TFCP2L1",0.0537681061137261
"chr12-124391310-124391675","NCOR2",0.0537650143890226
"chr10-104246622-104247494","GSTO1",0.0537640102829235
"chr2-24329543-24330361","ITSN2",0.0537623130743311
"chr14-49635188-49635885","DNAAF2",0.0537604192251513
"chr17-47324496-47325226","EFCAB13",0.0537567917908052
"chr17-74917140-74917992","CD300LF",0.0537538040253283
"chr1-75614445-75615264","SLC44A5",0.0537528649857726
"chr20-49668296-49669175","B4GALT5",0.0537522709617225
"chr14-49861561-49862341","KLHDC2",0.0537521594467897
"chr8-37551175-37552080","ZNF703",0.0537501117586007
"chr3-18349210-18349996","SATB1",0.0537467887068331
"chr3-56800211-56801048","CCDC66",0.0537459362294766
"chr4-110193512-110194419","PLA2G12A",0.0537442552770027
"chr7-150612592-150613406","GIMAP7",0.0537432656090721
"chr17-35731278-35732115","SLFN13",0.0537408253415569
"chr9-19183968-19184880","DENND4C",0.053740727678028
"chr11-2298862-2299615","TSPAN32",0.0537327063207424
"chr12-121292079-121292992","OASL",0.0537313582212987
"chr10-96717070-96717544","TLL2",0.0537296233608786
"chr21-46531796-46532696","S100B",0.0537293450073681
"chr9-111078230-111079120","MUSK",0.0537176943134043
"chr7-2030894-2031754","CHST12",0.0537163232105192
"chr19-20661168-20662030","ZNF66",0.0537131592869174
"chr3-196193842-196194776","PIGX",0.0537095005807374
"chr7-121020399-121021316","CPED1",0.053707021246786
"chr18-9069464-9070321","MTCL1",0.0536986252653055
"chr6-30516084-30516921","LINC00243",0.0536983914292745
"chr2-25794387-25795254","DTNB",0.0536983564605447
"chr10-102450130-102451004","NOLC1",0.0536972805535586
"chr2-235779175-235779997","AGAP1",0.0536965497403068
"chr3-30730758-30731675","TGFBR2",0.0536939451399301
"chr9-35534759-35535625","RUSC2",0.05368729160484
"chr10-119133606-119134475","CACUL1",0.0536864685455246
"chr11-112221994-112222954","C11orf52",0.0536835523528217
"chr16-30633951-30634872","BCL7C",0.0536770248064289
"chr1-153945873-153946479","DENND4B",0.0536762751476722
"chr2-134021718-134022513","MGAT5",0.0536757686366598
"chr3-196232229-196233138","NRROS",0.0536754292060239
"chr10-48648382-48649011","VSTM4",0.0536687796360302
"chr21-39089917-39090792","AP001042.1",0.0536669322319325
"chr6-118656766-118657601","FAM184A",0.0536665469847348
"chr5-177494110-177495009","PDLIM7",0.053665109529002
"chr6-2793457-2794380","SERPINB1",0.0536625907182804
"chr9-77647618-77648431","GNAQ",0.0536607227442752
"chr12-28799048-28799602","FAR2",0.0536560365995601
"chr12-105358544-105359444","C12orf45",0.0536456813470553
"chrX-110087576-110088212","ACSL4",0.05364566101453
"chr11-67072923-67073806","GRK2",0.0536440644595015
"chr2-112003961-112004859","MERTK",0.0536408728244013
"chr3-185824897-185825720","TRA2B",0.0536399026559651
"chr2-152042618-152043510","STAM2",0.0536394560259397
"chr2-47283495-47284429","EPCAM",0.0536295629521157
"chr6-146857235-146858129","RAB32",0.0536287049736542
"chr19-40748323-40749202","CYP2S1",0.0536265768685912
"chr1-54459186-54459883","TTC22",0.0536233330276184
"chr20-23161113-23161792","CST3",0.05361983021038
"chr13-28100104-28100968","PAN3",0.0536158693746276
"chr3-48465558-48466466","PRKAR2A",0.0536140459157408
"chr7-22871908-22872790","AC002480.2",0.0536125315200316
"chr22-30996214-30997126","DUSP18",0.0536082193718803
"chrX-23727238-23727873","ACOT9",0.0536035974752721
"chr15-75046854-75047761","C15orf39",0.0536022136591357
"chr4-74444691-74445551","PARM1",0.0536010008187052
"chr12-10381821-10382703","STYK1",0.0536007318649888
"chr10-60350972-60351819","CCDC6",0.0536000988711009
"chr1-160204156-160204903","PEA15",0.0535994977757354
"chr15-52465901-52466791","ARPP19",0.053598271345915
"chr15-43749536-43750439","SERF2",0.05359335305676
"chr17-72617772-72618671","LINC00511",0.0535930687503591
"chr15-58524002-58524886","ADAM10",0.0535890891477415
"chr19-16278908-16279811","TPM4",0.0535880818879587
"chr3-196170569-196171445","TNK2",0.0535856902920592
"chr17-36004325-36005149","CCL4",0.0535832931126781
"chr4-102827589-102828429","SLC39A8",0.0535819895141784
"chr9-127719898-127720822","PTRH1",0.0535815540218174
"chr5-124707237-124708159","LINC01170",0.0535807775627734
"chr12-110256457-110257364","ANKRD13A",0.0535795625455478
"chr9-89462485-89463143","SEMA4D",0.0535735855168143
"chr2-171405798-171406612","TLK1",0.053566687646646
"chr6-132733326-132734073","VNN3",0.0535637973007523
"chr2-241881268-241882183","ING5",0.0535608250968595
"chr2-161206228-161207118","TANK",0.0535605249892149
"chr1-207495858-207496757","CD55",0.0535574653883207
"chr11-62640466-62641374","TMEM223",0.0535560109794393
"chr16-75464270-75465113","GABARAPL2",0.0535490183287573
"chr17-74279838-74280753","CD300A",0.0535476983622682
"chr17-36148727-36149594","CCL4",0.0535423042589533
"chr5-179623368-179624257","HNRNPH1",0.0535406965168562
"chr17-7625968-7626691","EIF4A1",0.0535370899541108
"chr10-89251529-89252419","KIF20B",0.053536487178064
"chr9-133960191-133961095","VAV2",0.0535336737331194
"chr2-230885592-230886418","ITM2C",0.0535317710073783
"chr21-29226559-29227384","N6AMT1",0.0535231653581907
"chr9-2018934-2019817","SMARCA2",0.0535214109092928
"chrX-23786459-23787189","ACOT9",0.0535204709823643
"chr6-41735197-41736071","TOMM6",0.0535118877335932
"chr4-153759507-153760395","RNF175",0.0535079634369161
"chr1-202968678-202969549","ADIPOR1",0.0535074706446622
"chr17-8120199-8120983","RPL26",0.05350637012942
"chr14-68757411-68758311","ZFP36L1",0.0535058629386402
"chr19-35445865-35446723","NFKBID",0.0535028669101162
"chr20-48919890-48920536","PREX1",0.0534969760961315
"chr16-28553651-28554579","XPO6",0.0534964424006899
"chr6-130020718-130021507","TMEM244",0.0534959031303835
"chr18-3747163-3748080","TGIF1",0.0534957027953265
"chr5-151677642-151678576","SLC36A1",0.0534950407394696
"chr12-124506069-124507004","SCARB1",0.0534916590021634
"chr2-204026805-204027704","CTLA4",0.0534899450593812
"chr20-1619722-1620550","SIRPB1",0.0534859477043678
"chr1-1201058-1201928","TNFRSF4",0.0534839505221336
"chr19-54162020-54162916","LILRB3",0.0534824082886987
"chr17-44347920-44348807","FZD2",0.0534803263026292
"chr14-63641600-63642614","SGPP1",0.0534687485984767
"chr9-129762339-129763215","TOR1B",0.05346570694247
"chr12-49233556-49234170","ARF3",0.0534527514380814
"chr5-154384461-154385071","GALNT10",0.0534460208045509
"chr8-96494793-96495637","CPQ",0.0534455798723841
"chr10-97353751-97354648","FRAT1",0.0534434046782047
"chr6-90266730-90267606","CASP8AP2",0.0534432503349315
"chr3-152769243-152770138","P2RY1",0.0534422144991962
"chr19-18401493-18402390","JUND",0.0534395096118429
"chr12-50924166-50925032","SLC4A8",0.0534362659364281
"chr4-146049486-146050388","C4orf51",0.0534359148926164
"chr19-47309311-47310188","DHX34",0.0534344532378851
"chr16-28950411-28951304","SH2B1",0.0534329731777523
"chr8-26194450-26195236","DPYSL2",0.0534291375077021
"chr12-121190239-121191143","OASL",0.0534278393525153
"chr15-69125753-69126653","GLCE",0.0534276064341562
"chr1-17281647-17282523","PADI2",0.0534273730856542
"chr9-124260909-124261780","NEK6",0.0534272878919096
"chr16-30724599-30725521","PYCARD",0.0534227674589732
"chr1-160102617-160103552","PEA15",0.0534224949011848
"chr15-90561707-90562589","CRTC3",0.0534203309202283
"chr19-58033558-58034419","ZNF135",0.05341882871117
"chr7-2019506-2020394","SNX8",0.0534180394058435
"chr9-121644823-121645722","GSN",0.0534173556321398
"chr3-119702536-119703446","GSK3B",0.0534167646651554
"chr2-165594611-165595472","SCN3A",0.0534144683952061
"chr20-17843553-17844363","BFSP1",0.0534107080166239
"chr1-206802973-206803889","IKBKE",0.0534093794267903
"chr2-203933768-203934647","CTLA4",0.0534085173166622
"chr11-2217004-2217808","ASCL2",0.0534083304688484
"chr6-157755352-157756097","SYNJ2",0.0534055736017368
"chr15-98860382-98861201","IGF1R",0.0533972576981702
"chr19-54270996-54271757","LILRA1",0.0533967130377305
"chr19-46981089-46981936","SLC1A5",0.0533905864867669
"chr22-45996150-45996979","MIRLET7BHG",0.0533901302402414
"chr6-26123707-26124526","HIST1H1D",0.053389885429711
"chr1-51518882-51519728","EPS15",0.0533875351478736
"chr3-129276194-129277061","MBD4",0.053386308759063
"chr6-31575105-31576003","TNF",0.0533823052975718
"chr1-160744123-160745019","SLAMF7",0.0533774671878441
"chr11-19563892-19564693","E2F8",0.0533772047220924
"chr5-87412520-87413407","RASA1",0.0533769652859902
"chr3-194134631-194135338","HES1",0.0533753757992244
"chr1-111127956-111128832","CEPT1",0.0533732833141589
"chr1-15886004-15886898","SPEN",0.0533730837437622
"chr20-1827770-1828346","SIRPB2",0.0533699419421772
"chr17-81920947-81921742","SECTM1",0.0533684562014228
"chr13-36436543-36437422","CCDC169",0.0533672339524234
"chr4-38666865-38667779","KLF3",0.0533665511103168
"chr9-113125152-113126071","FAM225A",0.0533619838717084
"chr4-143417611-143418443","GAB1",0.053361597648832
"chr9-137470576-137471377","PTGDS",0.053359133870196
"chr1-156102844-156103605","LMNA",0.053358944385684
"chr17-36108120-36108634","CCL3",0.0533588527162824
"chr1-226121395-226122276","ACBD3",0.0533564031750479
"chr17-74924282-74925038","CD300LF",0.0533555618415262
"chr22-50507537-50508468","PPP6R2",0.0533514177548582
"chr9-127721382-127722136","TTC16",0.0533480972688624
"chr19-17771993-17772916","SLC5A5",0.0533460431536499
"chr15-88904373-88905276","MFGE8",0.053344881405568
"chr4-15719244-15720070","BST1",0.0533438893363998
"chr3-123201437-123202329","SEC22A",0.0533421559766338
"chr20-17679854-17680630","RRBP1",0.0533400949176909
"chr11-61814890-61815772","DAGLA",0.0533341697776297
"chr22-30435410-30436316","TBC1D10A",0.0533307793167385
"chr19-51141849-51142739","SIGLEC9",0.0533305200524075
"chr12-107032032-107032886","CRY1",0.0533263548078701
"chr6-46730662-46731554","PLA2G7",0.05332467450094
"chr17-7572169-7573039","TRAPPC1",0.053324416200312
"chr6-116392319-116393184","DSE",0.0533180642429331
"chr14-101809662-101810498","HSP90AA1",0.0533141863993916
"chr7-44891157-44892024","TMED4",0.0533135879958477
"chr22-37310938-37311816","CYTH4",0.0533111716135515
"chr15-59185535-59186423","ADAM10",0.0533104652822931
"chr19-40605160-40606035","EGLN2",0.0533101999404209
"chr19-37594314-37595240","ZNF540",0.0533068457133007
"chr10-133235259-133235951","VENTX",0.0533066775572281
"chr9-136902241-136902920","NPDC1",0.0533008300186699
"chr17-58308092-58308961","TEX14",0.0532976233574224
"chr7-928343-929252","COX19",0.0532969332006669
"chr2-106056953-106057832","UXS1",0.0532918603106265
"chr10-27503811-27504694","ANKRD26",0.0532902621049852
"chr17-82217554-82218300","SECTM1",0.0532879613151883
"chr1-11960591-11961407","TNFRSF8",0.0532829814452206
"chr19-7670004-7670812","INSR",0.0532829633224969
"chr19-18173094-18173997","ELL",0.0532815377702716
"chr3-196055488-196056407","UBXN7",0.0532784213097283
"chr17-81923365-81924155","CSNK1D",0.0532757961061821
"chr2-38128412-38129317","CYP1B1",0.0532751562502829
"chr22-25076040-25076945","KIAA1671",0.0532749156045568
"chr7-129493871-129494672","TSPAN33",0.0532739375647574
"chr19-54572416-54573211","LILRA1",0.0532712602188805
"chr11-117816563-117817335","JAML",0.0532667439334092
"chr5-32531560-32532299","SUB1",0.0532661456613154
"chr1-36486365-36487260","STK40",0.0532643573112515
"chr7-96321607-96322408","SLC25A13",0.0532620546049323
"chr20-3763342-3764221","PANK2",0.0532542272608394
"chr19-54179866-54180679","LILRA4",0.0532539173882785
"chr11-70326181-70327095","PPFIA1",0.0532523717886913
"chr9-128030725-128031632","TTC16",0.053250269336868
"chr22-43154645-43155513","PACSIN2",0.0532500483015505
"chr7-44196077-44196998","AEBP1",0.0532500029974218
"chr19-19068748-19069595","SLC25A42",0.0532499217929144
"chr1-85200822-85201656","SYDE2",0.0532491717988813
"chrX-1268409-1269251","IL3RA",0.0532475452271461
"chr1-155909594-155910352","LMNA",0.0532475346296784
"chr1-182633506-182634319","LAMC1",0.0532421872410676
"chr18-13353102-13354009","LDLRAD4",0.0532401063563579
"chr1-15142602-15143441","TMEM51",0.0532400428614168
"chr14-50363526-50364370","LINC01588",0.0532386741543768
"chr3-111541682-111542586","PLCXD2",0.0532309103812521
"chr1-43152227-43153063","TIE1",0.053230529326996
"chr2-64731633-64732425","AFTPH",0.0532303749107372
"chr12-6167512-6168367","IFFO1",0.053222423020658
"chr20-3838496-3839149","SIGLEC1",0.0532222147819712
"chr17-78324211-78325135","SOCS3",0.0532199690118343
"chr6-159716424-159717270","IGF2R",0.0532181176785002
"chr11-67283148-67284051","GRK2",0.0532157236160963
"chr12-10498981-10499859","KLRC4",0.0532107206462311
"chr10-133292902-133293727","VENTX",0.053208671696265
"chr16-28910039-28910651","RABEP2",0.0532079191949452
"chr4-38856297-38857040","KLF3-AS1",0.0532052446250933
"chr10-77625123-77626027","KCNMA1",0.0532050607193047
"chr17-28728413-28729247","MYO18A",0.0531999165552248
"chr1-157929221-157930082","FCRL5",0.0531936704523189
"chr8-58172510-58173416","UBXN2B",0.0531906439187905
"chr6-13487272-13488065","GFOD1",0.0531886226754457
"chrX-71619223-71619853","CXCR3",0.053187963092132
"chr15-52683519-52684288","FAM214A",0.0531860480966306
"chr16-29626715-29627584","SPN",0.0531827381285618
"chr4-83138749-83139639","SCD5",0.0531806561014653
"chr1-109133667-109134472","TAF13",0.0531704579486602
"chr2-174492852-174493710","GPR155",0.0531693614608959
"chr4-184813123-184814040","IRF2",0.053166561692758
"chr8-92965426-92966312","TRIQK",0.0531596996900183
"chr2-218557822-218558628","GPBAR1",0.053154636036
"chr10-70125810-70126715","PALD1",0.0531486060634798
"chr8-125528591-125529448","TRIB1",0.0531465720212269
"chr1-160637802-160638700","TSTD1",0.053146521227618
"chr1-12177674-12178508","VPS13D",0.0531458696599101
"chr2-38835718-38836615","DHX57",0.0531456989401109
"chr6-32397116-32397930","HLA-DQA2",0.0531421764650497
"chr5-150410349-150411088","SYNPO",0.053138561774935
"chr1-161299147-161299958","ADAMTS4",0.0531352944622403
"chr10-60236779-60237704","CCDC6",0.0531340255604488
"chr10-89031894-89032794","IFIT1",0.0531316022811267
"chr19-5403776-5404654","PTPRS",0.0531297806544544
"chr7-65980476-65981287","ASL",0.0531297255271009
"chr1-226436627-226437470","ACBD3",0.0531285807737352
"chr21-33059245-33060134","IL10RB",0.0531284246942065
"chr19-41351095-41351967","TGFB1",0.0531262150169523
"chr10-71782820-71783602","CDH23",0.0531211953067738
"chr19-54660956-54661474","LILRA4",0.0531025561161867
"chr3-53235949-53236832","PRKCD",0.0531016208789485
"chr2-26503134-26504030","RAB10",0.0531003075757976
"chr16-88636878-88637736","CYBA",0.0530979626481143
"chr17-39926171-39926790","GSDMB",0.0530972190430081
"chr1-24393254-24393760","RCAN3",0.0530907200518014
"chr6-43838333-43839253","VEGFA",0.0530904420800489
"chr15-98581558-98582407","IGF1R",0.0530900456317444
"chr17-2087359-2088264","SCARF1",0.0530884886865873
"chr1-1171534-1172431","LINC01342",0.0530877670789989
"chr14-64448004-64448817","ESR2",0.0530846489344755
"chr18-10122855-10123743","NAPG",0.0530843766480224
"chr19-50328823-50329759","KCNC3",0.0530837124251016
"chr9-136644429-136645276","AGPAT2",0.0530834338587653
"chr12-113302681-113303606","RASAL1",0.0530794871714773
"chr17-47698606-47699480","TBX21",0.0530734263469411
"chr19-54270996-54271757","LILRA6",0.0530715163108078
"chr2-238847549-238848367","TWIST2",0.0530709099479674
"chr10-5942324-5943164","PFKFB3",0.0530696970943643
"chr22-24427244-24428126","ADORA2A",0.053068054671766
"chr1-157645804-157646616","CD5L",0.0530588632715771
"chr2-177239675-177240579","AGPS",0.0530585720066063
"chr5-172886814-172887658","ERGIC1",0.0530554588221206
"chr18-76573383-76574185","LINC00683",0.0530529732077697
"chr10-5659564-5660451","PFKFB3",0.053052540688606
"chr6-30614601-30615490","TUBB",0.0530498857577663
"chr3-15428511-15429234","EAF1",0.0530481542791286
"chr12-7837107-7837979","SLC2A3",0.05304808708286
"chr19-3604569-3605462","TBXA2R",0.0530463492817272
"chr21-42267909-42268778","PDE9A",0.0530422869199255
"chr22-46183411-46184294","TTC38",0.0530400769732737
"chr1-203756086-203756874","LAX1",0.0530369117441424
"chr19-39953194-39954110","ZNF780B",0.053034095849166
"chr5-139163798-139164717","LRRTM2",0.0530298313514277
"chr21-42616205-42617033","PDE9A",0.0530264992825536
"chr4-47499475-47500320","ATP10D",0.053024514575548
"chr9-81619568-81620437","TLE1",0.0530227565800527
"chr2-85501119-85501967","ST3GAL5",0.0530211295546158
"chr19-49500598-49501497","PRMT1",0.0530189835108209
"chr19-54882617-54883454","KIR2DL3",0.0530135455131172
"chr3-66377730-66378660","LRIG1",0.0530095036972491
"chr14-104677502-104678426","PLD4",0.0530093705827874
"chr1-32249674-32250599","HDAC1",0.0530091493851213
"chr20-63635403-63636170","PPDPF",0.0530078589614637
"chr2-8312718-8313526","ID2",0.053007425029007
"chr15-25810351-25811149","ATP10A",0.0530064699023321
"chr2-71466315-71467204","NAGK",0.0530062085106986
"chr3-38148093-38148921","MYD88",0.053000717154947
"chr6-16726119-16726769","ATXN1",0.0529922467270793
"chrX-50579715-50580614","DGKK",0.0529897895335822
"chr1-6613107-6613976","DNAJC11",0.0529808512155741
"chr13-80340797-80341723","SPRY2",0.0529790771167838
"chr17-73657419-73658320","CDC42EP4",0.0529775349013669
"chr19-44765361-44766264","PVR",0.0529701998326233
"chr2-9555439-9556348","ADAM17",0.0529701918124306
"chr12-117878241-117878956","NOS1",0.052969275313519
"chr2-65026893-65027731","AC007880.1",0.0529683427248481
"chr17-5418526-5419207","RABEP1",0.0529583651051357
"chr1-169367497-169368357","NME7",0.0529547389482623
"chr1-226051109-226052003","SDE2",0.0529535150391154
"chr2-226970946-226971729","COL4A4",0.0529518988517209
"chr1-212488309-212489220","TATDN3",0.0529487249830161
"chr17-7836634-7837391","KDM6B",0.0529481035110957
"chr5-150478246-150478914","DCTN4",0.0529458664600492
"chr14-35331864-35332542","NFKBIA",0.0529380584641679
"chr7-2258750-2259642","AMZ1",0.052936605569678
"chr19-12883356-12884194","NFIX",0.052935570008642
"chr4-74043671-74044560","CXCL8",0.0529313897897987
"chr11-34426951-34427886","ABTB2",0.0529298996417999
"chr6-33009132-33010016","HLA-DOA",0.0529293653083722
"chr6-25992221-25993041","BTN3A1",0.0529223336886992
"chr6-110738726-110739635","AMD1",0.0529178276451446
"chr5-150419337-150420239","SYNPO",0.0529172987364322
"chr1-85027306-85028122","MCOLN2",0.0529156601982232
"chr2-201257977-201258789","ORC2",0.0529139610434936
"chr15-31443467-31444397","MTMR10",0.0529089885426825
"chr12-96433909-96434822","CDK17",0.0529073429215736
"chr19-4567417-4568310","PLIN3",0.0529051070490098
"chr9-37004221-37005140","EBLN3P",0.052902398082869
"chr4-70704426-70704944","JCHAIN",0.0529001358730739
"chr5-749022-749554","ZDHHC11B",0.05289965719911
"chr5-62285006-62285764","KIF2A",0.0528962973738672
"chr13-40966084-40966945","ELF1",0.0528914261751235
"chr1-107964872-107965500","VAV3",0.0528872802414919
"chr12-31636286-31637200","AMN1",0.0528866153849132
"chr20-63686404-63687308","TPD52L2",0.0528844218176401
"chr3-43708895-43709715","ANO10",0.0528838606993875
"chr11-118338370-118339256","TMEM25",0.0528834284402398
"chr19-51819710-51820584","SIGLEC14",0.0528829631233747
"chr17-79993384-79994287","GAA",0.0528788072282082
"chr19-45311388-45312298","RELB",0.0528771127846015
"chr1-23554512-23555403","TCEA3",0.0528752704333426
"chr6-21846766-21847704","CASC15",0.0528737950016607
"chr20-13119257-13120115","ISM1",0.0528716644009659
"chr14-52153667-52154514","PTGDR",0.0528671235633836
"chr17-81308904-81309786","BAHCC1",0.0528600474925558
"chr6-149494665-149495522","TAB2",0.0528575338782771
"chr19-18416603-18417369","ELL",0.0528542501331011
"chr9-121267754-121268556","GSN",0.0528535777986454
"chr3-138348067-138348905","PIK3CB",0.052852466284646
"chr2-26493315-26494194","HADHB",0.0528503581558705
"chr3-122794708-122795515","PARP14",0.0528502650206091
"chr10-14584500-14585315","FAM107B",0.0528490870765858
"chr10-73772192-73773082","PPP3CB",0.0528440377161173
"chr19-45075052-45075940","NECTIN2",0.052843514466904
"chr5-80126879-80127699","FAM151B",0.0528357136447968
"chr5-43064521-43065400","TMEM267",0.0528323611565632
"chr17-44095650-44096498","FZD2",0.0528320707225469
"chr11-65577104-65578011","FOSL1",0.052831701661196
"chr4-38160499-38161294","RELL1",0.0528299474001545
"chr16-700381-701272","FBXL16",0.0528293364326995
"chr1-152029026-152029845","S100A10",0.0528285265426788
"chr12-110224138-110224976","ATP2A2",0.0528277278753414
"chr12-57078455-57079352","PTGES3",0.0528277087751172
"chr9-105064348-105065288","NIPSNAP3A",0.0528262119023202
"chr1-193457447-193458208","B3GALT2",0.052825003604797
"chr20-34369051-34369946","ITCH",0.0528241712381277
"chr3-12303635-12304475","PPARG",0.0528231204467813
"chr7-24819940-24820695","OSBPL3",0.0528230474954952
"chr12-132985913-132986801","ZNF84",0.0528214941861061
"chr17-8068789-8069708","SAT2",0.0528200366451092
"chr10-119130345-119131081","EIF3A",0.0528175172474298
"chr3-114290819-114291741","CCDC191",0.0528171425638854
"chr12-25958268-25959120","SSPN",0.0528160999157268
"chr16-72172031-72172945","AP1G1",0.0528155162702311
"chr12-106747585-106748505","TCP11L2",0.0528148275196907
"chr6-157539210-157540014","SNX9",0.0528113690126275
"chr3-48663661-48664526","PFKFB4",0.0528108540794277
"chr9-128902076-128902967","KYAT1",0.0528077660637637
"chr5-149636545-149637421","ABLIM3",0.0528065447765708
"chr3-58349749-58350402","PXK",0.052806324446107
"chr22-24554902-24555724","SPECC1L",0.0528030745786031
"chr6-90284200-90285024","MDN1",0.0528010163669554
"chr2-44168191-44168999","PREPL",0.0527986602204417
"chr9-137086403-137087331","DPP7",0.0527983667152225
"chr3-48268140-48269010","DHX30",0.0527962177686894
"chr1-154715730-154716567","ZBTB7B",0.0527943882217024
"chr10-120851018-120851932","WDR11",0.0527935577280795
"chr20-50497841-50498720","LINC01271",0.052792603537821
"chr6-47165636-47166548","TNFRSF21",0.0527919426123753
"chr8-78804226-78804986","IL7",0.0527871837378124
"chr1-152000747-152001391","S100A10",0.0527863393339717
"chr19-35909090-35909965","NFKBID",0.0527840200495694
"chr9-112860947-112861681","SNX30",0.0527815784180944
"chr2-74421280-74422122","WDR54",0.0527760154357929
"chr10-74077907-74078753","FUT11",0.0527753152211539
"chr19-4976080-4976960","TICAM1",0.0527736211805291
"chr19-51651104-51652031","SIGLEC10",0.0527518044419736
"chr3-48741866-48742771","PRKAR2A",0.0527486936429533
"chr16-74666505-74667404","WDR59",0.0527459248898888
"chr6-158910368-158911189","EZR",0.052742311417957
"chr17-2122923-2123381","MNT",0.0527417088020978
"chr2-64787470-64788361","SERTAD2",0.0527392553813654
"chr15-69721198-69722097","DRAIC",0.0527359068722796
"chr5-693000-693897","TPPP",0.0527352780723942
"chr8-80485194-80485952","ZBTB10",0.0527350002922941
"chr10-6192115-6193026","GDI2",0.0527343599514027
"chr13-48412800-48413652","LPAR6",0.0527329179701814
"chr19-34171967-34172880","UBA2",0.052730729428512
"chr4-38785801-38786646","KLF3",0.0527306404757608
"chr19-44622852-44623734","NECTIN2",0.0527300651734732
"chr6-32127892-32128780","GPSM3",0.0527279991461499
"chr19-53879042-53879945","MYADM",0.0527279458107947
"chr19-48511498-48512403","LIG1",0.0527255461653762
"chr2-32288979-32289859","SPAST",0.0527248679505019
"chr7-128879811-128880683","OPN1SW",0.0527230540357207
"chr2-218229026-218229891","ARPC2",0.0527219219434048
"chr13-99228643-99229451","GPR18",0.052721377303211
"chr12-8069304-8069992","C3AR1",0.05272079296235
"chr21-45642935-45643855","PCBP3",0.0527179653333121
"chr5-55101253-55102004","GZMK",0.0527153003025916
"chr17-31414891-31415747","RNF135",0.0527135895686602
"chr12-71839298-71840173","TBC1D15",0.0527113948571461
"chr5-80125649-80126365","FAM151B",0.0527093093794726
"chr22-24197846-24198750","DERL3",0.0527087369650459
"chr1-207414434-207415369","CR2",0.0527086639964813
"chr20-13684454-13685394","TASP1",0.0527082435043899
"chr6-35467980-35468794","ZNF76",0.052707585591161
"chr7-98250746-98251520","TECPR1",0.0527073676183978
"chr15-64367555-64368453","SNX22",0.0527067816925628
"chr17-1098066-1098944","CRK",0.0527051679224896
"chr9-95981516-95982376","ERCC6L2",0.052700654382276
"chr9-105053015-105053822","SLC44A1",0.0527005929716969
"chr1-23019020-23019895","TCEA3",0.0527003342469399
"chr20-60136808-60137519","MIR646HG",0.0526969076201965
"chr8-125220172-125220831","TRIB1",0.0526946162751714
"chr19-18501557-18502266","LRRC25",0.0526902117288402
"chr11-122838090-122838961","UBASH3B",0.0526885455860646
"chr6-2897967-2898868","SERPINB9P1",0.0526882746518298
"chr1-17580671-17581159","ARHGEF10L",0.0526835056486781
"chr16-83939137-83940050","OSGIN1",0.0526829603926004
"chr19-12647341-12648181","MAN2B1",0.0526826171667228
"chr6-85449817-85450572","NT5E",0.052677611653793
"chr6-149482932-149483825","GINM1",0.0526766358063697
"chr16-88992794-88993663","CBFA2T3",0.0526740612470532
"chr6-33093729-33094485","HLA-DOA",0.0526736238230465
"chr3-112120060-112120886","CD200",0.0526731002030557
"chr8-19758565-19759224","CSGALNACT1",0.0526699518395468
"chr13-24253986-24254913","PARP4",0.0526694371167314
"chr22-50089516-50090383","TYMP",0.0526666504090678
"chr9-129773397-129774290","LINC01503",0.0526626826972528
"chr17-29744384-29745172","CORO6",0.052657267158088
"chr7-2510796-2511614","AMZ1",0.0526568457253843
"chr7-63599-64439","FAM20C",0.0526567156561284
"chr10-87740005-87740835","PTEN",0.0526553532886681
"chr20-63686404-63687308","ZBTB46",0.052653815720837
"chr12-66210633-66211436","HMGA2",0.0526530626413015
"chr19-20424534-20425345","ZNF626",0.052652281961514
"chr16-30903503-30904284","PYCARD",0.0526476285960977
"chr20-44978978-44979859","PKIG",0.0526463836309646
"chr14-35341357-35342260","NFKBIA",0.0526443048445324
"chr9-69820305-69821175","C9orf135",0.052643085955843
"chr17-74478457-74479337","CD300LB",0.0526406611904701
"chr12-128763181-128764076","SLC15A4",0.0526403496581626
"chr6-28848479-28849368","ZNF311",0.0526360321970794
"chr19-44622852-44623734","IGSF23",0.0526351239529638
"chr22-45227616-45228104","KIAA0930",0.0526341852957067
"chr12-110256457-110257364","PPTC7",0.0526331945297817
"chr16-57609401-57610312","KIFC3",0.0526326202892227
"chr1-48246581-48247415","SPATA6",0.0526323988202074
"chr16-4515509-4516390","UBN1",0.0526310480792957
"chr1-85464420-85465254","DDAH1",0.0526310197007264
"chr1-152036501-152037299","S100A10",0.052630547260774
"chr16-21611107-21611685","METTL9",0.0526298320082755
"chr17-1362701-1363475","PITPNA",0.0526288793215632
"chr14-95327648-95328465","TCL6",0.0526246951589687
"chr1-15421270-15422154","EFHD2",0.0526215388240999
"chr12-117190018-117190868","FBXO21",0.0526155172404869
"chrX-21590094-21590956","CNKSR2",0.0526148866251126
"chr9-137027860-137028762","ABCA2",0.0526147656505426
"chr5-126754280-126755168","LMNB1",0.0526139573771805
"chr1-113389877-113390781","MAGI3",0.0526137898774033
"chr3-128123494-128124403","EEFSEC",0.0526130494738732
"chr1-76501313-76502237","ST6GALNAC5",0.0526098982922533
"chr17-74193117-74194014","CD300A",0.0526063499522892
"chr5-177429023-177429929","RAB24",0.0526006735099075
"chr2-230582710-230583566","ITM2C",0.0526001677540642
"chr19-37506250-37507093","ZNF420",0.052599257318663
"chr1-39191938-39192846","MACF1",0.0525965557854285
"chr2-38602731-38603701","HNRNPLL",0.0525937862493341
"chr10-15118539-15119386","ACBD7",0.0525918145188174
"chr8-42245586-42246397","AP3M2",0.0525893187523073
"chr20-38304825-38305512","BPI",0.0525879867640968
"chr20-35615946-35616777","CEP250",0.0525873131210941
"chr6-34468118-34469015","PACSIN1",0.0525811946680479
"chr22-16601060-16601816","IL17RA",0.0525804287870015
"chr2-8658911-8659767","ID2",0.0525804182806455
"chr10-72320726-72321430","PSAP",0.0525749635523446
"chr12-92109610-92110407","LINC01619",0.0525664803330311
"chr18-9707749-9708656","PPP4R1",0.0525630886871939
"chr3-52498453-52499276","PBRM1",0.0525618263415695
"chr4-75655366-75656186","G3BP2",0.0525605673240739
"chr18-7964834-7965616","PTPRM",0.0525602427943739
"chr1-204072913-204073764","REN",0.0525577602503562
"chr7-150453158-150453779","GIMAP5",0.0525571647054892
"chr11-65431116-65431988","CFL1",0.0525503251927312
"chr16-89719009-89719853","VPS9D1",0.0525485869723318
"chr9-124657891-124658742","ARPC5L",0.0525479401235599
"chr7-44995565-44996407","CCM2",0.05254441329506
"chr2-28447928-28448835","AC104695.4",0.0525432750877459
"chr9-72022608-72023334","ZFAND5",0.05254246452562
"chr19-39435586-39436483","FBL",0.0525404120938228
"chr12-49018350-49019255","KANSL2",0.0525395667427325
"chr13-110561367-110562267","RAB20",0.0525382764290643
"chr11-110069032-110069900","ZC3H12C",0.0525374167424543
"chr6-132400925-132401780","MOXD1",0.0525369125235779
"chr19-44765361-44766264","IGSF23",0.0525367677180484
"chr4-139144219-139145050","SETD7",0.0525366528210208
"chr19-44869741-44870585","RELB",0.0525343976294615
"chr7-12572907-12573765","SCIN",0.0525310386628983
"chr11-59101995-59102873","FAM111B",0.0525280461525334
"chr17-74520695-74521115","CD300C",0.052526753496904
"chr8-133302897-133303795","NDRG1",0.0525235230216458
"chr14-75370148-75370981","LINC01220",0.0525194887737346
"chr11-64007523-64008128","PLCB3",0.0525171491832787
"chr12-22538791-22539693","C2CD5",0.052510622299866
"chr1-234723969-234724819","TOMM20",0.0525105918813526
"chr6-21648256-21649135","SOX4",0.0525075802331905
"chr6-166950100-166950610","RNASET2",0.0525055830189069
"chr15-44711066-44711917","CASC4",0.0525017734312737
"chr1-7929414-7930173","PARK7",0.0524995962288863
"chr6-90266730-90267606","MDN1",0.0524945408184185
"chr4-109648329-109649236","PLA2G12A",0.0524943014342766
"chr6-137707648-137708557","PERP",0.0524921336959873
"chr5-95646403-95647267","TTC37",0.0524897989775131
"chr8-141164409-141165318","PTK2",0.0524878467073451
"chr5-139727376-139728287","SLC23A1",0.0524868744667976
"chr1-235945975-235946858","NID1",0.0524868624266151
"chr6-7978519-7979364","TXNDC5",0.052483978098933
"chr9-95879808-95880722","LINC00476",0.05248248905351
"chr5-180367158-180367956","GFPT2",0.0524817921367489
"chr6-5085861-5086732","PPP1R3G",0.0524788895278311
"chr5-96896289-96897174","LIX1",0.0524759852279745
"chr17-75228195-75228969","MYO15B",0.052472040485912
"chr17-68455622-68456336","WIPI1",0.0524720375153623
"chr8-29458835-29459700","DUSP4",0.0524686233697918
"chr17-8246714-8247452","CTC1",0.0524673156747053
"chr9-110603972-110604892","MUSK",0.0524620148646921
"chr11-64497893-64498780","BATF2",0.0524616273125336
"chr19-2034695-2035619","MOB3A",0.0524602443284236
"chr4-4348310-4349195","TMEM128",0.0524527093056749
"chr5-58850018-58850898","GAPT",0.0524520562358598
"chr4-37757882-37758751","RELL1",0.0524454971066505
"chr18-35042438-35043250","MAPRE2",0.052445187129185
"chr22-21936164-21936947","MAPK1",0.052441508177749
"chr16-85498337-85499261","C16orf74",0.0524407408807111
"chr10-99927452-99928318","DNMBP",0.0524400042920612
"chr17-1460985-1461884","PITPNA",0.0524360081516976
"chr19-10653640-10654534","ILF3",0.0524349054692814
"chr4-39527196-39528108","UBE2K",0.0524310702204364
"chr1-116496155-116496918","PTGFRN",0.0524295700200164
"chr7-150787420-150788313","AGAP3",0.0524294343563042
"chr4-173002611-173003494","GALNT7",0.0524260297695717
"chr2-216352632-216353529","MREG",0.0524248499859687
"chr4-102819307-102820181","SLC39A8",0.0524228621988407
"chr14-23926358-23927239","EMC9",0.0524194061340717
"chr8-78806428-78807330","IL7",0.052413973003605
"chr3-12719800-12720664","RAF1",0.0524134475063316
"chr5-151213876-151214782","TNIP1",0.0524123474922366
"chr5-54670919-54671826","ARL15",0.0524120711459528
"chr7-44980393-44981249","OGDH",0.052411319289938
"chr1-32394087-32395005","KPNA6",0.0524066667767902
"chr12-121590759-121591226","ORAI1",0.0524051580835771
"chr6-37189514-37190409","RAB44",0.052398879159087
"chr21-45109528-45110346","ADARB1",0.052398256966677
"chr2-60553449-60554276","REL",0.0523980059838921
"chr6-111405949-111406833","REV3L",0.0523979299743997
"chr10-11178391-11179284","CELF2",0.0523955334403501
"chr6-16759697-16760600","ATXN1",0.0523954753207837
"chr7-102064426-102065332","SH2B2",0.052392828698638
"chrX-11341465-11342254","ARHGAP6",0.0523928192803867
"chr1-157944426-157945341","CD1E",0.0523911377167587
"chr6-46714945-46715812","TDRD6",0.0523902379039252
"chr1-155763727-155764507","LMNA",0.0523894115001129
"chr12-122464406-122465197","CLIP1",0.0523893887443243
"chr16-28279030-28279753","SBK1",0.0523865852365201
"chr20-23245394-23246294","THBD",0.052384677021881
"chr11-59207746-59208654","GLYATL1",0.0523840377217721
"chr1-15429437-15430214","EFHD2",0.0523839501142125
"chr15-68204879-68205487","PIAS1",0.052383661785712
"chr13-99384059-99384861","UBAC2",0.052383112882316
"chr1-17431390-17432235","PADI4",0.0523791507424827
"chr16-17259009-17259838","XYLT1",0.0523741998249081
"chr10-112389109-112390023","ACSL5",0.0523712524484863
"chr3-66297400-66298224","LRIG1",0.0523708473139999
"chr15-74384826-74385714","SEMA7A",0.0523680231072709
"chr11-2268942-2269754","ASCL2",0.0523666009214957
"chr16-28111823-28112398","SGF29",0.0523658796931918
"chr12-31890370-31891255","BICD1",0.0523656742634548
"chr20-26285191-26286064","MIR663AHG",0.0523608713453185
"chr12-92466401-92467320","C12orf74",0.0523589776565914
"chr9-129773397-129774290","GPR107",0.0523587589074327
"chr9-93504621-93505426","NINJ1",0.0523543692640223
"chr19-10515691-10516525","DNMT1",0.0523526104867799
"chr5-170389067-170389866","KCNMB1",0.0523486709955587
"chr1-94926761-94927644","CNN3",0.0523477195379765
"chr19-41409422-41410329","CEACAM4",0.0523474776318841
"chr22-41478376-41479200","SHISA8",0.0523469552469626
"chr3-102057600-102058468","RPL24",0.0523468828743881
"chr6-158564591-158565469","SYTL3",0.0523436614088663
"chr11-100741092-100741813","ARHGAP42",0.0523419495476007
"chr16-81433236-81434057","PLCG2",0.0523371003130683
"chr7-2637235-2638132","LFNG",0.0523362872091721
"chr2-38376903-38377708","HNRNPLL",0.0523358317811946
"chr20-20856136-20856957","LINC00237",0.0523295083159351
"chr11-65316463-65317062","EHBP1L1",0.0523288712082446
"chr6-36247950-36248835","CDKN1A",0.0523268137284011
"chr19-54265816-54266736","LILRA4",0.0523265828495245
"chr6-16621790-16622677","ATXN1",0.0523207415332632
"chr2-168432543-168433441","CERS6",0.0523194619150006
"chr16-50747229-50748073","CYLD",0.0523186905594533
"chr17-17179158-17179924","MPRIP",0.0523119625525183
"chr12-124581842-124582696","NCOR2",0.0523118891571804
"chr14-75234259-75235057","LINC01220",0.0523081871802589
"chr5-173750295-173751085","LINC01484",0.0523073439125057
"chr9-128055348-128056151","SH2D3C",0.0523070531925892
"chr17-7173955-7174857","CD68",0.0523059826397746
"chr12-10285705-10286575","KLRC2",0.052304478430687
"chr10-89883151-89884075","SLC16A12",0.0523039043662418
"chr19-53982234-53983073","MYADM",0.0522988864457934
"chr19-41463354-41464245","LINC01480",0.0522883486523694
"chr11-134359949-134360828","B3GAT1",0.052287735192197
"chr14-102509468-102510310","TRAF3",0.0522822456826376
"chr17-7120536-7121107","ASGR1",0.0522816044736984
"chr19-19614884-19615711","PBX4",0.0522812664412142
"chr11-65290458-65291341","MAP3K11",0.052281040295752
"chr10-6275001-6275916","IL15RA",0.0522797426897553
"chr13-99218716-99219624","GPR183",0.052279720037805
"chr5-55989577-55990462","ANKRD55",0.0522771530400165
"chr2-112794024-112794634","SLC20A1",0.0522729851680605
"chr20-50002936-50003794","B4GALT5",0.0522697946345806
"chr7-100137782-100138622","CYP3A4",0.0522679697472182
"chr11-64027611-64028374","RTN3",0.0522665651188332
"chr5-66279647-66280534","ERBIN",0.0522655394289483
"chr12-10247355-10248180","KLRD1",0.0522613293428098
"chr17-43398546-43399439","MEOX1",0.0522573215124412
"chr17-42750695-42751577","LINC00671",0.0522538274093755
"chr19-35907869-35908552","FFAR2",0.0522471557889317
"chr12-121017967-121018815","OASL",0.0522456372245891
"chr19-51501414-51502322","SIGLEC5",0.0522432833073318
"chr15-63502869-63503619","APH1B",0.0522387506024813
"chr17-68380840-68381745","WIPI1",0.0522383884427521
"chr11-116999821-117000649","TAGLN",0.052237328964375
"chr11-94141007-94141698","FUT4",0.0522372784552215
"chr11-63871767-63872658","CCDC88B",0.0522352048978228
"chr19-5292878-5293784","UHRF1",0.05223504159646
"chr2-37820369-37821238","CYP1B1",0.0522332656428492
"chr16-89115026-89115947","ANKRD11",0.0522312261169027
"chrX-16913830-16914724","REPS2",0.052230864615227
"chr3-169771631-169772398","PHC3",0.052230588417805
"chr22-33271132-33272037","TIMP3",0.0522287141908471
"chr11-118398565-118399450","MPZL3",0.0522226524324763
"chr11-101009056-101009936","ARHGAP42",0.0522224162611708
"chr20-62550508-62551271","LAMA5",0.0522223324490394
"chr1-28159324-28160124","IFI6",0.0522222574122503
"chr15-101150035-101150891","CHSY1",0.0522218981729894
"chr6-32685379-32686278","HLA-DOA",0.0522182717709465
"chr12-68962967-68963893","CPM",0.0522181040612352
"chr4-108466989-108467900","RPL34-AS1",0.0522180168168994
"chr22-26610102-26610949","MIAT",0.0522173993834889
"chr14-70892911-70893698","PCNX1",0.0522171636655527
"chr9-129776905-129777828","LINC00963",0.0522147242540764
"chr9-105142501-105143296","ABCA1",0.0522123731254624
"chr1-161216800-161217658","CD244",0.0522066872534513
"chr19-54222506-54223423","LILRA1",0.0522029622021736
"chr2-65017028-65017712","SPRED2",0.0522022034995717
"chr11-72478324-72479222","FOLR2",0.052202169252593
"chr20-32062508-32063353","PLAGL2",0.052200630378161
"chr18-59904479-59905379","PMAIP1",0.0521933173032685
"chr9-121503364-121504061","GSN",0.0521930951070419
"chr7-5687967-5688569","SLC29A4",0.0521912065051515
"chr10-72088255-72089092","DDIT4",0.0521902442745134
"chr4-70942821-70943699","JCHAIN",0.052189745433036
"chr8-127733705-127734545","PVT1",0.0521894558743185
"chr18-21600347-21601216","SNRPD1",0.0521855132143413
"chr11-126336003-126336784","ST3GAL4",0.0521846514667489
"chr17-74567164-74568012","CD300A",0.0521804322655188
"chr19-54608647-54609488","MBOAT7",0.0521753222182509
"chr12-132866702-132867578","ZNF10",0.0521690680100573
"chr19-16896816-16897684","SIN3B",0.0521661790657038
"chr8-13132939-13133827","LONRF1",0.0521659719715834
"chr4-113815610-113816524","CAMK2D",0.0521621796443618
"chr1-153773192-153774033","S100A8",0.052160990460161
"chr11-72069646-72070522","INPPL1",0.0521605296041402
"chr11-721579-722462","SCT",0.0521601168685631
"chr19-48907382-48908258","FTL",0.052157023049289
"chr21-44880649-44881505","PTTG1IP",0.0521555747276428
"chr3-18717398-18718284","KCNH8",0.0521548208056964
"chr1-147540836-147541753","GPR89B",0.052152515310189
"chr15-92899860-92900787","CHD2",0.0521520813797623
"chr4-37865726-37866581","RELL1",0.0521469696221626
"chr14-54942665-54943544","DLGAP5",0.0521437339274409
"chr8-60704441-60705249","AC022182.1",0.0521405062361575
"chr6-33425399-33426324","HSD17B8",0.0521385622311132
"chr9-136521262-136522092","CARD9",0.0521375483440249
"chr15-39396799-39397681","THBS1",0.0521370577734474
"chr12-14239940-14240375","ATF7IP",0.0521308546774819
"chr6-7910405-7911246","TXNDC5",0.0521308439727441
"chr1-11790596-11791506","CLCN6",0.0521265289251018
"chr19-44747084-44747908","RELB",0.0521261708042753
"chr10-99994008-99994858","DNMBP",0.0521245603838985
"chr5-150478246-150478914","NDST1",0.0521237536135345
"chr4-70650194-70651080","JCHAIN",0.0521235614306489
"chr17-1577035-1577871","CRK",0.052123362987111
"chr5-75660535-75661179","POLK",0.0521227318049388
"chr16-57628175-57629023","ADGRG3",0.0521201604016561
"chr19-44401147-44402019","ZNF45",0.0521194473161456
"chr9-136949654-136950561","TRAF2",0.052117938687861
"chr3-30664689-30665493","TGFBR2",0.052117790759496
"chr7-150569380-150570136","TMEM176A",0.0521099779211548
"chr10-5564081-5564902","IL2RA",0.0521034370750604
"chr17-8138569-8139432","VAMP2",0.0521011753897907
"chr10-68331450-68332333","TET1",0.0520993014991597
"chr19-58218752-58219609","C19orf18",0.0520977321530325
"chr7-31647207-31648085","PPP1R17",0.0520975896196146
"chrX-39484234-39484977","LINC01281",0.0520960052420372
"chr2-9261160-9261772","ASAP2",0.0520956973069156
"chr7-74092673-74093433","LAT2",0.0520937177971916
"chr2-135530821-135531568","DARS",0.0520888447628258
"chr1-161214803-161215599","USF1",0.0520877367830247
"chr7-151114939-151115794","WDR86-AS1",0.0520865557508941
"chr16-53288-54189","LUC7L",0.0520859092218728
"chr11-6200885-6201591","TRIM5",0.0520835369847165
"chr19-38213842-38214755","ACTN4",0.0520788511437444
"chr3-58353910-58354736","PXK",0.0520755204063656
"chr3-196518906-196519713","PIGZ",0.0520752473163831
"chr15-101115895-101116779","LRRK1",0.0520737473538854
"chr19-51417205-51418041","SIGLEC9",0.0520718524863174
"chr2-207311176-207312080","CREB1",0.0520714197777534
"chr17-49218936-49219668","ABI3",0.0520668813392379
"chr19-58097873-58098760","ZNF586",0.0520650207074896
"chr13-113176037-113176918","CUL4A",0.0520609249773181
"chr5-176994351-176995258","UIMC1",0.0520594015418993
"chr1-145690348-145691197","RNF115",0.0520592616317643
"chr17-7466426-7467317","GABARAP",0.0520591136801101
"chr7-2757867-2758740","AMZ1",0.0520461124663639
"chr20-26278903-26279692","MIR663AHG",0.0520459522647584
"chr6-169724109-169724822","WDR27",0.0520453617973577
"chr12-6782628-6783532","CD4",0.0520447091421657
"chr2-241771885-241772753","LINC01237",0.0520419862424367
"chr4-4289755-4290644","TMEM128",0.0520382519062292
"chr6-3139091-3140014","SERPINB1",0.05203710081834
"chr1-226739057-226739935","PARP1",0.0520324072375604
"chr4-98995107-98995988","EIF4E",0.0520291801202329
"chr8-22023854-22024630","SLC39A14",0.0520291432163274
"chr2-203936305-203937189","CTLA4",0.0520276155352418
"chrX-72105165-72106062","CXCR3",0.0520229076957836
"chr8-100451714-100452597","RNF19A",0.0520228734314559
"chr17-64968684-64969544","RGS9",0.0520225844801031
"chr19-4296324-4297232","SHD",0.0520190271223424
"chr8-38465985-38466896","FGFR1",0.0520188527299294
"chr14-75313188-75313972","LINC01220",0.0520184072324711
"chr3-50447095-50447964","MAPKAPK3",0.0520144079343544
"chr19-10209024-10209889","PDE4A",0.0520140337789505
"chr9-133004164-133005042","SLC2A6",0.0520138897755178
"chr1-161643530-161644335","HSPA6",0.052008191594284
"chr12-67990889-67991772","IL26",0.0520058280194487
"chr22-41939818-41940699","SNU13",0.052001550092073
"chr4-57112244-57113102","IGFBP7",0.0520004747291143
"chr15-64162741-64163663","SNX22",0.0519977248879685
"chr15-41283476-41284379","RTF1",0.0519958399797484
"chr8-20375207-20375801","ATP6V1B2",0.0519953526711316
"chr20-63234572-63235259","BIRC7",0.0519950315055088
"chr2-73984815-73985561","DGUOK",0.0519940893127209
"chr5-177429023-177429929","NSD1",0.0519877579510744
"chr3-14431805-14432680","XPC",0.0519870232808436
"chr19-12064345-12065187","ZNF844",0.0519865311805906
"chr12-111186053-111186909","CUX2",0.0519853514998886
"chr5-159120170-159121084","RNF145",0.0519828466368681
"chr6-132512523-132513417","LINC01013",0.0519826620324751
"chr19-54196543-54196985","LILRA6",0.0519815391295371
"chr7-99380714-99381499","PDAP1",0.0519814994810492
"chr7-3068406-3069278","AC024028.1",0.0519790951014498
"chr3-535642-536546","CHL1",0.0519768301369674
"chr12-10358749-10359496","KLRD1",0.0519739032981199
"chr1-148372501-148373252","LINC01138",0.0519737215811889
"chr18-21704364-21705220","MIB1",0.0519728473311726
"chr22-21867315-21868217","YPEL1",0.0519706844585878
"chr12-117968745-117969665","KSR2",0.0519701276130437
"chr19-41463354-41464245","PCAT19",0.0519660733345108
"chr1-204522247-204522862","PIK3C2B",0.0519639859004375
"chr14-50363526-50364370","SAV1",0.0519625709870832
"chr12-32301946-32302762","BICD1",0.0519618972604351
"chr19-47376249-47377131","NAPA",0.0519613661745534
"chr19-2546268-2547116","MOB3A",0.0519586168016582
"chr14-105931733-105932605","TMEM121",0.0519579204176586
"chr4-6180693-6181589","JAKMIP1",0.0519578308972805
"chr2-20185569-20186097","RHOB",0.0519547652789996
"chr6-88922920-88923803","RRAGD",0.0519547001885732
"chr1-109615598-109616502","AMPD2",0.051954442833493
"chr16-50709047-50709754","ADCY7",0.0519540402496434
"chr12-10195966-10196872","KLRC1",0.0519522661520041
"chr20-660219-661120","FAM110A",0.0519453077453394
"chr5-151093628-151094580","SLC36A1",0.0519446069213478
"chr11-108236338-108237227","C11orf65",0.0519438861646433
"chr3-138136766-138137633","MRAS",0.0519431837398372
"chr11-9249890-9250786","TMEM41B",0.0519419828602394
"chr5-177510407-177511307","NSD1",0.0519351344824356
"chr9-127903256-127904135","ST6GALNAC6",0.051933651567149
"chr9-95494233-95495102","ERCC6L2",0.0519328306399636
"chr16-27299580-27300476","IL4R",0.0519321101625779
"chr22-20100329-20101222","KLHL22",0.05192701986895
"chr15-94269902-94270646","MCTP2",0.0519252284323449
"chr19-4867346-4868249","KDM4B",0.0519250308124606
"chr17-74682047-74682840","TTYH2",0.0519196024529408
"chr17-48915532-48916442","ABI3",0.0519195207835976
"chr10-72248398-72249178","ASCC1",0.0519172616189667
"chr7-94052195-94053075","BET1",0.051915941804938
"chr8-141226780-141227663","SLC45A4",0.0519146046730413
"chr12-121450365-121451202","P2RX4",0.0519115162193292
"chr3-38147164-38147882","OXSR1",0.051909360078013
"chr6-158649466-158650341","SYTL3",0.0519092274021025
"chr17-42683425-42684259","CCR10",0.0519069059073357
"chr17-78592137-78593016","AFMID",0.0519042323831213
"chr2-88857813-88858641","EIF2AK3",0.0519026129795624
"chr20-43666562-43667472","MYBL2",0.0519016443021478
"chr16-589480-590234","NPRL3",0.0519015060644676
"chr3-50299052-50299927","RBM6",0.0518998150671717
"chr17-81422788-81423672","BAHCC1",0.0518953595609864
"chr11-108467050-108467942","ACAT1",0.0518947133826433
"chr19-1133309-1134170","RNF126",0.0518933723071324
"chr10-98259603-98260476","R3HCC1L",0.0518932917551618
"chr14-103122934-103123798","CDC42BPB",0.0518918612439476
"chr8-124261473-124262353","TMEM65",0.0518864553447807
"chr19-16075970-16076848","TPM4",0.0518842987294141
"chr6-46772516-46773398","PLA2G7",0.0518829242954541
"chr19-4542922-4543756","TICAM1",0.0518825415719622
"chr19-54502393-54503304","NLRP7",0.0518817388074171
"chr10-89116013-89116871","IFIT3",0.0518813156854243
"chr16-3509279-3510191","TRAP1",0.0518797689712941
"chr19-699122-699823","CFD",0.0518778691245163
"chr2-201257977-201258789","STRADB",0.0518753714626487
"chr12-113445490-113446391","SDSL",0.0518752028695781
"chr5-80503422-80504257","ZFYVE16",0.051873959815638
"chr9-97574583-97575477","TMOD1",0.0518734008770281
"chr11-67262474-67263338","KDM2A",0.0518733912343179
"chr19-38849916-38850783","ECH1",0.0518650452988424
"chr12-18684467-18685172","RERGL",0.0518643063367984
"chr3-52490596-52491514","STAB1",0.0518583905920146
"chr15-72319778-72320626","ARIH1",0.0518518907299449
"chr2-138501350-138502236","SPOPL",0.0518458272555869
"chr20-58890780-58891555","NELFCD",0.0518456689434272
"chr22-31345646-31346520","PATZ1",0.0518443655675033
"chr14-91244671-91245452","GPR68",0.0518416706263394
"chr10-102785551-102786438","NFKB2",0.0518406367639987
"chr17-81577046-81577958","MAFG",0.0518402238810325
"chr21-33198274-33199068","SYNJ1",0.0518399169646313
"chr4-73870278-73871060","CXCL8",0.051838256639096
"chr14-91349266-91350081","CATSPERB",0.0518361968555094
"chr10-100510684-100511595","SEC31B",0.05183527545164
"chr1-119645594-119646470","ZNF697",0.0518348811213738
"chr2-8518795-8519708","U91324.1",0.051831018515826
"chr22-37274266-37275155","CYTH4",0.0518289370965169
"chr13-30744025-30744933","KATNAL1",0.0518270615769437
"chr2-74421280-74422122","SLC4A5",0.0518239442933301
"chr11-63871767-63872658","ESRRA",0.0518200638084914
"chr11-96567010-96567856","MAML2",0.0518192787675974
"chr10-35487528-35488265","CCNY",0.0518171461923938
"chr11-73269738-73270625","ARAP1",0.0518168554786389
"chr8-38938183-38939086","FGFR1",0.0518138563458646
"chr8-60702975-60703848","CLVS1",0.0518128256300671
"chr3-39260701-39261572","CX3CR1",0.0518099153258939
"chr4-147799729-147800611","ARHGAP10",0.0518093401616328
"chr1-85334666-85335558","MCOLN2",0.0518092190245773
"chr1-11952465-11953234","PLOD1",0.0518082476866257
"chrX-23900841-23901510","ACOT9",0.0518076489553981
"chr21-38506517-38507294","ETS2",0.0518066812446621
"chr3-46089204-46090012","CCR2",0.0518027615425117
"chr1-46247080-46247983","EFCAB14",0.0518003919107074
"chr4-56183438-56184247","KIAA1211",0.0518003136601892
"chr3-196093046-196093955","TFRC",0.051798022360654
"chr1-17515859-17516785","PADI6",0.0517920379210502
"chr3-185733738-185734634","ETV5",0.0517902551234996
"chr18-70658786-70659664","GTSCR1",0.0517895218621217
"chr16-56951143-56952027","SLC12A3",0.0517889279229054
"chr6-31497578-31498488","EHMT2",0.0517872467190862
"chr4-83111964-83112777","PLAC8",0.0517861911887945
"chr11-65134430-65135275","VPS51",0.0517861574642276
"chr5-74434371-74435211","HEXB",0.0517858999028091
"chr19-18380050-18380886","ELL",0.0517846239319326
"chr8-60792550-60793451","AC022182.1",0.0517841375922999
"chr15-64691845-64692676","PLEKHO2",0.0517782792141979
"chr2-229313351-229314236","DNER",0.0517781486393284
"chr17-42188442-42189312","JUP",0.0517780566946668
"chr17-64496673-64497563","DDX5",0.0517752857400775
"chr7-155293826-155294716","INSIG1",0.0517708032880709
"chr1-205823003-205823865","SLC26A9",0.0517693166803781
"chr10-104349545-104350247","ITPRIP",0.0517667798115805
"chr7-100813743-100814631","SLC12A9",0.0517663941771528
"chr18-59070149-59070999","ZNF532",0.0517662661839499
"chr14-63932818-63933617","ESR2",0.0517652950522052
"chr7-130366919-130367772","CEP41",0.0517631536839342
"chr1-156907137-156908037","MEF2D",0.0517618881314571
"chr6-26240104-26240903","BTN3A2",0.0517597126236864
"chr19-54903794-54904742","KIR2DL1",0.0517591330045977
"chr18-59139252-59140180","MALT1",0.0517521442768719
"chr22-23315282-23316150","GNAZ",0.0517459954164781
"chr11-112157117-112158012","PTS",0.0517458103097246
"chr14-95706980-95708024","TCL6",0.0517448895615891
"chr20-3927191-3928091","PANK2",0.051744262474564
"chr20-1033764-1034690","FAM110A",0.0517440762901753
"chr1-159897950-159898673","NHLH1",0.0517406754769702
"chrX-47390517-47391428","ZNF157",0.0517406441099499
"chr17-42388271-42389250","STAT3",0.0517396310601012
"chr11-63938376-63939300","VEGFB",0.0517366035698456
"chr16-31259516-31260378","PYCARD",0.0517304871284795
"chr20-5080076-5080974","SLC23A2",0.0517296279808431
"chr17-74238975-74239872","CD300A",0.0517239102204298
"chr8-141096392-141097176","PTK2",0.0517238949169778
"chr1-25233060-25233748","RSRP1",0.051722915784822
"chr20-50273280-50274050","CEBPB",0.0517227136113916
"chr17-4879375-4880270","VMO1",0.0517202454535535
"chr22-31293548-31294282","LIMK2",0.0517193959586432
"chr14-103418166-103418970","MARK3",0.05171728094169
"chr3-177679359-177680254","LINC00578",0.0517166504754282
"chr4-38785801-38786646","KLHL5",0.0517151317418902
"chr14-91349266-91350081","CCDC88C",0.051712944767032
"chr4-73690080-73690985","CXCL8",0.051711225921101
"chr2-233380011-233380852","DGKD",0.051707914390166
"chr3-58085337-58086171","FLNB",0.0517052254791259
"chr7-143125798-143126691","ZYX",0.0517049531296346
"chr19-38864493-38865289","CAPN12",0.0517032282122125
"chr4-83369759-83370530","GPAT3",0.0517021306575076
"chr4-139798244-139799072","MGST2",0.0516984129854125
"chr2-189783904-189784782","ANKAR",0.0516981282691838
"chr17-7121215-7121781","CLEC10A",0.0516943847085906
"chr7-98276016-98276928","LMTK2",0.0516921249530346
"chr13-40980168-40980954","NAA16",0.0516901098073854
"chr2-30422143-30423017","LCLAT1",0.051690040688046
"chr8-95165101-95165996","PLEKHF2",0.0516869063938312
"chr9-121353352-121354270","STOM",0.0516867408230422
"chr7-2529057-2529689","SNX8",0.0516847028517994
"chr6-33009132-33010016","HLA-DQA2",0.0516841033205538
"chr5-150488340-150489176","DCTN4",0.0516818281081745
"chr17-35312775-35313657","MMP28",0.0516806630389595
"chr19-1062515-1063391","MIDN",0.0516735500714103
"chr5-91146324-91146721","LUCAT1",0.0516715864859343
"chr1-169115922-169116842","ATP1B1",0.0516713421254135
"chr6-33343580-33344436","SYNGAP1",0.0516692281065574
"chr9-136650449-136651365","LCN10",0.0516640744321806
"chr1-206052889-206053796","SLC45A3",0.0516618745190722
"chr1-17125512-17126409","CROCC",0.051661103348783
"chr19-3710079-3710988","NFIC",0.0516603113476035
"chr19-18127797-18128698","ELL",0.0516597341021071
"chr6-10901520-10902425","SYCP2L",0.0516588290651465
"chrX-48682659-48683262","WAS",0.0516586249145569
"chr17-28738562-28739228","TRAF4",0.0516576573220649
"chr19-1030302-1031221","GPX4",0.0516552035821197
"chr16-68417618-68418541","ZFP90",0.0516520374562681
"chr18-46397768-46398636","ST8SIA5",0.0516498709493836
"chr17-8922253-8923107","PIK3R6",0.0516466246507462
"chr10-17453153-17453950","ST8SIA6",0.0516463670995663
"chr6-41728288-41729208","TFEB",0.0516408907557397
"chr3-141306782-141307637","PXYLP1",0.0516407327744036
"chr1-202952563-202953469","ADIPOR1",0.0516391990708227
"chr1-168227031-168227787","SFT2D2",0.0516384859054147
"chr19-51417205-51418041","FPR1",0.0516355665474016
"chr17-4901617-4902395","SCIMP",0.0516354562543732
"chr2-30439620-30440491","LCLAT1",0.0516339041735027
"chr17-4735880-4736773","ZMYND15",0.0516305104612456
"chr11-60309163-60309887","MS4A4E",0.0516263409419136
"chr17-47740984-47741893","TBKBP1",0.0516234182956106
"chr14-102565096-102565988","TECPR2",0.0516230078024889
"chr2-209512643-209513554","MAP2",0.0516228393280971
"chr3-43646112-43647003","ANO10",0.0516208333606224
"chr15-59424357-59425187","CCNB2",0.0516202256022997
"chr14-64722558-64723449","PLEKHG3",0.0516197190445611
"chr20-50029562-50030470","B4GALT5",0.051613189925579
"chr17-45170557-45171457","ARHGAP27",0.0516111508249264
"chr20-50582168-50583067","KCNG1",0.0516057094475506
"chr3-15528830-15529687","COLQ",0.0515996563397732
"chr11-65420935-65421777","MALAT1",0.0515995828989969
"chr11-85991718-85992572","CCDC81",0.0515951934602335
"chr10-132588327-132589239","INPP5A",0.051593429052788
"chr6-44058462-44059247","NFKBIE",0.0515930352985461
"chr1-12183938-12184863","PLOD1",0.0515925182971272
"chr15-70266478-70267322","TLE3",0.05158544575291
"chr2-241112394-241113247","MTERF4",0.0515843037673375
"chr11-65424882-65425686","VPS51",0.0515840645760219
"chr7-65980476-65981287","GUSB",0.0515835958071563
"chr16-56048384-56049309","CES1",0.0515831232510191
"chr14-50936926-50937824","ABHD12B",0.0515830684321764
"chr12-10307494-10308284","KLRC4",0.051582919505556
"chr17-75645814-75646717","H3F3B",0.0515821991400466
"chr3-39256689-39257341","CX3CR1",0.0515800857458897
"chr11-10544772-10545643","LYVE1",0.0515734456190231
"chr17-18317793-18318685","TOP3A",0.0515696258959124
"chr5-54673578-54674481","ARL15",0.0515691752644752
"chr15-40115493-40116398","EIF2AK4",0.051568657036188
"chr3-113625419-113626168","GRAMD1C",0.0515677801524027
"chr6-161108671-161109475","AGPAT4",0.0515607588029116
"chr15-63502869-63503619","RAB8B",0.0515515012283558
"chr2-96130233-96130742","DUSP2",0.0515490285095497
"chr1-45409070-45409918","CCDC17",0.0515472431895515
"chr10-79083961-79084828","ZCCHC24",0.0515452091814443
"chr6-11722956-11723855","ADTRP",0.0515446646609292
"chr4-102827589-102828429","NFKB1",0.0515445539980897
"chr1-1206191-1207106","TNFRSF4",0.0515442831496741
"chr19-48637321-48638119","SNRNP70",0.0515430069119236
"chr7-6232248-6233126","RAC1",0.0515420703123955
"chr1-84996825-84997669","MCOLN2",0.0515408590320106
"chr1-26378041-26378946","PAFAH2",0.0515402380834167
"chr3-125179419-125180299","MUC13",0.051539581740983
"chr11-60377729-60378168","MS4A14",0.0515381818783021
"chr14-24609490-24610348","EMC9",0.0515381230274459
"chr10-6494772-6495638","IL2RA",0.0515358216980511
"chr10-22646059-22646950","ARMC3",0.0515346104113214
"chr5-177306771-177307656","MXD3",0.0515336351426157
"chr8-42051738-42052629","SLC20A2",0.0515307449845395
"chr12-26124513-26125348","SSPN",0.0515292199388209
"chr17-64965542-64966447","CEP95",0.051528247949075
"chr8-19013364-19014245","PSD3",0.0515278556947412
"chr7-151117309-151118207","ATG9B",0.0515277840099904
"chr10-133143696-133144567","CALY",0.0515274340236434
"chr2-200198795-200199663","SPATS2L",0.0515261162949219
"chr13-46893788-46894689","HTR2A",0.0515251802818782
"chr14-30848895-30849669","SCFD1",0.0515209059198443
"chr17-7173955-7174857","TNFSF13",0.051520695358599
"chr16-3400680-3401585","DNASE1",0.0515194298257352
"chr17-44095650-44096498","DUSP3",0.0515181198997057
"chr11-60056141-60056964","MS4A2",0.0515110188196736
"chr18-3605780-3606629","MYL12B",0.0515092002903959
"chr5-83320746-83321578","XRCC4",0.0515075335100686
"chr2-134290147-134290972","MGAT5",0.0515062738319066
"chr9-112890449-112891321","FKBP15",0.0515062270507271
"chr2-1614447-1615323","PXDN",0.051500745514412
"chr6-53231481-53232370","ELOVL5",0.0515002881471251
"chr17-63984822-63985724","ERN1",0.0514995338566954
"chrX-16903373-16904191","REPS2",0.0514959614095183
"chr19-35451206-35452112","LRFN3",0.0514943732471898
"chr19-49333556-49334417","TEAD2",0.051493604756283
"chr7-22523777-22524626","AC002480.2",0.0514932002302321
"chrX-53440514-53441215","IQSEC2",0.0514891449491935
"chr6-44011880-44012779","VEGFA",0.0514880527735014
"chr1-167563293-167564178","MPZL1",0.0514879311261491
"chr17-82216336-82217195","FOXK2",0.0514862345352761
"chr13-75802847-75803727","LMO7",0.0514851527957347
"chr4-156970459-156971148","PDGFC",0.0514839390921184
"chr20-17538386-17539227","RRBP1",0.0514792436788182
"chr10-61961145-61961931","ARID5B",0.0514743752405361
"chr1-202199003-202199928","LGR6",0.0514743576796117
"chr9-112861899-112862633","KIAA1958",0.051473637259953
"chr17-74516553-74517379","CD300C",0.0514719609183825
"chr1-158398643-158399564","CD1E",0.0514706240838394
"chr19-52269151-52270011","ZNF611",0.0514663034356374
"chr15-65916832-65917634","DENND4A",0.051463312527847
"chr17-81394943-81395800","SLC38A10",0.0514612421177262
"chr10-29723565-29724376","SVIL",0.0514608103948938
"chr16-4811460-4812402","GLYR1",0.0514573484302846
"chr7-5641687-5642561","ACTB",0.0514564177465198
"chr1-30717989-30718924","LAPTM5",0.051453462229541
"chr19-54162020-54162916","LILRB2",0.0514526661241185
"chr3-186361704-186362619","ETV5",0.0514516421873139
"chr9-91775150-91776034","ROR2",0.0514481086977252
"chr12-108335488-108336375","CMKLR1",0.0514472630503481
"chr22-39916994-39917402","GRAP2",0.0514466020966098
"chr2-207498773-207499608","KLF7",0.0514434034692986
"chr9-86368863-86369760","GOLM1",0.0514400939710261
"chrX-1239465-1240380","LINC00106",0.0514392791401975
"chr1-159291252-159292021","FCER1A",0.0514385956981689
"chr3-126025886-126026710","KLF15",0.0514333789653581
"chr6-157768063-157768938","SNX9",0.0514318504804833
"chr19-3989891-3990779","TMIGD2",0.0514312603994143
"chr7-2757867-2758740","LFNG",0.0514298386276313
"chr19-13155608-13156466","IER2",0.0514290047963795
"chr2-112839189-112840095","PAX8-AS1",0.0514271796853033
"chr16-81832853-81833523","PLCG2",0.0514263650580002
"chr9-97921922-97922830","CORO2A",0.0514232192727673
"chr8-124538638-124539453","TMEM65",0.0514228555775293
"chr7-151088771-151089497","AGAP3",0.0514224254470848
"chr19-7656831-7657719","MCEMP1",0.0514221340384341
"chr20-37333420-37334325","CTNNBL1",0.0514148603285078
"chr16-79362312-79363219","MAF",0.0514104399740108
"chr3-129282428-129283349","MBD4",0.0514085485650816
"chr12-10068514-10069320","OLR1",0.0513996794774371
"chr12-128789078-128789962","SLC15A4",0.0513938403589963
"chr2-218744973-218745806","CYP27A1",0.0513885185063619
"chr1-33326591-33327497","RNF19B",0.051386226179138
"chr3-58214670-58215550","PXK",0.0513852666971904
"chr16-80669930-80670751","CDYL2",0.0513847456715237
"chr18-54224233-54225099","RAB27B",0.0513833612881022
"chr15-40405302-40406184","IVD",0.0513818797745624
"chr4-83083799-83084677","HELQ",0.0513782135381824
"chr18-54717731-54718600","RAB27B",0.0513763992097302
"chr8-21858131-21858891","DOK2",0.0513761525138479
"chr5-151295924-151296770","SLC36A1",0.0513750663201415
"chr21-33383043-33383886","IFNAR1",0.0513716644965614
"chr2-174035838-174036709","CIR1",0.0513714233997846
"chr17-27635158-27636048","NLK",0.0513672175175304
"chr12-108300567-108301442","CMKLR1",0.0513671625842645
"chr6-90233718-90234613","CASP8AP2",0.0513644156213211
"chr11-73186087-73186830","ATG16L2",0.0513638677177703
"chr4-183392092-183392929","WWC2",0.0513593531504315
"chr20-38152272-38153181","CTNNBL1",0.0513592675105235
"chr14-98008429-98009369","LINC01550",0.0513577690246456
"chr10-6197108-6197972","IL15RA",0.0513575405224456
"chr16-87722993-87723769","SLC7A5",0.0513539715059339
"chr2-191148499-191149383","AC067945.4",0.0513525306270958
"chr2-39491905-39492736","MAP4K3",0.0513508432914481
"chr4-40736534-40737369","NSUN7",0.0513494861241987
"chr13-112893914-112894820","MCF2L",0.0513456850763078
"chr2-197145356-197146262","ANKRD44",0.0513437742337819
"chr3-72473187-72474018","RYBP",0.0513429490068542
"chr2-10410137-10410968","ODC1",0.0513404284829742
"chr5-180815208-180816062","MGAT1",0.0513381022234381
"chr18-13375019-13375824","LDLRAD4",0.0513358451732822
"chr8-144607972-144608465","SCX",0.0513348510453113
"chr17-59565185-59566023","TRIM37",0.0513335883585518
"chr9-6757413-6758226","UHRF2",0.0513317234888279
"chr17-7579041-7579956","CLEC10A",0.0513271074175429
"chr19-49897544-49898341","ATF5",0.0513220477702422
"chr18-35106460-35107367","MAPRE2",0.0513191171190019
"chr3-45543894-45544780","LZTFL1",0.051316059276813
"chr1-158153598-158154488","CD1C",0.0513158807209021
"chr17-81642068-81642983","FSCN2",0.0513142166275113
"chr6-16659424-16660122","ATXN1",0.0513134707149343
"chr17-59725427-59726326","YPEL2",0.0513119704442309
"chr17-7557971-7558686","ASGR2",0.0513101819482634
"chr6-2981236-2982110","SERPINB9",0.0513063675134417
"chr11-64554690-64555485","PPP1R14B",0.0513028402988342
"chr15-94389002-94389716","LINC01580",0.0513015512091574
"chr2-38709263-38710126","HNRNPLL",0.0513014190237542
"chr17-8417473-8418375","PIK3R6",0.0512968330543879
"chr14-50087093-50087949","RPL36AL",0.0512963965717387
"chr15-56043083-56044003","NEDD4",0.0512951582036351
"chr4-40230526-40231439","PDS5A",0.0512927045571154
"chr19-39796015-39796774","FCGBP",0.051289037275866
"chr2-203994449-203995313","ICOS",0.0512883319675915
"chr17-51121803-51122426","ABCC3",0.0512868321676369
"chr1-153566215-153567026","SLC27A3",0.0512851487998311
"chr16-2015142-2016036","NPW",0.0512851255327483
"chr17-74571335-74572205","RAB37",0.0512842995443672
"chr21-36602973-36603818","TTC3",0.0512810218041415
"chr5-168377391-168378249","WWC1",0.0512805273888694
"chr9-34185970-34186834","UBAP1",0.0512736669015515
"chr11-10892022-10892910","MRVI1",0.051273406085154
"chr15-85667716-85668620","KLHL25",0.0512724115751365
"chr6-108841158-108842083","SESN1",0.051272347669005
"chr3-113532130-113532963","CFAP44",0.0512709882789703
"chr11-73269738-73270625","ATG16L2",0.0512668235789908
"chr9-113151950-113152504","SLC46A2",0.0512657963838963
"chr6-32940840-32941572","HLA-DOA",0.051265402699793
"chr2-208315095-208315935","PIKFYVE",0.0512650224460559
"chr9-87713184-87714075","CTSL",0.0512637128586939
"chr1-113871363-113872200","PTPN22",0.0512632540740631
"chr19-54023432-54024362","LILRA6",0.0512618981578193
"chr19-53982234-53983073","OSCAR",0.0512607889259489
"chr22-37370077-37370993","CYTH4",0.0512607667197708
"chr20-57475872-57476741","PMEPA1",0.0512606782978108
"chr5-136132442-136133313","TGFBI",0.0512600062252243
"chr3-114323533-114324371","ZNF80",0.0512551744066268
"chr8-38181426-38182319","ZNF703",0.0512551142284276
"chr19-42423268-42424191","RABAC1",0.05125302276061
"chr2-241870973-241871868","PDCD1",0.0512519561107721
"chr9-129460137-129461004","LINC00963",0.0512500515462311
"chr9-76358741-76359569","GCNT1",0.051248264923623
"chr17-81394943-81395800","P4HB",0.0512479856817837
"chr6-136113486-136114380","BCLAF1",0.0512475329441585
"chr3-127753652-127754444","MGLL",0.0512434555178356
"chr4-38768861-38769723","TLR1",0.0512416468981015
"chr10-5942324-5943164","IL15RA",0.0512409896994613
"chr3-30628138-30628808","TGFBR2",0.0512408720677399
"chr2-218370283-218371165","CATIP",0.0512396575181256
"chr18-9910421-9911321","VAPA",0.0512372106811559
"chr3-45355024-45355792","TGM4",0.051236680817156
"chr3-56799095-56799888","ARHGEF3",0.0512354520132239
"chr2-100813351-100814156","NPAS2",0.0512289190665526
"chr11-3216920-3217791","CDKN1C",0.0512275518101762
"chr16-30130408-30131283","SPN",0.0512259303599509
"chr3-50447095-50447964","GNAI2",0.0512254128804328
"chr5-180868730-180869622","BTNL9",0.051222615700675
"chr12-51241851-51242678","GALNT6",0.0512203051513601
"chr1-15258686-15259273","EFHD2",0.051219933009586
"chr1-169161282-169162161","ATP1B1",0.0512195750489968
"chr4-20254804-20255618","SLIT2",0.0512189924944801
"chr19-8573242-8574165","KANK3",0.0512189093091455
"chr17-78337214-78338137","PGS1",0.0512188123766966
"chr7-80612980-80613383","SEMA3C",0.0512104149548308
"chr1-22216153-22217019","CELA3A",0.0512082367853098
"chr7-3069602-3070412","AC024028.1",0.0512046033979323
"chr19-51432842-51433758","SIGLEC12",0.0511994429150049
"chr16-30758699-30759594","PYCARD",0.0511984125610965
"chr3-112773663-112774538","CD200R1",0.0511974175555554
"chr15-50260254-50261087","SLC27A2",0.0511966794173791
"chr7-22082734-22083604","RAPGEF5",0.0511946453317779
"chr1-210328593-210329455","HHAT",0.051193637258904
"chr17-76191617-76192477","MRPL38",0.0511927281204949
"chr13-21450747-21451627","ZDHHC20",0.0511920127011893
"chr14-96038980-96039826","C14orf132",0.0511911739277261
"chr2-112181338-112182244","ZC3H8",0.0511894564182061
"chr12-121802714-121803574","LINC01089",0.0511861007625814
"chr12-48932503-48933247","FKBP11",0.051179885033282
"chr2-38643418-38644267","HNRNPLL",0.0511775716995368
"chr17-4724294-4725008","CXCL16",0.0511720899460253
"chr11-64007523-64008128","RTN3",0.0511666803537855
"chr7-44606318-44607217","H2AFV",0.0511650700557566
"chr11-10544772-10545643","MRVI1",0.0511645343618941
"chr18-9082494-9083405","ANKRD12",0.0511630491462997
"chr7-77834200-77835080","PHTF2",0.0511626981571366
"chr18-3060829-3061678","METTL4",0.0511600138756831
"chr7-2637235-2638132","GNA12",0.0511593113608238
"chr12-55650492-55651387","CD63",0.0511588191042699
"chr7-22853770-22854626","AC002480.2",0.0511545327193017
"chr1-153531781-153532507","S100A4",0.0511538508413829
"chr2-88865833-88866540","EIF2AK3",0.0511499380305773
"chr12-128791583-128792491","SLC15A4",0.0511478056184304
"chr19-6789982-6790916","ACER1",0.0511470571345095
"chr2-112187727-112188628","ZC3H8",0.0511468512299337
"chr1-209751406-209752238","HSD11B1",0.0511462028408713
"chr7-44637810-44638654","MYO1G",0.0511444746266037
"chr15-77990250-77991169","CIB2",0.0511421284853548
"chr12-12210741-12211619","DUSP16",0.0511397869833466
"chr6-45658808-45659682","RUNX2",0.0511394034509457
"chr19-58573094-58573759","ZNF274",0.0511299153081787
"chr15-45447813-45448696","BLOC1S6",0.0511297095657049
"chr1-92990544-92991362","RPL5",0.0511274145663512
"chr17-58278704-58279581","CUEDC1",0.051127329594213
"chr20-64038558-64039392","SLC2A4RG",0.0511234714994041
"chr14-68682478-68683313","ZFP36L1",0.0511233786186942
"chr2-8408645-8409535","ID2",0.051118855712832
"chr4-86554512-86555358","PTPN13",0.0511162390427137
"chr11-1863244-1864145","CTSD",0.0511134253193461
"chr19-54880953-54881859","TMEM150B",0.0511124426464274
"chr10-71817668-71818540","C10orf105",0.0511099732976826
"chr20-49669619-49670359","B4GALT5",0.0511051187941385
"chr4-6752367-6753173","KIAA0232",0.0511023379708365
"chr17-78645619-78646524","SOCS3",0.0510998888985916
"chr15-38251599-38252494","SPRED1",0.0510986863793177
"chrX-104151101-104151617","RAB9B",0.0510928093926625
"chr19-18974846-18975672","ELL",0.0510922178427064
"chr5-10732744-10733618","DAP",0.0510918216796234
"chr5-368625-369368","PLEKHG4B",0.051091554903233
"chr19-12785974-12786826","HOOK2",0.0510907272740372
"chr16-67531229-67531975","DPEP2",0.051089412848453
"chr19-15150200-15151010","CYP4F8",0.0510876785527958
"chr19-18397239-18398125","ELL",0.0510873644436247
"chr2-84855485-84856231","DNAH6",0.0510806251933621
"chr16-68264051-68264957","NUTF2",0.0510805256246402
"chr1-54407381-54408159","SSBP3",0.0510766418285969
"chr11-74018180-74019090","KCNE3",0.0510698707718323
"chr17-7239225-7240128","ZBTB4",0.0510677773207832
"chr5-758905-759737","TPPP",0.05106646451568
"chr2-113386528-113387444","IL1RN",0.0510644989483231
"chr2-212686116-212686973","IKZF2",0.0510636368897986
"chr6-118709826-118710519","FAM184A",0.0510618083190548
"chr5-123398037-123398877","CSNK1G3",0.0510617512543802
"chr12-62744390-62745161","PPM1H",0.0510579562595529
"chr3-39639096-39639968","CSRNP1",0.0510565727178081
"chr5-140608811-140609660","SRA1",0.0510543095774801
"chrX-154321293-154322085","PLXNA3",0.0510515916726524
"chr2-113211536-113212366","NT5DC4",0.0510514673138016
"chr17-75875828-75876749","TRIM47",0.0510477238900854
"chr17-64341765-64342641","MILR1",0.0510453567983926
"chr17-3167301-3168181","SPATA22",0.0510424121184608
"chr18-46155596-46156419","SLC14A1",0.0510421279634932
"chr17-31887829-31888672","RHOT1",0.051038656386658
"chr12-128745755-128746673","TMEM132C",0.0510377914624644
"chr11-22690590-22691474","SVIP",0.0510371432667269
"chr1-67170568-67171450","IL23R",0.0510355660538602
"chr19-49897544-49898341","KCNC3",0.0510345016249972
"chr19-32971649-32972557","ANKRD27",0.0510341913728824
"chr2-113124231-113124951","IL1RN",0.0510333070654511
"chr10-102467835-102468680","TRIM8",0.051032721649203
"chr9-137326374-137327299","NRARP",0.0510315810312917
"chr17-40516536-40517409","KRT10",0.0510315187662891
"chr8-128063786-128064645","PVT1",0.0510274146135468
"chr3-112739387-112740202","CD200R1",0.0510220181635539
"chr22-46576563-46577487","TTC38",0.051020954338121
"chr3-13544141-13545038","FBLN2",0.0510181680435502
"chr6-26240104-26240903","BTN3A1",0.0510180189165962
"chr5-758905-759737","ZDHHC11",0.0510158396293313
"chr3-111860176-111860895","PHLDB2",0.0510147300241388
"chr5-177306771-177307656","UIMC1",0.0510137573446765
"chr11-65915387-65916207","AP5B1",0.051010475155234
"chr5-17277692-17278555","BASP1",0.0510100791925337
"chr2-37822493-37823394","CYP1B1",0.0510096747215017
"chr19-54222506-54223423","LILRB1",0.0510091870570539
"chr2-1742811-1743706","PXDN",0.0510027774127443
"chr9-136088640-136089558","NACC2",0.0510005849751938
"chr19-54162020-54162916","OSCAR",0.0509992585743066
"chr12-8618898-8619789","CLEC4D",0.0509991137091253
"chr17-8955469-8956218","PIK3R6",0.0509974788156785
"chr19-10522917-10523835","P2RY11",0.0509963330636048
"chr1-150548692-150549598","CTSS",0.0509949396668794
"chr19-47376249-47377131","C5AR2",0.0509917509775672
"chr2-65435951-65436842","SPRED2",0.0509838396285248
"chr17-29254910-29255676","NUFIP2",0.0509838212318759
"chr17-31273972-31274862","NF1",0.0509828502860003
"chr3-171986033-171986866","PLD1",0.0509818391009394
"chr9-32550511-32551381","NDUFB6",0.0509815854670035
"chr1-241356541-241357332","KMO",0.0509801430438349
"chr3-45554153-45554930","LZTFL1",0.0509764118832558
"chr12-24948683-24949503","LRMP",0.0509726871467064
"chr9-136551905-136552754","LCN10",0.0509670074696614
"chr6-131999394-132000302","MOXD1",0.050964223827109
"chr11-110712013-110712873","ARHGAP20",0.0509635911171733
"chr19-36054057-36054940","TBCB",0.0509620817263256
"chr10-110421326-110422158","DUSP5",0.0509600086214783
"chr19-35881857-35882764","PRODH2",0.0509599343840796
"chr8-108977463-108977910","PKHD1L1",0.050958708811872
"chr17-55264490-55265391","HLF",0.0509584123395359
"chr19-1275283-1276174","UQCR11",0.0509491625264787
"chr17-36091975-36092851","CCL4",0.0509483340450236
"chrX-102155566-102156372","BEX5",0.0509471172062974
"chr7-100585930-100586845","COPS6",0.0509405829787179
"chr3-108448323-108449216","IFT57",0.0509392985408061
"chr17-57902936-57903840","CUEDC1",0.0509383182257415
"chr8-69834697-69835503","SLCO5A1",0.0509371736392737
"chr2-230666914-230667740","SP110",0.0509364011381415
"chr10-88045452-88046271","PAPSS2",0.050932710259906
"chr8-28081705-28082605","NUGGC",0.0509223649499726
"chr3-158801580-158802460","MFSD1",0.0509196252269493
"chr6-149468083-149468598","ZC3H12D",0.0509084412218765
"chr15-58331881-58332681","AQP9",0.050905892272627
"chr11-112103169-112104054","IL18",0.0509036527572352
"chr3-177917385-177918282","LINC00578",0.0509013155419176
"chr8-85138188-85138877","CA2",0.0509001128476304
"chr2-217790048-217790924","DIRC3",0.0508953523476063
"chr8-102768990-102769811","BAALC",0.0508926746066223
"chr5-173742161-173742838","CPEB4",0.0508896013324039
"chr21-38277262-38278119","KCNJ15",0.050886801016975
"chr9-33141116-33141914","AQP3",0.0508821893986785
"chr3-73451278-73452166","PDZRN3",0.0508821534472636
"chr14-105851010-105851717","FAM30A",0.0508821162251216
"chr20-50815185-50815969","KCNG1",0.0508817317988952
"chr8-102978281-102979094","KLF10",0.050881597566422
"chr17-5234529-5235371","CXCL16",0.0508770738976578
"chr19-1154812-1155678","SBNO2",0.0508765371569786
"chr10-6197108-6197972","GDI2",0.0508718690013795
"chr16-1420484-1421379","NME3",0.0508714112434841
"chr19-6592292-6593137","CD70",0.0508691349240547
"chr6-139131508-139132426","LINC01625",0.0508690071971984
"chr11-6733335-6734261","APBB1",0.0508668347669942
"chr6-157489414-157490297","ZDHHC14",0.0508639115368027
"chr2-130370276-130371066","MZT2B",0.0508622747455368
"chr19-18416603-18417369","SSBP4",0.0508619584745789
"chr19-54502393-54503304","KIR2DL1",0.0508569676626473
"chr11-96258018-96258916","CEP57",0.0508561298164345
"chr12-49055751-49056646","TUBA1C",0.0508541356453421
"chr9-4572163-4573083","SPATA6L",0.0508519454643161
"chr17-36212925-36213689","CCL4",0.0508482561131707
"chr17-74599199-74599994","CD300LB",0.0508320255315629
"chr9-128094050-128094940","SLC25A25",0.0508255011852573
"chr11-65314344-65315237","NEAT1",0.0508234430299286
"chr17-1871617-1872470","SMG6",0.0508202871129731
"chr6-27235052-27235957","ZNF391",0.0508200040142348
"chr3-111616155-111617031","PHLDB2",0.0508147606117436
"chr2-241122261-241123088","ANO7",0.0508145848385596
"chr20-60008181-60009073","MIR646HG",0.0508143760378085
"chr4-565956-566809","CPLX1",0.0508097942384522
"chr12-12070878-12071709","DUSP16",0.0508078466784748
"chr12-57063740-57064616","NACA",0.0508068795576861
"chr5-35823611-35824343","SPEF2",0.0508040917904011
"chr20-63853843-63854688","ZBTB46",0.0508039002034166
"chr17-1467671-1468551","MIR22HG",0.0508033885950125
"chr22-37610595-37611435","CYTH4",0.0508022622139402
"chr17-39800293-39801194","ORMDL3",0.0507999806419639
"chr17-29237688-29238497","NUFIP2",0.0507967115597228
"chr1-221097427-221098324","HLX",0.0507950161797776
"chr6-45327816-45328676","RUNX2",0.0507944155691288
"chr6-149317012-149317935","GINM1",0.0507928153587597
"chr16-84922287-84923043","ZDHHC7",0.0507910863284919
"chr15-39939347-39940225","EIF2AK4",0.0507885913758886
"chr14-70655170-70656055","SYNJ2BP",0.0507846961451439
"chr10-33120156-33121025","ITGB1",0.0507810537255689
"chr7-150552626-150553405","GIMAP7",0.0507804502191201
"chr3-154324014-154324875","DHX36",0.0507782139496736
"chr13-30147851-30148731","KATNAL1",0.0507776495804836
"chr12-14283292-14284007","ATF7IP",0.0507754268862377
"chr2-8313896-8314702","ID2",0.0507722303710731
"chr12-51910893-51911600","NR4A1",0.050771861768666
"chr19-51124615-51125414","SIGLEC10",0.0507643924052019
"chrX-79337122-79337979","ITM2A",0.0507623399393312
"chr2-226908092-226908808","COL4A3",0.0507560507168179
"chr2-12301801-12302660","TRIB2",0.050755381540886
"chr5-75558704-75559583","POLK",0.0507440572161303
"chr12-104749836-104750745","SLC41A2",0.0507429744242784
"chr19-14369514-14370218","IL27RA",0.0507401855146985
"chr17-35312775-35313657","RFFL",0.0507384685693104
"chr17-74528274-74529187","CD300A",0.0507376293105945
"chr11-62607475-62608358","STX5",0.050737212204731
"chr9-113403338-113404214","ZNF618",0.0507365669836034
"chr12-131872343-131873146","ULK1",0.0507333107983743
"chr1-1213572-1214176","TNFRSF4",0.0507324751986579
"chr2-85712072-85712930","VAMP5",0.0507277265164885
"chr5-180071525-180072406","RNF130",0.050726721939153
"chr7-102288771-102289667","ORAI2",0.0507259246800929
"chr18-63889397-63890261","SERPINB2",0.0507238349924575
"chr1-51246824-51247597","TTC39A",0.0507236988096599
"chr1-226696934-226697797","PARP1",0.0507178400161697
"chr3-169931829-169932707","GPR160",0.0507162589177402
"chr2-108776277-108777152","CCDC138",0.050714076348309
"chr1-150579232-150580124","CTSS",0.0507136922422666
"chr3-57951147-57952058","ABHD6",0.0507135713076027
"chr8-85187172-85188045","E2F5",0.0507128418713684
"chr1-184017127-184018021","ARPC5",0.0507119353257011
"chr12-50924166-50925032","DIP2B",0.0507104790092664
"chr19-18967440-18968292","ELL",0.0507030913424946
"chrX-68684054-68684960","STARD8",0.0507021629121311
"chr21-33393988-33394879","OLIG1",0.0507017098567459
"chr10-77801295-77802187","DLG5",0.0507006353146104
"chr5-55001946-55002802","GZMK",0.0506964138297377
"chr8-1766564-1767496","CLN8",0.0506961228006908
"chr2-191064325-191065220","AC067945.4",0.0506950649608739
"chr7-143279254-143280043","GSTK1",0.0506946320865269
"chr19-4431617-4432416","PLIN3",0.0506941756934897
"chr19-45419196-45420096","CLASRP",0.050692539961056
"chr6-159959884-159960635","IGF2R",0.0506918698629551
"chr22-26571000-26571875","TPST2",0.0506893708717194
"chr14-103111132-103111991","EIF5",0.0506885283917613
"chr17-7625968-7626691","KDM6B",0.0506878378634018
"chr22-37310938-37311816","LGALS2",0.050684270252727
"chr3-108823785-108824553","TRAT1",0.0506832799085924
"chr11-65308144-65308983","AP5B1",0.0506818333722652
"chr19-12664889-12665740","MAN2B1",0.0506816123282505
"chr11-119115504-119116367","CBL",0.0506812083445197
"chr8-41569531-41570438","GPAT4",0.0506811689933249
"chr16-11349513-11350414","ZC3H7A",0.0506802767874716
"chr1-109360773-109361605","GNAT2",0.0506802305380189
"chr4-70601153-70602062","ENAM",0.0506755558846848
"chr17-39863800-39864671","THRA",0.0506731939179908
"chr19-29844365-29845290","C19orf12",0.0506720127603312
"chr1-150552049-150552940","ARNT",0.0506706964563911
"chr20-50516329-50517201","BCAS4",0.0506690716380136
"chr11-2940300-2941159","OSBPL5",0.050666698330622
"chr22-49868843-49869730","CRELD2",0.0506663778587361
"chr7-928343-929252","ADAP1",0.0506638592445954
"chr3-27840593-27841446","EOMES",0.0506626496213605
"chr11-77066443-77067333","CAPN5",0.0506619281172042
"chr3-196287309-196288233","PAK2",0.050661783672233
"chr5-56080597-56081540","IL6ST",0.0506610181262999
"chr17-76715877-76716772","JMJD6",0.0506534078631859
"chr5-78887368-78888278","LHFPL2",0.0506497951884105
"chr11-65418606-65419466","AP5B1",0.0506488858093521
"chr1-156151106-156151847","MEF2D",0.0506472065033757
"chr16-55835667-55836188","CES1",0.0506468710167654
"chr10-75375594-75376503","ZNF503",0.0506467002746922
"chr19-10848003-10848874","RAB3D",0.0506449406469497
"chr3-14175364-14176262","WNT7A",0.0506383883540347
"chr6-40587321-40588246","LRFN2",0.0506346926931893
"chr19-840435-841323","ARID3A",0.050634666618448
"chr2-189633093-189633979","SLC40A1",0.0506345376779536
"chr7-30170585-30171463","SCRN1",0.0506307237176657
"chr19-2631211-2632110","OAZ1",0.0506307086418982
"chr3-167653522-167654362","GOLIM4",0.0506295858403732
"chr12-10182373-10183252","CLEC1B",0.050619614192196
"chr6-116370561-116371367","DSE",0.0506166052202482
"chr12-107736637-107737540","PRDM4",0.0506157719278752
"chr16-11966006-11966844","SNX29",0.0506127306356047
"chr3-105366254-105367144","ALCAM",0.0506110533785985
"chr12-6772015-6772887","LAG3",0.0506103445169469
"chr8-125505599-125506548","TRIB1",0.0506074000748517
"chr11-67436846-67437753","CDK2AP2",0.0506070504448763
"chrX-108020518-108021323","MID2",0.0506069522137406
"chr11-118398565-118399450","DDX6",0.0506069047107555
"chr10-12348918-12349781","NUDT5",0.0506063489084197
"chr6-20212233-20213101","E2F3",0.0506055788092156
"chr15-59412675-59413577","CCNB2",0.0506041378289655
"chr7-5423625-5424531","WIPI2",0.0506038285651836
"chr19-44844419-44845202","CLASRP",0.0506022518379165
"chr19-54803174-54803941","KIR3DL2",0.050601926272289
"chr7-45001183-45001899","TMED4",0.0506010663190493
"chr4-184896648-184897566","IRF2",0.0506000961333809
"chr19-14381869-14382667","DNAJB1",0.0505944578808971
"chr19-54542342-54543197","KIR2DL1",0.0505943614307282
"chr17-35923904-35924792","CCL4",0.0505936002685772
"chr5-138724197-138725076","FAM53C",0.0505918014092573
"chr10-101818115-101819022","BTRC",0.0505912790118418
"chr17-67258690-67259519","HELZ",0.0505875366920686
"chr1-55127817-55128595","LEXM",0.0505868849613958
"chr17-2083406-2084301","MNT",0.0505844832103212
"chr19-33248933-33249795","CEBPA",0.0505839357433621
"chr5-120138796-120139680","PRR16",0.0505787138164134
"chr18-711328-712099","YES1",0.0505766459070162
"chr12-56700369-56701282","RBMS2",0.0505760121530776
"chr9-99150242-99151145","ANKS6",0.0505750798315581
"chr22-37590144-37591046","CDC42EP1",0.0505722132173045
"chr16-10876608-10877526","CLEC16A",0.0505693945412789
"chr15-89782111-89782876","AP3S2",0.0505664565856127
"chr9-4324931-4325728","GLIS3",0.050564385728163
"chr12-52351426-52352318","KRT72",0.0505623878910681
"chr6-32945189-32945993","HLA-DOA",0.0505609644320513
"chrX-109855173-109856046","GUCY2F",0.0505607232386067
"chr16-21952700-21953560","CDR2",0.0505583520460243
"chr2-101570566-101571467","MAP4K4",0.0505545111885109
"chr17-47810128-47810892","TBX21",0.0505519110290786
"chr7-91327126-91327926","FZD1",0.0505504355754194
"chr19-10603164-10603868","KRI1",0.0505496573849064
"chr8-26449110-26449868","PPP2R2A",0.0505495647142498
"chr10-6927436-6928269","SFMBT2",0.0505422046145978
"chr11-30585986-30586872","MPPED2",0.050540660148245
"chr12-6914073-6914988","ENO2",0.0505406323473145
"chr17-7133464-7134075","XAF1",0.0505375993077892
"chr17-82216336-82217195","P4HB",0.0505374309537997
"chr6-33018680-33019545","HLA-DOA",0.0505340437652616
"chr3-112973340-112974246","CD200R1",0.0505319270985588
"chr17-36212925-36213689","CCL5",0.0505282424592848
"chr11-61922257-61923140","BEST1",0.0505275208924982
"chr6-31340765-31341638","VWA7",0.0505211466496059
"chr22-41919321-41920274","SHISA8",0.0505202749791868
"chr6-26103541-26104446","BTN3A1",0.0505197104540231
"chr1-203655441-203656343","LAX1",0.0505167232961962
"chr8-37737427-37738195","ZNF703",0.0505149254345197
"chr1-67322720-67323524","C1orf141",0.0505116400159451
"chr7-99379980-99380589","SMURF1",0.0505107444270543
"chr17-49370327-49371119","PHOSPHO1",0.0505106068471891
"chr13-31950939-31951851","BRCA2",0.0505101872783738
"chr3-183379998-183380890","YEATS2",0.0505080367201911
"chr1-160483376-160484300","SLAMF6",0.0505078288673993
"chr6-26157556-26158476","BTN3A3",0.0505054099903239
"chr11-67459635-67460532","POLD4",0.0505039050628206
"chr2-144508030-144508872","GTDC1",0.0505034494687528
"chr3-13846735-13847579","WNT7A",0.050499883258595
"chr16-23806845-23807715","GGA2",0.0504957309811548
"chr8-144382818-144383633","ARHGAP39",0.0504936395274759
"chr2-149069080-149069984","KIF5C",0.0504891868762494
"chr9-127970590-127971366","AK1",0.0504882863311665
"chr11-59216506-59217404","GLYATL1",0.0504870444600362
"chr4-4269500-4270264","LYAR",0.0504848882130233
"chr9-114718592-114719486","TNFSF8",0.0504839211182925
"chr4-74330120-74331009","EREG",0.0504803178038105
"chr11-74022341-74023039","FAM168A",0.0504796960140706
"chr4-156954270-156955260","PDGFC",0.0504766203438658
"chr11-68121092-68121985","CHKA",0.0504744724891254
"chr17-77886086-77886851","SOCS3",0.0504741936554126
"chr12-110256457-110257364","VPS29",0.0504738307830994
"chr14-81017993-81018865","STON2",0.0504721019809379
"chr19-54903794-54904742","KIR2DL4",0.0504711136676081
"chr9-78210580-78211470","CEP78",0.0504694222282349
"chr16-75622880-75623763","KARS",0.0504694015960265
"chr10-5441905-5442736","NET1",0.0504649475904298
"chr1-45393587-45394487","GPBP1L1",0.050461572608305
"chr1-204480857-204481581","PIK3C2B",0.0504596683363786
"chr6-17714869-17715761","TPMT",0.0504591050626958
"chr15-45456305-45457140","BLOC1S6",0.0504581003015667
"chr17-77916531-77917435","PGS1",0.0504545506498318
"chr19-17369781-17370690","COLGALT1",0.0504522851160159
"chr20-64057494-64058314","SAMD10",0.0504503280442637
"chr6-33322709-33323603","PSMB8",0.050448358345132
"chr19-4563366-4564234","SH3GL1",0.0504468936922607
"chr2-131106211-131106897","PLEKHB2",0.0504439992379461
"chr2-20439391-20440238","LAPTM4A",0.0504437708690371
"chr2-201446874-201447779","TRAK2",0.0504428316812334
"chr21-33532646-33533541","LINC00945",0.0504423313444379
"chr7-2019506-2020394","LFNG",0.050441987175986
"chr7-151415433-151416328","RHEB",0.0504358907336171
"chr2-171523160-171524036","CYBRD1",0.0504355703662963
"chrX-149830003-149830766","LINC00850",0.0504344753297548
"chr7-101465318-101466212","COL26A1",0.0504334477805234
"chr19-11320595-11321261","RAB3D",0.05042785864929
"chr7-24910792-24911653","OSBPL3",0.0504270482059127
"chr7-12582884-12583778","ARL4A",0.0504248556265041
"chr2-28342975-28343616","PPP1CB",0.0504226727930617
"chr1-179327420-179328289","SOAT1",0.0504223009340394
"chr9-114385181-114386074","ATP6V1G1",0.0504213092066293
"chr11-66312209-66313156","CD248",0.0504187698078131
"chr13-29935365-29936264","KATNAL1",0.0504139737892254
"chr13-48782995-48783899","FNDC3A",0.0504119462024261
"chr4-110059456-110060349","ELOVL6",0.0504103007932112
"chr19-57499462-57500360","ZNF586",0.0504097855069344
"chr7-151088771-151089497","RHEB",0.0504055845115772
"chr11-120545629-120546467","GRIK4",0.0504041312672071
"chr15-40234945-40235845","BMF",0.0504003110821891
"chr9-137481995-137482878","SAPCD2",0.0503955246446526
"chr1-8374440-8375160","SLC45A1",0.0503950759257698
"chr1-207321047-207321937","CD55",0.0503933884573595
"chr19-49897544-49898341","FCGRT",0.0503905681846013
"chr9-37324122-37324936","FBXO10",0.0503894453032858
"chr7-150612592-150613406","GIMAP5",0.0503886044676856
"chr2-74079732-74080573","MTHFD2",0.0503875882867919
"chr4-38160499-38161294","TBC1D1",0.0503873380610364
"chr9-114883451-114884338","TMEM268",0.0503871053908278
"chr3-185676984-185677846","EHHADH",0.0503868696019725
"chr9-113479022-113479943","RGS3",0.0503865952935828
"chr17-7120536-7121107","ASGR2",0.0503865850526724
"chr12-121278248-121279109","P2RX4",0.0503807913900197
"chr3-115091969-115092821","ZBTB20-AS3",0.0503788783724824
"chr2-86371306-86372026","CD8B",0.0503750583733882
"chr19-44869741-44870585","NECTIN2",0.0503749978945697
"chr2-98663162-98664033","INPP4A",0.0503731012775456
"chr6-36780556-36781440","CDKN1A",0.0503714692618632
"chr1-10524918-10525837","CASZ1",0.0503701247201267
"chr1-154974121-154975036","FDPS",0.0503684184227103
"chr3-190621806-190622617","IL1RAP",0.050366033827906
"chr5-176041292-176041952","CPLX2",0.0503596302466696
"chr4-73690080-73690985","CXCL3",0.050357040098032
"chr4-88940258-88941151","FAM13A",0.0503558211047272
"chr17-74730350-74731237","KIF19",0.0503557850819788
"chr15-59399218-59400078","FAM81A",0.0503529545054421
"chr3-170367190-170368116","SEC62",0.0503467391714951
"chr2-135689496-135690365","CXCR4",0.050344739175623
"chr7-43649571-43650410","URGCP",0.050341485004113
"chr7-26329614-26330510","HNRNPA2B1",0.0503401844114357
"chr17-63445827-63446738","ACE",0.0503388956300818
"chr2-209423516-209424399","MAP2",0.0503358953349832
"chr1-31954385-31955246","PTP4A2",0.0503327497983523
"chr1-59947077-59947962","CYP2J2",0.0503287040084361
"chr4-36189513-36190389","ARAP2",0.0503271077969205
"chr12-53236148-53237076","RARG",0.050321674409659
"chr11-11856356-11857182","GALNT18",0.0503195722131999
"chr11-59095007-59095896","FAM111B",0.0503189395422395
"chr17-82200549-82201434","CCDC57",0.0503168716682359
"chr3-122063925-122064785","DTX3L",0.0503161883598832
"chr11-8533131-8533979","STK33",0.0503123047941741
"chr5-159972614-159973262","AC008691.1",0.0503065585555103
"chr6-32838341-32839182","TAPBP",0.0503052963401346
"chr14-74962151-74962976","NPC2",0.0503047952761051
"chr14-23567265-23568123","SLC7A8",0.0502986768320814
"chr1-220880973-220881844","MARC1",0.050297293480985
"chr7-35800567-35801476","HERPUD2",0.0502951414119916
"chr12-10305376-10306318","KLRC4",0.0502915978760044
"chr1-4796193-4797044","AJAP1",0.0502903904140083
"chr10-62233820-62234621","RTKN2",0.050290073802038
"chr19-44845657-44846502","CEACAM19",0.0502889842134627
"chr12-131818914-131819812","MMP17",0.0502859332187197
"chr3-142578419-142579312","ATR",0.0502857170487413
"chr1-160629122-160629923","SLAMF1",0.0502852010827167
"chr6-53623218-53624114","GCLC",0.0502836146132368
"chr5-56909390-56910258","GPBP1",0.0502833708565084
"chr1-35345305-35346217","KIAA0319L",0.0502825073370803
"chr17-57948289-57949231","CUEDC1",0.0502811420223574
"chr19-16328091-16328926","HSH2D",0.0502808697930178
"chr2-233100305-233101114","DGKD",0.0502808019004134
"chr6-41728288-41729208","PGC",0.0502803273963427
"chr15-65773427-65774257","DENND4A",0.0502775292048895
"chr7-129203055-129203782","SMKR1",0.0502755275172113
"chr5-119341536-119342347","DMXL1",0.0502730059422722
"chr22-39464992-39465918","ENTHD1",0.0502726839039878
"chr7-6424101-6425006","RAC1",0.0502724543905672
"chr19-58097873-58098760","ZNF135",0.0502722274416759
"chr1-192516509-192517421","RGS1",0.0502685215467927
"chr6-36539978-36540904","STK38",0.0502663230611833
"chr10-15254518-15255095","NMT2",0.0502639282476006
"chr13-30647511-30648309","ALOX5AP",0.050261238267296
"chr19-44654101-44654996","RELB",0.0502608216487096
"chr11-111586146-111587023","LAYN",0.0502605005405328
"chr11-63891869-63892718","FLRT1",0.0502580606824435
"chr12-14961223-14962033","ERP27",0.0502571006353136
"chr22-42070425-42071295","XRCC6",0.0502557185992643
"chr13-76655995-76656860","KCTD12",0.0502538603621089
"chr17-43251254-43252151","LINC00910",0.0502516105055211
"chr2-230658955-230659741","ITM2C",0.0502515172391318
"chr22-31306411-31306990","EIF4ENIF1",0.0502503458880242
"chr1-109099764-109100611","SARS",0.0502501235391938
"chr8-65981793-65982662","DNAJC5B",0.0502481642969306
"chr5-172799900-172800818","ERGIC1",0.0502468919886762
"chrX-56364975-56365883","UBQLN2",0.0502465780472973
"chr1-26799867-26800687","ZNF683",0.0502456242546288
"chr2-71226832-71227725","ZNF638",0.050245261194404
"chr19-58097873-58098760","ZNF329",0.0502415812436677
"chr19-38559261-38560161","ACTN4",0.050240302507935
"chr19-6969928-6970784","ADGRE1",0.0502397120130391
"chr3-143182837-143183737","CHST2",0.0502356005114536
"chr17-58344179-58345133","TSPOAP1",0.0502355553074699
"chr20-43939044-43939887","HNF4A",0.050235165446754
"chr14-38092930-38093770","TTC6",0.0502336743601173
"chr12-10300972-10301824","KLRC3",0.0502299306005076
"chr2-112010543-112011449","MERTK",0.0502276764905582
"chr7-37759431-37760259","EPDR1",0.0502274723200976
"chr5-138369335-138370133","KDM3B",0.0502271909011876
"chr13-99204475-99205366","GPR18",0.0502245673941971
"chr3-13548748-13549455","FBLN2",0.0502219404989621
"chr2-7243159-7243983","CMPK2",0.0502211932162673
"chr20-1874615-1875518","SIRPB1",0.0502205469847431
"chr7-139875606-139876508","HIPK2",0.050218157571313
"chr19-37468822-37469735","ZNF420",0.0502169982378389
"chr9-94648944-94649846","FBP1",0.0502165292361246
"chr1-11790596-11791506","AGTRAP",0.0502143756090725
"chr19-38924142-38925044","SIRT2",0.0502090505715025
"chr19-7188480-7189349","ADGRE1",0.0502080245481486
"chr8-73880047-73880796","LY96",0.0502053090838954
"chr19-37077890-37078794","ZNF420",0.0502052346142677
"chr2-197378259-197379087","PLCL1",0.0502041985167877
"chr6-106715675-106716537","QRSL1",0.0502006607685277
"chr22-36936427-36937253","CSF2RB",0.0501948352635818
"chr11-72387782-72388680","INPPL1",0.0501921714295735
"chr2-218063312-218064186","TNS1",0.0501900934575812
"chr11-65043653-65044559","BATF2",0.0501891928786158
"chr22-37610595-37611435","TRIOBP",0.0501883877365951
"chr10-70494692-70495597","PALD1",0.0501866034311273
"chr19-1428797-1429555","ADAMTSL5",0.0501832049361024
"chr8-141010105-141010950","PTK2",0.0501818890121985
"chr5-132387581-132388288","P4HA2",0.0501808007700248
"chr12-124681074-124681981","SCARB1",0.0501802218868423
"chr1-23611686-23612512","MDS2",0.0501788975520815
"chr2-84782874-84783699","TMSB10",0.0501768756248727
"chr16-22296843-22297747","POLR3E",0.0501733745544711
"chr10-96720254-96721089","PIK3AP1",0.0501707700255462
"chr4-6885891-6886775","TBC1D14",0.0501665950960773
"chr19-35206249-35207102","GRAMD1A",0.0501642639210259
"chr2-69505463-69506343","ANXA4",0.050162153490111
"chr7-100379176-100379868","TRIP6",0.0501594158090526
"chr19-18518954-18519687","ELL",0.0501591306300522
"chr20-63860341-63861228","DNAJC5",0.0501571540625481
"chr12-110620120-110620704","TCTN1",0.0501562238741005
"chr18-11987354-11988234","TUBB6",0.0501561844770669
"chr19-2096259-2097126","LSM7",0.0501545934358866
"chr15-90325450-90326330","AP3S2",0.0501531038528278
"chr8-95018363-95019225","ESRP1",0.0501526538310195
"chr10-48684589-48685326","ARHGAP22",0.0501495335414742
"chr16-352426-353323","LUC7L",0.0501466231738549
"chr2-24123076-24123946","ITSN2",0.0501461164235527
"chr10-132319940-132320808","STK32C",0.0501452051802765
"chr8-20141290-20142017","ATP6V1B2",0.0501444780108336
"chr1-169309061-169309968","ATP1B1",0.0501418148877389
"chr2-111031727-111032442","MIR4435-2HG",0.0501402112413012
"chr16-11306931-11307834","TXNDC11",0.0501393304517773
"chr12-32027741-32028597","H3F3C",0.0501389875140474
"chr7-106284706-106285588","ATXN7L1",0.050138151825915
"chr1-206658135-206659037","MAPKAPK2",0.0501380555383343
"chr6-42441209-42441916","TRERF1",0.0501291108430815
"chr12-55996833-55997674","CD63",0.0501265960738747
"chr14-105800874-105801841","FAM30A",0.0501262204466381
"chr8-66027656-66028527","MTFR1",0.0501250512796695
"chr14-105577196-105578098","FAM30A",0.0501247011456742
"chr3-15797476-15798348","EAF1",0.0501243423777667
"chr20-43691662-43692531","MYBL2",0.0501236789344739
"chr6-159053542-159054440","SYTL3",0.0501235619786422
"chr11-73386955-73387796","FAM168A",0.0501200653072488
"chr2-133266281-133267101","NCKAP5",0.0501182486387492
"chr20-17530722-17531604","DSTN",0.0501180601118509
"chr19-926651-927470","SBNO2",0.0501162493232257
"chr19-4051628-4052293","ZBTB7A",0.0501160385720646
"chr12-105352130-105352543","C12orf45",0.0501156634044097
"chr17-68474062-68474856","LINC01482",0.050112897769555
"chr14-100214077-100214914","DEGS2",0.0501124619083822
"chr9-37370857-37371704","FBXO10",0.0501111005121503
"chr6-149261231-149262061","TAB2",0.050110886356553
"chr9-35619314-35620184","CCDC107",0.0501103297603041
"chr19-11462994-11463878","DOCK6",0.0501097488373306
"chr19-4539743-4540629","ZBTB7A",0.0501091074334389
"chr9-87424919-87425813","CTSL",0.0501063187048309
"chr12-121038656-121039571","OASL",0.0501051590367518
"chr2-55223166-55224073","EML6",0.050104634444631
"chr12-121143753-121144224","OASL",0.0501045217810896
"chr2-162113564-162114521","GCA",0.0500998925397737
"chr1-51690400-51691256","OSBPL9",0.050099654231924
"chr11-2836868-2837782","OSBPL5",0.050098160154221
"chr2-191128043-191128899","AC067945.4",0.0500967590357251
"chr19-36489144-36490030","ZNF567",0.050094611309386
"chr1-204520939-204521814","PIK3C2B",0.0500913221515263
"chr5-17255291-17256221","MYO10",0.0500913086198338
"chr12-95003273-95004164","NR2C1",0.0500902578032932
"chr12-66187596-66188214","HMGA2",0.0500876641163565
"chr10-124657647-124658517","FAM53B",0.0500857915396491
"chr5-157025029-157025915","HAVCR1",0.0500852186098501
"chr1-12157599-12158455","MFN2",0.0500851321942001
"chr3-196624395-196625106","PAK2",0.0500834363324438
"chr18-54239428-54239998","MBD2",0.0500813266517095
"chr19-44747084-44747908","CLASRP",0.0500794068409454
"chr11-62591291-62592171","B3GAT3",0.0500782247336242
"chr19-40433539-40434458","BLVRB",0.0500778864155834
"chr5-75077734-75078629","GCNT4",0.0500773929100006
"chr5-139389572-139390439","PSD2",0.0500773607392909
"chrX-124641677-124642572","SH2D1A",0.0500761316097639
"chr14-87959802-87960726","GPR65",0.0500754603837268
"chr18-3060829-3061678","LPIN2",0.0500744236721001
"chr6-105647968-105648859","PRDM1",0.0500727686563669
"chr7-150974249-150975148","ATG9B",0.0500712341321079
"chr17-39848335-39849224","GSDMB",0.0500670930059873
"chr16-12059094-12059684","SNX29",0.0500633933162779
"chr17-78388338-78389265","SYNGR2",0.0500632675381616
"chr1-41802669-41803560","HIVEP3",0.0500619220786795
"chr9-136959922-136960775","ABCA2",0.050057505799244
"chrX-23742865-23743738","ACOT9",0.0500572324423225
"chr1-168513022-168513924","XCL2",0.0500571186043091
"chr1-40341957-40342773","COL9A2",0.0500547362827136
"chr9-128455689-128456524","TRUB2",0.0500529006397529
"chr6-166587824-166588551","RNASET2",0.0500485430164067
"chr12-26195316-26196259","BHLHE41",0.0500453220188668
"chr6-43575626-43576498","POLH",0.0500370775894039
"chr12-120495602-120496480","DYNLL1",0.0500358448255425
"chr3-168095494-168096366","GOLIM4",0.0500346329665192
"chr2-96341834-96342683","DUSP2",0.0500330670500603
"chr12-6961075-6961976","LAG3",0.0500330466217168
"chr7-2720601-2721520","GNA12",0.0500327147401229
"chr1-41782864-41783772","FOXO6",0.0500319040965868
"chr12-47426623-47427515","ENDOU",0.0500307708359119
"chr1-93680511-93681275","BCAR3",0.0500302694418417
"chr11-94602477-94603404","PIWIL4",0.0500297002873088
"chr1-101309234-101310161","DPH5",0.0500288295110624
"chr17-65750348-65751216","AXIN2",0.050027249335503
"chr6-33620796-33621715","SYNGAP1",0.0500264909728342
"chr11-118229699-118230516","KMT2A",0.0500242563350169
"chr14-68741594-68742498","ZFP36L1",0.0500231812032923
"chr1-86441308-86442205","COL24A1",0.0500200217418513
"chr15-64283817-64284722","OAZ2",0.0500176400827134
"chr16-83744260-83745165","HSBP1",0.0500112977604041
"chr6-106844777-106845673","QRSL1",0.0500091716505307
"chr19-8423596-8424403","MARCH2",0.0500068879865585
"chr6-33027577-33028463","HLA-DQB2",0.0500008629071643
"chr16-50747229-50748073","NOD2",-0.0500263311987291
"chr1-27522279-27522950","STX12",-0.0500928576536482
"chrX-2630302-2631267","ARSD",-0.0501176723770872
"chr1-24481776-24482565","CLIC4",-0.0501965589974946
"chr13-48185983-48186816","RCBTB2",-0.0502154441281152
"chr6-159094224-159095068","DYNLT1",-0.0502223969177289
"chr12-122702949-122703853","HIP1R",-0.0502228700701248
"chr19-49969279-49969955","RPL13A",-0.0502468675833218
"chr8-60792550-60793451","RAB2A",-0.0502965994624087
"chr9-33226695-33227619","AQP3",-0.0503012501976408
"chr19-41810725-41811595","RPS19",-0.050323109951263
"chr19-47230057-47230794","NAPA",-0.0503310936285782
"chr5-132747041-132747845","P4HA2",-0.0503941759387306
"chr17-74690210-74691105","SLC9A3R1",-0.0503953328823776
"chr22-37218643-37219563","CYTH4",-0.0504212228006207
"chr22-38981862-38982732","RPL3",-0.0504707450676816
"chr1-155976205-155977030","LMNA",-0.0505108925674044
"chr19-48860051-48860731","RPL18",-0.0505163533484889
"chr12-6550115-6550991","CD27",-0.0505208383420374
"chr10-71627730-71628627","SPOCK2",-0.050536848012234
"chr11-65290458-65291341","SLC25A45",-0.0505586537033274
"chr3-52914997-52915848","SFMBT1",-0.0505755093151395
"chr19-16368829-16369564","TPM4",-0.0505770760427839
"chr6-35731397-35732276","MAPK14",-0.0506823069792021
"chr4-119212192-119213086","SEC24D",-0.050695745927114
"chr15-59792019-59792834","MYO1E",-0.0507130348035749
"chr1-241676951-241677838","KMO",-0.0507367301350745
"chr12-95548382-95549247","HAL",-0.0507498934790328
"chr19-41808712-41809606","RPS19",-0.0508363273446504
"chr5-175853359-175854255","SFXN1",-0.0508941533096131
"chr22-45318044-45318865","KIAA0930",-0.050959196162038
"chr12-49673624-49674480","TUBA1A",-0.051004583817199
"chr7-43586319-43586696","BLVRA",-0.0510129223245117
"chr14-89493813-89494702","FOXN3",-0.0510172568332899
"chr19-49500598-49501497","AP2A1",-0.0510359320448517
"chr13-46593123-46594024","LCP1",-0.0510456537666211
"chr4-54942443-54943210","TMEM165",-0.0510536861253056
"chr4-184813123-184814040","SNX25",-0.0510623374161212
"chr3-53162966-53163783","TKT",-0.0510931194368659
"chr19-16070214-16071116","HSH2D",-0.0511004458129923
"chr7-22577487-22578320","TOMM7",-0.051238177983438
"chr5-150124128-150124871","RPS14",-0.0512393528667744
"chr12-123075516-123076384","HCAR3",-0.0512628251771156
"chr19-47778121-47779040","C5AR2",-0.0512784111798959
"chr19-49745903-49746790","RPL13A",-0.051333110237436
"chr20-3797584-3798407","C20orf194",-0.0513460521921634
"chr1-86774067-86774959","ODF2L",-0.0513670660150291
"chr10-6151045-6151975","PRKCQ-AS1",-0.0513723910936132
"chr1-181395962-181396907","IER5",-0.0513733702125261
"chr1-146037642-146038430","NBPF10",-0.0513798924900411
"chr19-7345270-7346162","MCOLN1",-0.0513917023590525
"chr15-64894656-64895271","PLEKHO2",-0.051392951332184
"chr17-78198678-78199600","TNRC6C-AS1",-0.0513992146827994
"chr13-30712863-30713736","ALOX5AP",-0.0514225201275418
"chr5-151215212-151215932","ANXA6",-0.0514628675310706
"chr11-75265725-75266629","RPS3",-0.0514666782282109
"chr17-42928588-42929274","RPL27",-0.0515295616158684
"chr5-180820714-180821600","RACK1",-0.0515666820681081
"chr11-61083338-61084158","SLC15A3",-0.0516045352334895
"chr7-151088771-151089497","GIMAP5",-0.0516627716386263
"chr6-119076255-119077069","MAN1A1",-0.0516684042928948
"chr3-52062198-52063110","RPL29",-0.0517554654928378
"chr5-177510407-177511307","FAM153A",-0.0517847422810389
"chr22-38953719-38954616","DDX17",-0.0517949380781715
"chr12-55996833-55997674","DGKA",-0.0517994804767913
"chr22-31230469-31231178","SFI1",-0.0518416133322108
"chr11-65610733-65611607","FAU",-0.0518683190772298
"chr22-36860529-36861448","IL2RB",-0.0518961436282772
"chr11-2933065-2933914","NAP1L4",-0.0518998809148549
"chr5-132472745-132473632","SLC22A4",-0.051900708283145
"chr7-43648456-43649160","BLVRA",-0.0519707653759821
"chr6-33343580-33344436","HLA-DMA",-0.0519794658460115
"chr20-59004582-59005499","ZNF831",-0.0519831046075664
"chr7-2641152-2642019","CARD11",-0.0521001164293645
"chr20-1943404-1944242","SIRPG",-0.0521258235210433
"chr8-70631100-70632004","NCOA2",-0.0521406108576984
"chr17-78541571-78542451","TMC6",-0.0521813817327771
"chr19-15835753-15836358","TPM4",-0.0522134527947094
"chr7-150435281-150436181","GIMAP1",-0.0522195968337255
"chr3-195549854-195550779","TNK2",-0.0522260824382853
"chr4-184856011-184856922","SNX25",-0.0522414385048494
"chr17-78143985-78144853","TMC8",-0.052263593312671
"chr21-45615079-45615994","SLC19A1",-0.0522691687716263
"chr1-1201058-1201928","HES4",-0.0522983146371959
"chr4-184896648-184897566","SNX25",-0.0523128852080974
"chr6-158653314-158654208","TAGAP",-0.0523297119509381
"chr17-76193472-76194310","RHBDF2",-0.0523590964510967
"chr1-1137006-1137777","HES4",-0.0523852129399421
"chr1-154720631-154721501","PBXIP1",-0.0524057863653474
"chr22-37574312-37575211","RAC2",-0.0524603856263916
"chr10-88759410-88760325","STAMBPL1",-0.0524874796641006
"chr6-42025151-42026021","TRERF1",-0.0524909739129562
"chr1-44826245-44827162","RPS8",-0.0525707735854877
"chr17-81308904-81309786","ACTG1",-0.0526118039145231
"chr11-503103-503959","IFITM1",-0.0526285138189451
"chr8-129939426-129940316","CCDC26",-0.0527019846022631
"chr19-10553741-10554643","C19orf38",-0.0527081764256618
"chr20-63612078-63612959","STMN3",-0.052726710346501
"chr3-53249521-53250399","SFMBT1",-0.0527306957217288
"chr12-4215039-4215928","CCND2",-0.0527805488480643
"chr12-54382796-54383714","HNRNPA1",-0.0528054465520651
"chr11-66020737-66021543","PACS1",-0.0528238285572907
"chr6-33344919-33345699","HLA-DMB",-0.0528653973123287
"chr14-91392680-91393552","TC2N",-0.0528870320581762
"chr19-8577201-8577716","RPS28",-0.0529010708619461
"chr17-81049830-81050701","ACTG1",-0.0529027441497502
"chr19-47572836-47573724","C5AR2",-0.0529245514731013
"chr6-158808692-158809575","DYNLT1",-0.0529400906395397
"chr10-102449285-102449875","TRIM8",-0.05294309412671
"chr19-17777944-17778857","RPL18A",-0.0529639548948439
"chr11-61101944-61102839","VPS37C",-0.0530000121272091
"chr19-1213648-1214571","RPS15",-0.053010841022184
"chr19-18401493-18402390","UBA52",-0.0530325889767935
"chr12-29380781-29381631","FAR2",-0.0531311386376951
"chr18-2846575-2847454","MYL12A",-0.0531313322166021
"chr6-42770894-42771807","CNPY3",-0.0531907740481702
"chr1-12183938-12184863","DHRS3",-0.0532330176151167
"chr17-76240113-76241029","RHBDF2",-0.0532443312732609
"chr13-48185983-48186816","RB1",-0.0532506042449304
"chr8-20251511-20252423","CSGALNACT1",-0.0532511977143364
"chr9-133476291-133477137","RPL7A",-0.0532956277786099
"chr5-150406830-150407642","RPS14",-0.0533659103132137
"chr21-33361953-33362739","ITSN1",-0.0534487432397776
"chr3-197542522-197543376","RPL35A",-0.0534532563002626
"chr2-98507947-98508350","MGAT4A",-0.053466390108862
"chr2-37376121-37377007","CDC42EP3",-0.0534769667624443
"chr18-76965475-76966366","MBP",-0.0535162322619626
"chr6-31768432-31769205","HLA-B",-0.0535251982164041
"chr17-7383816-7384720","ASGR1",-0.0536440296190441
"chr11-65546202-65547094","AP5B1",-0.0536846556456967
"chr17-82317092-82317979","SLC16A3",-0.0537364427606201
"chr6-6613945-6614732","F13A1",-0.053748905286679
"chr10-110783242-110784149","SHOC2",-0.0537837239384735
"chr2-73269050-73269947","SFXN5",-0.053808262067698
"chr11-65424882-65425686","EHBP1L1",-0.0538339276216195
"chr7-150974249-150975148","SMARCD3",-0.0538655700754657
"chr3-114214766-114215685","ATP6V1A",-0.0539073541967206
"chr12-121589919-121590639","CAMKK2",-0.0539212777651417
"chr19-41626696-41627596","CEACAM21",-0.0539967257028777
"chr2-191128043-191128899","STAT1",-0.0540046048495844
"chr3-15098686-15099579","EAF1",-0.0540084454798975
"chr17-74238975-74239872","RPL38",-0.0540128964920495
"chr9-128097958-128098854","SPTAN1",-0.0540300322991583
"chr1-24486084-24486971","CLIC4",-0.0540476267170838
"chr18-322234-323072","ENOSF1",-0.0541177280366128
"chr11-65639407-65640228","AP5B1",-0.0541553662277008
"chr20-63553096-63553941","DNAJC5",-0.0541583215702242
"chr3-129121559-129122444","PLXND1",-0.0542058786385143
"chr11-66371386-66372262","FOSL1",-0.0542176565869663
"chr3-12353598-12354384","RPL32",-0.0542237215889277
"chr19-926651-927470","GZMM",-0.0542252565459649
"chr17-4766092-4766894","PFN1",-0.0542273492583952
"chr11-65546202-65547094","EHBP1L1",-0.0542300322571924
"chr20-63635403-63636170","DNAJC5",-0.0543390268089952
"chr7-151349713-151350644","SMARCD3",-0.0544058394391817
"chr16-19167386-19168233","RPS15A",-0.0544117341960927
"chr17-40565057-40565940","RARA",-0.0544581697967479
"chr11-8327493-8328284","RPL27A",-0.0544886549832773
"chr5-132747041-132747845","SLC22A4",-0.0545045829851737
"chr9-133341557-133342412","RPL7A",-0.054584550609906
"chr19-1401120-1401963","MIDN",-0.0545967185258827
"chr3-141552810-141553678","ATP1B3",-0.0546128608557458
"chr17-39629674-39630541","RPL19",-0.0546436018672796
"chr12-112599764-112600588","RPL6",-0.0546449308480925
"chr14-89383734-89384612","FOXN3",-0.0546900195666385
"chr8-27490809-27491617","PTK2B",-0.054810813995256
"chr9-124392121-124392936","RPL35",-0.0549018828549767
"chr11-67436846-67437753","ANKRD13D",-0.0549174891343214
"chr3-114213462-114214340","ATP6V1A",-0.0549364040574252
"chr14-75247222-75248114","LINC01220",-0.0549546607910118
"chr22-38964697-38965326","RPL3",-0.0549718609375567
"chr1-148372501-148373252","NBPF14",-0.0549724441143721
"chr11-67436846-67437753","KDM2A",-0.0549844406229329
"chr2-26008681-26009559","DTNB",-0.0549925787233274
"chr19-18127797-18128698","RPL18A",-0.0550529585148059
"chr2-218879922-218880852","CYP27A1",-0.0550892508313499
"chr19-49515552-49516448","FLT3LG",-0.0551035177789955
"chr1-150281965-150282773","ADAMTSL4",-0.0551517574480219
"chr19-45769037-45769826","ERCC1",-0.0551558129030739
"chr6-159094224-159095068","SYTL3",-0.0551705187135541
"chr19-35211729-35212543","FFAR2",-0.0552473125966138
"chr5-157271525-157272425","HAVCR2",-0.0553258881793059
"chrX-154408859-154409747","RPL10",-0.0553547107283834
"chr9-33447212-33448073","UBE2R2",-0.0554026819179018
"chr19-49500598-49501497","ATF5",-0.0554079764425176
"chr3-122767593-122768461","PARP15",-0.0554190993415242
"chr17-7466426-7467317","ACAP1",-0.0554339901012961
"chr19-18677706-18678616","UBA52",-0.0554384675519199
"chr7-150435281-150436181","GIMAP4",-0.055464923838348
"chr2-191206347-191207283","STAT1",-0.0554747076603815
"chr3-122233149-122233962","PARP15",-0.0555316344655254
"chr10-31582591-31583192","ZEB1",-0.0555459864156298
"chr15-60592160-60593059","ANXA2",-0.0555762207558473
"chr12-121589919-121590639","P2RX7",-0.0555972598058952
"chr5-177306771-177307656","FAM153A",-0.055607627953181
"chr2-29011308-29012146","PPP1CB",-0.0556233922944418
"chr10-102450130-102451004","TRIM8",-0.0556449016426588
"chr8-129939426-129940316","FAM49B",-0.0556468494171108
"chr6-111405949-111406833","SLC16A10",-0.0557052405033823
"chr11-65553093-65553970","AP5B1",-0.055719742203531
"chr3-196179440-196180332","NRROS",-0.055743220593391
"chr15-38564060-38564327","SPRED1",-0.0557573720806239
"chr17-74599199-74599994","RPL38",-0.0557746865804096
"chr10-31603165-31604075","ZEB1",-0.0558623881222434
"chr19-1081873-1082752","MIDN",-0.0558731962902234
"chr17-81393563-81394372","ACTG1",-0.0558794737871809
"chr11-9038457-9039170","RPL27A",-0.0558886108855653
"chr1-154720631-154721501","ATP8B2",-0.0558920832504399
"chr9-121132865-121133762","GSN",-0.0560184744889567
"chr17-74520695-74521115","RPL38",-0.0560323291251276
"chr19-1882181-1883023","MOB3A",-0.0560430696513403
"chr12-64684404-64685298","TBK1",-0.0560972967605385
"chr17-82217554-82218300","CD7",-0.0561181713236142
"chr14-50038381-50039274","RPL36AL",-0.0562041567802749
"chr19-40662646-40663515","BLVRB",-0.0562069033187609
"chr19-6104650-6105481","RPL36",-0.0562673050700847
"chr16-53456302-53457098","CHD9",-0.0563481463794428
"chr19-49515552-49516448","NOSIP",-0.0563594176675012
"chr19-41626696-41627596","CD79A",-0.0566611119183143
"chr16-53091666-53092475","RBL2",-0.0566790471150416
"chr3-72163699-72164525","EIF4E3",-0.0566806943371459
"chr11-8331908-8332796","RPL27A",-0.056710458083005
"chr7-2693587-2694453","CARD11",-0.0567313495670362
"chr20-1392661-1393558","SIRPD",-0.0567469717162769
"chr11-65859172-65859940","FOSL1",-0.0567700952734295
"chr5-150398548-150399350","RPS14",-0.0567997420689716
"chr7-77354214-77355080","GSAP",-0.0568218005815378
"chr1-44676372-44676966","RPS8",-0.0568385650488926
"chr17-1293922-1294794","PITPNA",-0.0568549970997384
"chr20-50308288-50309209","BCAS4",-0.0568846455321262
"chr12-64674288-64675142","GNS",-0.0569204720307518
"chr19-660101-660886","ARID3A",-0.0569301257641387
"chr11-65316463-65317062","FAU",-0.0570554067774342
"chr9-133130685-133131587","SLC2A6",-0.0570975642986246
"chr9-133144049-133144947","SLC2A6",-0.0571045094562707
"chr14-75002327-75003241","LINC01220",-0.0571071434332541
"chr10-32318270-32319128","CCDC7",-0.0571135084124686
"chr8-55883668-55884509","RPS20",-0.0571294543086216
"chr17-78592137-78593016","TMC6",-0.0572340190858434
"chr17-78442410-78443321","TNRC6C-AS1",-0.0572371850909396
"chr18-23512307-23513118","TTC39C",-0.0572715486664987
"chr21-33384631-33385468","IFNGR2",-0.0572798478394244
"chr1-24964764-24965663","CLIC4",-0.057299775989249
"chr17-8420181-8421032","RPL26",-0.0573805868165986
"chr17-7969201-7970116","RPL26",-0.0573921033163703
"chr15-90098841-90099671","IQGAP1",-0.0573928750878187
"chr9-133676849-133677743","SLC2A6",-0.0574106782332391
"chr16-89360739-89361622","CBFA2T3",-0.0574163414430173
"chr11-65639407-65640228","FOSL1",-0.0574277416222832
"chr11-64654894-64655780","FAU",-0.0574301416169236
"chr19-51417205-51418041","NKG7",-0.0574309595414944
"chr4-153115696-153116520","TMEM154",-0.0574561622183046
"chr2-218896448-218897288","CYP27A1",-0.0575133600357758
"chr1-24506583-24507324","CLIC4",-0.0575612403566943
"chr14-90630117-90631009","CALM1",-0.0576167373624173
"chr20-63803384-63804336","STMN3",-0.0576622226974615
"chr19-18514627-18515518","UBA52",-0.0576707303021114
"chr20-1844446-1845348","SIRPG",-0.0576762677197538
"chr5-40355934-40356763","RPL37",-0.0578150107639699
"chr1-233112742-233113601","PCNX2",-0.0578844502695395
"chr17-7557971-7558686","ACAP1",-0.0579787946927588
"chr9-133683383-133684240","SLC2A6",-0.0580348123749693
"chr3-195549854-195550779","ACAP2",-0.0580553685970919
"chr17-76751746-76752479","RHBDF2",-0.0580735063534655
"chr20-62675159-62676044","RPS21",-0.058074350036369
"chr19-1851633-1852536","MOB3A",-0.0581020668066587
"chr17-2263094-2263797","RAP1GAP2",-0.0581222759258715
"chr11-66467815-66468468","PACS1",-0.0581423850637915
"chr2-101716898-101717764","RNF149",-0.058282593432959
"chr6-30781573-30782454","LINC00243",-0.058312081989407
"chr20-1537422-1538182","SIRPG",-0.0583911351547822
"chr10-11150323-11151203","USP6NL",-0.0583979728211066
"chr11-2217004-2217808","KCNQ1",-0.0584271268098456
"chr1-161083173-161084092","SLAMF1",-0.0584331630235944
"chr19-14090548-14091426","PRKACA",-0.0584770939058416
"chr4-107824505-107825371","LEF1-AS1",-0.0584939644167682
"chr17-81923365-81924155","ACTG1",-0.0585024941620923
"chr2-98465563-98466334","TMEM131",-0.0585030759825614
"chr10-71852418-71853154","SPOCK2",-0.0585602682593537
"chr17-7887231-7888088","TNFSF13",-0.0585774021857305
"chr6-41705818-41706718","CCND3",-0.0586057355383156
"chr12-122702949-122703853","PITPNM2",-0.0587390590534586
"chr1-116986897-116987682","CD58",-0.058781512497379
"chr22-37121918-37122818","NCF4",-0.0588306566199443
"chr20-1265944-1266768","SIRPD",-0.0588550095242258
"chr2-162011419-162012325","GCA",-0.0589246562025788
"chr18-49249279-49250160","RPL17",-0.0589612190397439
"chr9-128097958-128098854","FAM102A",-0.0590048939538445
"chr15-88904373-88905276","ABHD2",-0.0590522398500803
"chr19-49911094-49911993","RPS11",-0.0590837439089607
"chr1-9728386-9729313","KIF1B",-0.0591030192208923
"chr14-73591697-73592625","PSEN1",-0.0591187387801419
"chr15-88627188-88628091","ABHD2",-0.0591315847685936
"chr17-78198678-78199600","TMC6",-0.0591432534179588
"chr19-17579519-17580444","RPL18A",-0.0591740375849297
"chr12-9741487-9742392","GABARAPL1",-0.0591903560109904
"chr17-42249835-42250677","ATP6V0A1",-0.059281918500644
"chr12-121793883-121794709","CAMKK2",-0.0592958418440389
"chr11-65362217-65363135","MALAT1",-0.0593279565083223
"chr19-35210486-35211335","FFAR2",-0.0593673398933755
"chrX-119782814-119783715","RPL39",-0.0593727379909239
"chr6-32153824-32154409","HLA-DQA1",-0.0593976546580474
"chr3-32459872-32460783","CMTM6",-0.0594660817487966
"chr22-41939818-41940699","NAGA",-0.0595140253062011
"chr12-6635428-6636189","CD4",-0.0595193555282459
"chr11-57530484-57531377","SERPING1",-0.0596330397338311
"chr19-48513443-48514311","PPP1R15A",-0.0596465306393214
"chr10-42637927-42638765","CSGALNACT2",-0.0596544903401431
"chr22-37121918-37122818","CYTH4",-0.059830117483069
"chr1-161083173-161084092","TSTD1",-0.0598599770348354
"chr17-82241339-82242209","CD7",-0.0599368872521245
"chr11-61041944-61042863","VPS37C",-0.0599801020093142
"chr19-555687-556582","GZMM",-0.0600281969738106
"chr4-1300770-1301664","SPON2",-0.0600446040865012
"chr22-36454737-36455658","CSF2RB",-0.0600765209842128
"chr20-3798960-3799768","SIGLEC1",-0.0600854588255974
"chr14-92748204-92749077","RIN3",-0.0601604370576208
"chr1-154328236-154329140","IL6R",-0.0602833849786156
"chr2-65057352-65058083","RAB1A",-0.0602934477584329
"chr20-1820452-1821349","SIRPG",-0.0602999505096221
"chr6-31901793-31902592","AIF1",-0.0603431805684623
"chr9-133702264-133703136","SLC2A6",-0.0603527337433257
"chr15-38651192-38652053","SPRED1",-0.0604370721691031
"chr14-65044297-65045181","FUT8",-0.0604438494742728
"chr1-9849956-9850812","KIF1B",-0.0605017583139344
"chr9-89815625-89816539","SEMA4D",-0.0605177880881441
"chr6-37516220-37517047","ZFAND3",-0.0605630269850203
"chr22-37121918-37122818","CSF2RB",-0.0607004876020328
"chr9-97904720-97905538","TBC1D2",-0.0607087192646889
"chr19-14784652-14785568","TECR",-0.0607234966393212
"chr6-6658616-6659478","LY86",-0.0607292353188111
"chr6-111086963-111087868","CDK19",-0.0607780840052671
"chr1-150563118-150563939","ADAMTSL4",-0.0608050137928612
"chr19-53823952-53824843","ZNF331",-0.0608091800294598
"chr1-17011496-17012373","PADI4",-0.0608994920365963
"chr4-153114501-153115269","TMEM154",-0.0609350065754154
"chr1-121519112-121519952","FCGR1B",-0.0609515764014912
"chr13-30712863-30713736","HMGB1",-0.0609593008472323
"chr19-7868954-7869897","STXBP2",-0.0610449409687301
"chr19-46713912-46714782","PTGIR",-0.0610545883025465
"chr7-43649571-43650410","BLVRA",-0.0610739829832544
"chr19-49515552-49516448","RPS11",-0.061110269375514
"chr2-218892455-218893367","CYP27A1",-0.0611139268445524
"chr17-78174212-78175058","TMC8",-0.0611832292310728
"chr1-160346542-160347490","LY9",-0.0612103584562106
"chr11-47862980-47863873","PTPRJ",-0.0612354008977986
"chr8-27405170-27406014","PTK2B",-0.0613067504525071
"chr22-37218643-37219563","CSF2RB",-0.0613866130977404
"chr17-7579041-7579956","ACAP1",-0.0614129445176038
"chr1-160795613-160796532","USF1",-0.0614633138280885
"chr11-12195586-12196374","MICAL2",-0.0615027980132493
"chr17-81150398-81151301","ACTG1",-0.0615221143586738
"chr17-82317092-82317979","MAFG",-0.0615858728917944
"chr19-16371275-16372195","HSH2D",-0.0616819925442031
"chr12-64674288-64675142","TBK1",-0.0617360263284184
"chr7-100220976-100221895","ZCWPW1",-0.0617626739255322
"chr22-45172671-45173544","KIAA0930",-0.0617986232785595
"chr17-64025436-64026266","MILR1",-0.0618031938347769
"chr8-27319679-27320564","PTK2B",-0.0618047926902291
"chr4-26583494-26584421","RBPJ",-0.0618485848500407
"chr17-76752957-76753724","SEC14L1",-0.0618494504189607
"chr9-127578725-127579629","FAM102A",-0.061867910953866
"chr7-150787420-150788313","GIMAP7",-0.0618738364041937
"chr22-37218643-37219563","LGALS1",-0.0619169771849499
"chr5-151208815-151209582","ANXA6",-0.0619261035042735
"chr9-133702264-133703136","VAV2",-0.0619556271191638
"chr16-53457499-53458327","CHD9",-0.0619586955518399
"chr5-55534484-55535334","IL31RA",-0.0619697139445747
"chr2-191115423-191116139","STAT1",-0.0619759382153177
"chr19-859131-859923","GZMM",-0.0619915948018766
"chr19-7868954-7869897","MCOLN1",-0.0620032575321084
"chr11-749616-750424","RPLP2",-0.0620208597699934
"chr15-69608942-69609701","RPLP1",-0.0620654119642831
"chr12-121672310-121673010","CAMKK2",-0.0621702813118753
"chr1-89608147-89608842","LRRC8D",-0.0622936957754496
"chr7-150489516-150490401","GIMAP5",-0.0623232720648115
"chr15-38652767-38653640","SPRED1",-0.0623477532235762
"chr20-1491212-1492044","SIRPG",-0.062399592388513
"chr19-40803556-40804464","BLVRB",-0.0624060441917765
"chr17-29126210-29127095","RPL23A",-0.0624797824269647
"chr3-43477332-43478208","ABHD5",-0.0625303362444161
"chr20-59253257-59254046","CTSZ",-0.0627312213867184
"chr19-12782069-12782992","MAN2B1",-0.062773524581334
"chr11-568160-569085","LINC01001",-0.0628050724899721
"chr6-32153824-32154409","HLA-DRB5",-0.0628334604140301
"chr17-78143985-78144853","TNRC6C",-0.0628611843274997
"chr11-65546202-65547094","FOSL1",-0.0628810010814329
"chr17-64025436-64026266","PECAM1",-0.062948500091855
"chr2-70084756-70085539","MXD1",-0.0629853873506542
"chr17-74512358-74513258","RPL38",-0.0630535407678579
"chr10-71775028-71775937","SPOCK2",-0.0630640821783223
"chr6-11709904-11710787","NEDD9",-0.0632940584310444
"chr11-503103-503959","RPLP2",-0.0633920132491431
"chr17-81422788-81423672","ACTG1",-0.0634572384667516
"chr17-82170151-82171047","CD7",-0.0634834174075207
"chr11-65403333-65404226","CTSW",-0.0634903411441074
"chr10-78259150-78260035","RPS24",-0.0635088660998441
"chr16-10628759-10629641","ATF7IP2",-0.063514371270074
"chr17-74639468-74640391","RPL38",-0.06359283305753
"chr7-150974249-150975148","TMEM176A",-0.0636267359734899
"chr12-6426757-6427603","LTBR",-0.0636779997303029
"chr12-56683897-56684724","STAT2",-0.063770994643081
"chr3-42502132-42502985","TRAK1",-0.0637945577425579
"chr14-61342229-61343114","HIF1A",-0.0637998956875675
"chr7-100344603-100345559","ZCWPW1",-0.0639533461321479
"chr11-66257054-66257926","AP5B1",-0.063964372622059
"chr2-101716898-101717764","TBC1D8",-0.0639808432358955
"chr18-2844917-2845751","MYL12A",-0.0640243837953874
"chr12-121240266-121241168","OASL",-0.0640647623474963
"chr16-88619691-88620599","CBFA2T3",-0.0641387045501506
"chr3-52455051-52455953","STAB1",-0.0642488387393316
"chr11-65308144-65308983","FAU",-0.0642706923857625
"chr19-919873-920684","MIDN",-0.0642766323574125
"chr3-13012287-13013031","RPL32",-0.064276945714577
"chr9-127835525-127836426","RPL12",-0.0643426909735852
"chr11-117906951-117907853","CD3G",-0.0644190172380289
"chr6-31307875-31308678","LST1",-0.0644395054932692
"chr1-116346915-116347704","SLC22A15",-0.0645950874922434
"chr1-16913639-16914526","PADI4",-0.0646960525084981
"chr17-77869429-77870328","TMC8",-0.0648244417853614
"chr20-62603323-62604134","RPS21",-0.0649856651507384
"chr14-90087167-90088083","CALM1",-0.0650217533997952
"chr1-26015105-26015986","CD52",-0.0650940144691305
"chr14-75247222-75248114","FLVCR2",-0.0652432698553467
"chr20-62805868-62806603","RPS21",-0.0652538500038599
"chr7-150676544-150677380","TMEM176B",-0.065288301546803
"chr20-1946458-1947282","SIRPG",-0.0652895677436949
"chr9-127519059-127519973","RPL12",-0.0654443079929404
"chr20-63873173-63874060","LIME1",-0.0654755670416637
"chr17-7114628-7115534","ACAP1",-0.0655611419094114
"chr9-33415210-33416114","UBE2R2",-0.0656153160416506
"chr12-10186114-10186944","KLRK1",-0.0656499747795125
"chr14-61337539-61338425","HIF1A",-0.065728507562496
"chr11-65941022-65941956","CTSW",-0.0657534875943559
"chr8-60851644-60852554","CHD7",-0.0659056062233626
"chr19-6076808-6077701","RPL36",-0.0659932546942807
"chr22-38926949-38927863","RPL3",-0.066017153248363
"chr17-7625968-7626691","ACAP1",-0.0661012816997729
"chr16-3215032-3215933","MEFV",-0.0662427640425877
"chr8-17923864-17924602","ASAH1",-0.0662522165390527
"chr9-136106891-136107662","NACC2",-0.0663180463170416
"chr6-44064161-44065085","HSP90AB1",-0.0665353821108577
"chrX-154542876-154543548","RPL10",-0.0665525242621849
"chr16-89096725-89097647","CBFA2T3",-0.0665872433938972
"chr2-113174980-113175793","IL1B",-0.0665912735056351
"chr20-1944840-1945767","SIRPG",-0.0666747570413891
"chr17-76256367-76257240","RHBDF2",-0.0667709459320263
"chr19-10603164-10603868","LDLR",-0.0668010544618181
"chr20-32536092-32536923","TM9SF4",-0.0668166611061073
"chr11-60912000-60912890","SLC15A3",-0.0668377560148815
"chr7-2647339-2648246","CARD11",-0.0668875831689038
"chr1-116345565-116346414","CD58",-0.0669781549085257
"chr19-55323013-55323893","RPL28",-0.0669902670310477
"chr1-150151188-150152020","PLEKHO1",-0.0669960005255777
"chr20-3798960-3799768","RNF24",-0.0671514061045311
"chr20-3093330-3094134","C20orf194",-0.0672634698818463
"chr19-8567478-8568311","RPS28",-0.0673143863473796
"chr11-65941022-65941956","PACS1",-0.0673864793599935
"chr9-136403361-136404188","NACC2",-0.0674586390133008
"chr19-17557338-17558140","RPL18A",-0.0674790342311373
"chr1-9717314-9718205","KIF1B",-0.0674857045639581
"chr19-510616-511501","ARID3A",-0.0675715836558635
"chr4-7939410-7940284","SH3TC1",-0.067603532176417
"chr10-30701287-30702172","ZNF438",-0.067654471107849
"chr17-82440331-82441228","CD7",-0.0677625675189558
"chr19-16565904-16566815","HSH2D",-0.0678057376001367
"chr15-63191746-63192607","USP3",-0.0678742509601767
"chr14-61280437-61281268","HIF1A",-0.0678874808373473
"chr17-78412797-78413661","TMC8",-0.0679223022429405
"chr16-11254591-11255371","CIITA",-0.0679555195729487
"chr17-74972332-74973189","CD300LF",-0.0679982472559205
"chr4-108172787-108173619","SGMS2",-0.0680088396778011
"chr1-182615846-182616711","NPL",-0.0681095979549806
"chr17-74531901-74532772","RPL38",-0.0682021339985097
"chr22-37218643-37219563","LGALS2",-0.0682476575617306
"chr14-102139313-102140201","RCOR1",-0.0683532407733759
"chr20-63612078-63612959","LIME1",-0.0683850054716795
"chr4-83212161-83213074","GPAT3",-0.0684284076222113
"chr15-90934843-90935752","FES",-0.0684877074094597
"chr2-63855961-63856856","PELI1",-0.0685451701736509
"chr15-60580370-60581273","ANXA2",-0.0685897996690744
"chr19-49897544-49898341","RPL13A",-0.0685959358753008
"chr20-32154901-32155818","NOL4L",-0.0687327754725607
"chr1-211613106-211613994","TRAF5",-0.0688399786897873
"chr2-101703393-101704210","TBC1D8",-0.068873469800095
"chr8-130068004-130068912","FAM49B",-0.0688989915997181
"chr17-78442410-78443321","TMC6",-0.0690148625143152
"chr11-65639407-65640228","EHBP1L1",-0.0690369180820154
"chr1-26647809-26648702","CD52",-0.0690824968197786
"chr7-2870266-2871159","CARD11",-0.0691245529941393
"chr14-92322931-92323845","TC2N",-0.0691491063506504
"chr19-35248219-35249092","FFAR2",-0.0691637511644239
"chr15-63191746-63192607","LACTB",-0.0691877912099011
"chr11-61163925-61164849","CD5",-0.0692933686039543
"chr19-43468839-43469598","PLAUR",-0.0693830734880061
"chr9-133676849-133677743","VAV2",-0.0693921114854415
"chr19-41966858-41967755","RPS19",-0.0694358386049264
"chr1-243495674-243496575","AKT3",-0.0694587263584399
"chr12-96445498-96446388","LTA4H",-0.069620923269451
"chr17-4175933-4176867","P2RX1",-0.0696924092822202
"chr11-117906951-117907853","CD3E",-0.0697489123314347
"chr14-70998914-70999801","SIPA1L1",-0.0698501344687234
"chr8-55972691-55973584","RPS20",-0.069899769124389
"chr12-64669084-64669969","GNS",-0.0699093966331087
"chr1-150563118-150563939","MCL1",-0.0699723475237722
"chr22-37149599-37150514","CSF2RB",-0.0699887201456699
"chr3-53045961-53046882","PRKCD",-0.069992532921301
"chr17-73969662-73970566","RPL38",-0.0700958436292175
"chr19-55604999-55605892","TMEM150B",-0.0701354107945937
"chr1-154453155-154453933","RPS27",-0.0701521203758094
"chr17-1293922-1294794","ABR",-0.0702453295136606
"chr10-72334737-72335570","MICU1",-0.0702626926171143
"chr17-76492925-76493741","RNF157",-0.0702972658132027
"chr15-38670357-38671205","SPRED1",-0.070319149307093
"chr17-7094027-7094901","ACAP1",-0.0703405373490702
"chr19-10603164-10603868","ICAM1",-0.0704791471901494
"chr17-38700597-38701387","RPL19",-0.0705264718533249
"chr11-65487357-65488225","CTSW",-0.0705604087893449
"chr17-74545606-74546477","RPL38",-0.0706647252970822
"chr15-38072287-38073000","RASGRP1",-0.0706829829665269
"chr12-14394403-14395291","PLBD1",-0.0707032892044253
"chr1-24910850-24911749","CLIC4",-0.0708717431869131
"chr19-18173094-18173997","RPL18A",-0.0709677417252434
"chr19-45468967-45469782","ERCC1",-0.071012199527703
"chr17-5500703-5501553","SCIMP",-0.0710166788118824
"chr4-40630357-40631136","RHOH",-0.071037469368095
"chr11-61101944-61102839","SLC15A3",-0.071119813734406
"chr1-206516039-206516906","FCMR",-0.0711938815862768
"chr17-67104952-67105755","PITPNC1",-0.0712019261936725
"chr11-65424882-65425686","FOSL1",-0.071218847261825
"chr17-39001949-39002644","RPL19",-0.0713414853918071
"chr7-150435281-150436181","GIMAP5",-0.0715495313596337
"chr14-75249278-75250199","LINC01220",-0.0716977981235625
"chr19-51784714-51785619","NKG7",-0.0717905915289755
"chr1-246961718-246962611","SMYD3",-0.0718378608117178
"chr11-60985918-60986814","VPS37C",-0.0719470580173106
"chr20-63686404-63687308","LIME1",-0.0720211061998215
"chr19-42201461-42202251","RPS19",-0.0720257593597036
"chr6-33343580-33344436","HLA-DPA1",-0.0720475945424131
"chr2-98086624-98087520","ZAP70",-0.0721701873487089
"chr19-48511498-48512403","PPP1R15A",-0.0721762794285829
"chr11-60985918-60986814","SLC15A3",-0.072187593182527
"chr9-128053351-128054193","SPTAN1",-0.0722754675040133
"chr12-121590759-121591226","P2RX7",-0.0723300328967725
"chr17-78416714-78417626","TMC8",-0.0723588711879396
"chr12-8953711-8954643","CLEC4E",-0.0723689676335144
"chr22-38946983-38947889","RPL3",-0.0723952094023481
"chr17-78416714-78417626","TNRC6C",-0.0725027545212582
"chr19-55178955-55179834","TMEM150B",-0.0726668398916154
"chr19-10104405-10105260","ICAM1",-0.0727235356010497
"chr7-2508340-2509205","TTYH3",-0.0727696633518082
"chr11-66257054-66257926","FOSL1",-0.0727721840508092
"chr3-40299546-40300449","RPL14",-0.0728704902741747
"chr21-44083550-44084420","AGPAT3",-0.0729399050161078
"chr12-10121085-10121837","CD69",-0.0730807742468445
"chr15-69610119-69610966","RPLP1",-0.0731047424554378
"chr1-15578850-15579712","EFHD2",-0.0731180775344534
"chr12-6643833-6644476","CD27",-0.0731248245153485
"chr17-81923365-81924155","CD7",-0.0731737810264847
"chr8-125505599-125506548","LINC00861",-0.0732313630039848
"chr12-10068514-10069320","CD69",-0.0732519952679239
"chr6-132734484-132735347","RPS12",-0.0733729066114558
"chr2-127064500-127065413","BIN1",-0.0734234736724624
"chr2-97718331-97719207","TMEM131",-0.0734996449569638
"chr6-137715462-137716371","IFNGR1",-0.0736235921455297
"chr19-49567813-49568678","FCGRT",-0.0736739920342271
"chr17-77869429-77870328","TNRC6C",-0.0738315064335299
"chr22-37121918-37122818","LGALS2",-0.0738464037293192
"chr19-660101-660886","CFD",-0.073926945925313
"chr18-3747163-3748080","MYL12A",-0.074123193886877
"chr4-26288180-26289032","SEL1L3",-0.074203936419553
"chr11-821820-822625","RPLP2",-0.0743187310763338
"chr16-11560419-11561286","SNX29",-0.0744281170147013
"chr20-58691426-58692014","ZNF831",-0.0744300869246451
"chr11-74990074-74990805","RPS3",-0.0744317519795213
"chr17-78174212-78175058","TNRC6C",-0.0744491528405279
"chr16-2015142-2016036","RPS2",-0.074497277304779
"chr6-34284477-34285383","RPS10",-0.0745193872794595
"chr21-44083550-44084420","TRPM2",-0.0745242065728979
"chr7-2623114-2623956","CARD11",-0.0745733010044142
"chr20-59165848-59166769","CTSZ",-0.0746252836528139
"chr19-17480946-17481786","RPL18A",-0.0746353425642626
"chr6-35369964-35370865","RPL10A",-0.074651222064909
"chr21-33491225-33492145","IFNGR2",-0.0746542810192952
"chr16-3158378-3159294","MEFV",-0.0746763408315695
"chr17-74569322-74570226","RPL38",-0.074767846850944
"chr11-117841805-117842672","CD3E",-0.0747713512999969
"chr11-117906951-117907853","CD3D",-0.0748067169758742
"chr17-40607695-40608651","RARA",-0.0749341658841088
"chr17-7383816-7384720","TNFSF13",-0.0750560283920135
"chr11-66970555-66971460","TBC1D10C",-0.0750623971681489
"chrX-15751087-15752001","AP1S2",-0.0750861657516973
"chr19-16368829-16369564","HSH2D",-0.0751265504538113
"chr9-113376550-113377469","FKBP15",-0.0751439992685676
"chr17-78388338-78389265","TMC8",-0.075202104559896
"chr11-821174-821701","RPLP2",-0.075253521821203
"chr19-8646138-8647046","RPS28",-0.0752577228065073
"chr19-35448530-35449387","HCST",-0.0752976878412907
"chr17-7120536-7121107","ACAP1",-0.0753281353768999
"chr1-28246094-28246659","THEMIS2",-0.0753479603757026
"chr11-117835853-117836717","CD3E",-0.0754083807724873
"chr11-61041944-61042863","SLC15A3",-0.0755936577836535
"chr14-100297100-100297948","EVL",-0.0758010376028067
"chr12-9764551-9765435","GABARAPL1",-0.0758272630236906
"chr19-1066704-1067611","ARID3A",-0.0758308414551581
"chr5-150477075-150477893","RPS14",-0.0758435029776056
"chr12-121590759-121591226","CAMKK2",-0.0761318505591464
"chr19-48492837-48493807","RPL18",-0.0761543523361952
"chr22-50620351-50621083","ODF3B",-0.0761736007325242
"chr11-61021436-61022323","SLC15A3",-0.0761962330247768
"chr2-127064500-127065413","GYPC",-0.0763155483713926
"chr12-55996833-55997674","RPS26",-0.0764038512049775
"chr15-38564439-38565125","SPRED1",-0.0764176820685869
"chr17-74972332-74973189","GRB2",-0.0765028924521825
"chr3-187999648-188000483","BCL6",-0.0766277070949068
"chr9-62838046-62838954","LINC01410",-0.0766520373698906
"chr19-1030302-1031221","ARID3A",-0.0767376124828941
"chr16-31700204-31701007","ITGAM",-0.076761075222732
"chr2-73984815-73985561","TET3",-0.0767952363969334
"chr19-908929-909801","MIDN",-0.0768624478477191
"chr19-8484066-8484983","RPS28",-0.0769038517895389
"chr19-45152588-45153411","FOSB",-0.0769571660032749
"chr10-71817668-71818540","SPOCK2",-0.0769628090879968
"chr19-543546-544460","ARID3A",-0.0769655305150149
"chr19-41409422-41410329","CEACAM21",-0.0772373758256173
"chr17-74690210-74691105","RPL38",-0.0774622258634165
"chr21-44657330-44658263","TRPM2",-0.0774830416228991
"chr17-1870327-1871105","SLC43A2",-0.0774963036900043
"chr3-12458682-12459594","RPL32",-0.0775832409345102
"chr11-65610733-65611607","PACS1",-0.0776458124700224
"chr5-177455294-177455981","DOK3",-0.0776969472400271
"chr20-36573041-36573914","SAMHD1",-0.0777336579404198
"chr12-10068514-10069320","CLEC2D",-0.0777900719881289
"chr22-38952435-38952920","RPL3",-0.077796101912513
"chr19-18436929-18437722","LRRC25",-0.0778471353169514
"chr1-161216800-161217658","LY9",-0.077856094889001
"chr9-19153844-19154730","RPS6",-0.0779169781777516
"chr9-133683383-133684240","VAV2",-0.0781590809054435
"chr10-88385495-88386368","ANKRD22",-0.0781899380809388
"chr16-23948583-23949359","PRKCB",-0.0782324556848923
"chr9-277361-278221","DOCK8",-0.0783082863326928
"chr19-17559901-17560730","RPL18A",-0.0783145111215291
"chr5-129094232-129095113","FBN2",-0.0783624089835597
"chr22-31638089-31639000","PIK3IP1",-0.0784326157506687
"chr17-7455179-7455984","CD68",-0.078466778191694
"chr6-6613945-6614732","LY86",-0.078682934913879
"chr22-50620351-50621083","PLXNB2",-0.078745789147461
"chr17-78412797-78413661","TNRC6C",-0.0789072363806389
"chr12-6167512-6168367","CD27",-0.0789170041191399
"chr16-3258790-3259672","NLRC3",-0.0789892645386421
"chr2-74421280-74422122","HK2",-0.0790122812138608
"chr17-78779516-78780352","TIMP2",-0.0790751560008201
"chr9-133133476-133134368","SLC2A6",-0.0791029384690971
"chr1-150151188-150152020","MCL1",-0.0791084727601314
"chr9-127519059-127519973","FAM102A",-0.0795429255577912
"chr19-55326300-55327215","RPL28",-0.0796134400921079
"chr19-6066948-6067720","RPL36",-0.0796768201315779
"chr19-18294283-18295187","LRRC25",-0.0797259032503062
"chr20-59007851-59008657","ZNF831",-0.0797715734091949
"chr10-6151045-6151975","PRKCQ",-0.0797810857968203
"chr22-35660527-35661332","TOM1",-0.0798110124089907
"chr2-97713149-97714033","TMEM131",-0.0799014749893666
"chr19-6459948-6460874","RFX2",-0.0799299446967145
"chr17-3754676-3755575","P2RX1",-0.0800258476088502
"chr7-2863379-2864260","CARD11",-0.0802162896550327
"chr6-33343580-33344436","HLA-DMB",-0.0802933511561361
"chr15-45048432-45049352","B2M",-0.080297716567087
"chr12-55847641-55848503","RPS26",-0.0803101405661894
"chr19-42199010-42199651","POU2F2",-0.0804192761582601
"chr22-39308498-39309426","RPL3",-0.0805412225587063
"chr2-74421280-74422122","TET3",-0.0806578840619337
"chr17-78541571-78542451","TMC8",-0.0808719499395593
"chr1-150281965-150282773","MCL1",-0.0808814809686504
"chr20-40688893-40689754","PLCG1",-0.0809278807544676
"chr17-81837386-81838290","CD7",-0.080944259028154
"chr17-74981907-74982806","GRB2",-0.080997620659878
"chr4-152100276-152101147","FBXW7",-0.0813192392484082
"chr6-30781573-30782454","HLA-C",-0.0817109854708641
"chr16-50547360-50547930","NOD2",-0.0819564018530095
"chr14-75247222-75248114","JDP2",-0.0819854738601452
"chr10-71768674-71769485","PSAP",-0.0820025989290031
"chr6-31572021-31572925","AIF1",-0.0820238443696162
"chr18-48940494-48941398","CTIF",-0.0820521984636638
"chr1-32339289-32340196","LCK",-0.0821502676945999
"chr18-3177686-3178603","MYL12A",-0.0823443110674058
"chr1-28246094-28246659","PTAFR",-0.0823584981541381
"chr16-3256202-3257115","IL32",-0.0829558305840074
"chr17-82126428-82127353","SECTM1",-0.0830162828204932
"chr20-59145663-59146517","CTSZ",-0.0830555326172453
"chr16-89723481-89724295","FAM157C",-0.0832181409869113
"chr19-947448-948346","GZMM",-0.0832512225393374
"chrX-154542011-154542750","RPL10",-0.0832977773973276
"chr2-74002159-74003036","TET3",-0.0833332427633895
"chr19-17764866-17765754","RPL18A",-0.0833733179111714
"chr12-10128412-10129279","KLRK1",-0.0834976290508429
"chr11-119509811-119510692","RPS25",-0.0835567372461157
"chr15-69725739-69726645","RPLP1",-0.0836454979451182
"chr19-41626696-41627596","RPS19",-0.0837212769859132
"chr17-82216336-82217195","CD7",-0.0837835896260887
"chr12-9751606-9752440","CLEC12A",-0.0838363416304473
"chr5-132747041-132747845","IRF1",-0.0839955866954695
"chr6-32153824-32154409","HLA-DRB1",-0.0840624432803727
"chr10-71860191-71861095","SPOCK2",-0.0842704803248173
"chr9-127835525-127836426","FAM102A",-0.0843325140142984
"chr16-29290581-29291483","LAT",-0.0844300285251464
"chr6-33533001-33533935","HLA-DPB1",-0.0844671952239583
"chr17-81326691-81327540","ACTG1",-0.0845557536702675
"chr19-35909090-35909965","HCST",-0.0849866710771941
"chr2-142873012-142873718","ARHGAP15",-0.0852335025685649
"chr17-40333810-40334735","CCR7",-0.085557333368759
"chr10-71890013-71890773","SPOCK2",-0.0856303225420837
"chr14-75249278-75250199","FLVCR2",-0.0857935727640699
"chr17-39161044-39161943","RPL19",-0.0858776040411001
"chr11-60954359-60954922","CD6",-0.0861434720779346
"chr2-60819220-60820138","REL",-0.0861632789299911
"chr1-161530644-161531487","FCGR2A",-0.0862219677689019
"chr19-8540371-8541276","RPS28",-0.0863171911382439
"chr17-82126428-82127353","MAFG",-0.0863719229432425
"chr10-71805553-71806447","SPOCK2",-0.0864440805289536
"chr1-182615846-182616711","GLUL",-0.0865367717548932
"chr11-60951974-60952795","CD6",-0.0866547671563236
"chr1-161083173-161084092","LY9",-0.0870192942436445
"chr3-122769200-122770113","PARP15",-0.0870700170450808
"chr16-31487529-31488454","ITGAM",-0.0871880661593263
"chr18-46155596-46156419","PSTPIP2",-0.0873984304303013
"chr19-17717120-17718021","RPL18A",-0.0875613626954462
"chr19-53365233-53366129","NLRP12",-0.0876043660693108
"chr12-55642143-55642986","RPS26",-0.0878384384229277
"chr19-1180194-1181092","RPS15",-0.0880020920505742
"chr12-56683897-56684724","LRP1",-0.0880362305691232
"chr17-75525140-75526013","GRB2",-0.0881369116964465
"chr12-10186114-10186944","CD69",-0.0882378070060057
"chr11-65150470-65151365","FAU",-0.0882736842977764
"chr2-196175855-196176761","STK17B",-0.0883211489528578
"chr14-92263661-92264510","TC2N",-0.0884670056299552
"chr17-40333810-40334735","IKZF3",-0.0885740236583035
"chr10-72248398-72249178","MICU1",-0.0886512481523066
"chr7-43572235-43573143","STK17A",-0.0887179557199082
"chr7-150435281-150436181","GIMAP7",-0.088803604212872
"chr11-65487357-65488225","FAU",-0.08893979154219
"chr19-17001488-17002383","MYO9B",-0.0890707458528755
"chr11-48001319-48002234","PTPRJ",-0.0890729129322692
"chr17-82126428-82127353","SLC16A3",-0.0890838965615711
"chr16-1470703-1471526","RPS2",-0.0891740925826785
"chr17-81837386-81838290","ACTG1",-0.0891786893797204
"chr22-50525314-50526136","PLXNB2",-0.0893521241814246
"chr1-32337276-32338149","LCK",-0.0894538766124245
"chr20-62727809-62728756","RPS21",-0.0895445757745524
"chr19-42423268-42424191","POU2F2",-0.0896747140046424
"chr17-7887231-7888088","CD68",-0.0896999284211138
"chr12-55847641-55848503","RPL41",-0.0897664251873483
"chr13-40402088-40402985","FOXO1",-0.0897723678079397
"chr5-150058459-150059363","RPS14",-0.0897919314030115
"chr14-73713917-73714695","NUMB",-0.0899604322034583
"chr11-118398565-118399450","JAML",-0.090064834636913
"chr5-150488340-150489176","RPS14",-0.0901424640028046
"chr19-39430465-39431384","RPS16",-0.0903408430972062
"chr12-9751606-9752440","CLEC7A",-0.0904577881235148
"chr3-12999115-13000001","RPL32",-0.0906418843692634
"chr11-59550217-59550992","MPEG1",-0.09064932191797
"chr21-33491225-33492145","ITSN1",-0.0906630348517417
"chr12-14961223-14962033","PLBD1",-0.090751582004205
"chr15-59803421-59804324","MYO1E",-0.090802196078799
"chr1-161038486-161039387","FCER1G",-0.0908772803135575
"chr19-1901653-1902407","RPS15",-0.0909169818190802
"chr14-91873222-91874080","SLC24A4",-0.0910928112452056
"chr11-13868808-13869721","FAR1",-0.091402157181084
"chr12-47355991-47356880","PCED1B-AS1",-0.0914172151638834
"chr1-161020805-161021673","FCER1G",-0.0914401247913175
"chr17-19771804-19772695","SPECC1",-0.0914986446589483
"chr12-123075516-123076384","RILPL2",-0.0915260342031737
"chr8-38368248-38369128","RAB11FIP1",-0.0918667247162334
"chr3-39166960-39167821","RPSA",-0.0919568634506372
"chr17-1871617-1872470","SLC43A2",-0.0920229512936832
"chr19-5947161-5948049","RPL36",-0.0920721259268306
"chr22-31230469-31231178","PIK3IP1",-0.0920877799440732
"chr19-510616-511501","CFD",-0.0921223636645782
"chr20-1265944-1266768","SIRPB2",-0.0921224381897829
"chr12-55676483-55677379","RPS26",-0.0922575716776583
"chr19-54952239-54953149","RPL28",-0.0924121952960197
"chr6-37209216-37210071","FGD2",-0.0926409852382532
"chr17-78337214-78338137","TMC8",-0.0926733363908542
"chr11-61162530-61163239","CD6",-0.0928992828509211
"chr9-504101-505026","DOCK8",-0.0929182479890684
"chr2-143258163-143258992","KYNU",-0.0930532003180832
"chr1-12177674-12178508","TNFRSF1B",-0.0931167290598065
"chr10-72107127-72107945","PSAP",-0.0932057009066414
"chr15-90539505-90540412","IQGAP1",-0.09321696038018
"chr11-61347726-61348624","CD6",-0.0932891664722617
"chr19-45770172-45770967","FOSB",-0.093433180140352
"chr19-49911094-49911993","RPL13A",-0.0934828802048109
"chr16-2905259-2906196","IL32",-0.0936302331167856
"chr11-65776006-65776722","CTSW",-0.0937900195368466
"chr6-44058462-44059247","HSP90AB1",-0.0940714522468902
"chr7-25950869-25951781","SNX10",-0.094414151027599
"chr11-85823564-85824471","PICALM",-0.0944369977505368
"chr10-30999075-30999906","ZEB1",-0.0946325309964004
"chr9-128053351-128054193","FAM102A",-0.0950386449824249
"chr12-11545459-11546394","ETV6",-0.0952571922371527
"chr10-31707098-31707977","ZEB1",-0.0955259319303935
"chr14-22569971-22570885","SLC7A7",-0.0960891911897631
"chr19-48622201-48623049","RPL18",-0.096377782149503
"chr5-150142623-150143523","RPS14",-0.0965855893708698
"chr1-150281965-150282773","ADAMTSL4-AS1",-0.096601092516758
"chr1-109502199-109503045","SORT1",-0.09664292537285
"chr19-908929-909801","CFD",-0.0967216361510989
"chr14-60331268-60332087","RTN1",-0.0967581000836949
"chr19-1154812-1155678","RPS15",-0.0969312458950444
"chr10-71753321-71754188","SPOCK2",-0.0970538551973414
"chr17-44219391-44220312","GRN",-0.0971228662954616
"chr20-63803384-63804336","LIME1",-0.0971735839731308
"chr17-78337214-78338137","TNRC6C",-0.0972031999000716
"chr1-206464340-206465255","FCMR",-0.097385717191417
"chr6-41732422-41733266","TREM1",-0.0974451249237124
"chr1-154456496-154457168","RPS27",-0.097490728972597
"chr6-32153824-32154409","HLA-DRA",-0.0975756666788192
"chr6-36912361-36913167","FGD2",-0.0976395496042339
"chr1-150563118-150563939","ADAMTSL4-AS1",-0.0979472870241686
"chr11-107927939-107928812","ATM",-0.0980810067969319
"chr20-59159205-59160085","CTSZ",-0.098130946816004
"chr6-33533001-33533935","HLA-DPA1",-0.0982016315485716
"chr11-118088275-118089179","CD3E",-0.0983456983994316
"chr19-54900862-54901771","RPL28",-0.0983508129006952
"chr19-703567-704496","GZMM",-0.098480317193411
"chr1-109113606-109114463","SORT1",-0.0985783221988585
"chr1-12617801-12618626","TNFRSF1B",-0.0986248130379639
"chr17-1200847-1201778","SLC43A2",-0.0989837460534036
"chr19-49500598-49501497","FCGRT",-0.0991725126116423
"chr10-71828879-71829777","SPOCK2",-0.0993646816442576
"chr21-33948371-33949117","ITSN1",-0.0994609706279098
"chr7-2637235-2638132","CARD11",-0.0995258955156599
"chr1-161038486-161039387","FCGR2A",-0.0996694428638389
"chr11-65132066-65132860","NEAT1",-0.10009305615879
"chr9-133845123-133846028","RPL7A",-0.100154181247922
"chr10-71867971-71868875","SPOCK2",-0.100221031543152
"chr17-40130384-40131285","IKZF3",-0.100369520190377
"chr14-22561508-22562382","SLC7A7",-0.100403450762762
"chr10-31318711-31319532","ZNF438",-0.10045913221064
"chr12-56320751-56321655","RPS26",-0.100488925362139
"chr1-160837285-160838165","FCER1G",-0.100715452934817
"chr11-85752601-85753498","PICALM",-0.100968400959563
"chr22-39090283-39091173","APOBEC3A",-0.101529494335552
"chr9-133112393-133113307","RPL7A",-0.10154809774902
"chr2-98012395-98013309","ZAP70",-0.101673030039212
"chr1-1629782-1630675","NADK",-0.101726670003132
"chr10-72334737-72335570","PSAP",-0.101796026578258
"chr17-29043078-29043916","RPL23A",-0.101975265493264
"chr11-118530595-118531519","JAML",-0.102137982743194
"chr12-55996833-55997674","RPL41",-0.10218454059891
"chr11-65776006-65776722","PACS1",-0.102957627015582
"chr17-75036394-75037308","GRB2",-0.102981336085169
"chr11-61356895-61357781","CD6",-0.103215329232617
"chr11-118088275-118089179","CD3G",-0.103317770474734
"chr1-206467701-206468607","FCMR",-0.103481644580319
"chr8-125601793-125602552","LINC00861",-0.103689402596191
"chr9-98101618-98102527","TBC1D2",-0.103859595921199
"chr6-31572021-31572925","LST1",-0.103883394715676
"chr1-154431259-154432118","RPS27",-0.10424015574276
"chr19-6056953-6057875","RPL36",-0.104317360165721
"chr8-38359170-38360020","RAB11FIP1",-0.104355730169395
"chr20-59149577-59150489","CTSZ",-0.104391722895161
"chr17-7383816-7384720","CD68",-0.104393305980988
"chr6-33375788-33376576","RPS18",-0.104421629831073
"chr3-12681630-12682522","RPL32",-0.104434017298451
"chr16-11232804-11233714","CIITA",-0.104489725694816
"chr14-75249278-75250199","JDP2",-0.104504751533644
"chr6-36539978-36540904","FGD2",-0.104565449847205
"chr22-49838587-49839483","PLXNB2",-0.104755596593956
"chr11-118010668-118011531","CD3G",-0.105074370713098
"chr12-55676483-55677379","RPL41",-0.105209870298292
"chr12-9615190-9616052","CLEC12A",-0.105738220717595
"chr16-1469497-1470332","RPS2",-0.105782084141605
"chr19-18290062-18290868","IFI30",-0.105995247576015
"chr18-2636558-2637408","EMILIN2",-0.106531275506263
"chr12-55929115-55930002","STAT2",-0.106611232757358
"chr1-207204792-207205678","FCMR",-0.106638456216015
"chr10-71597916-71598806","SPOCK2",-0.106959644687951
"chr1-2049872-2050768","NADK",-0.107089013591572
"chr12-10027460-10028345","CLEC2D",-0.107196226893242
"chr19-18436929-18437722","IFI30",-0.107558003675549
"chr12-69330828-69331637","LYZ",-0.107648549993187
"chr14-73591697-73592625","NUMB",-0.107677684689614
"chr20-36845789-36846620","SAMHD1",-0.107850758608218
"chr12-10167343-10168261","CD69",-0.107974813340605
"chr17-76199187-76200073","RHBDF2",-0.108141552700644
"chr12-55642143-55642986","RPL41",-0.108499914320182
"chr19-48967282-48968212","RPL18",-0.108654406342579
"chr12-9669252-9670111","CLEC12A",-0.108765456138058
"chr10-69344488-69345328","SRGN",-0.108875009905627
"chr17-76191617-76192477","RHBDF2",-0.10890792697642
"chr12-9650483-9651340","CLEC12A",-0.109350016381944
"chr19-18119332-18120075","IFI30",-0.109867177001131
"chr11-118010668-118011531","CD3E",-0.109937116141319
"chr16-31695446-31696334","ITGAX",-0.109977729296301
"chr12-10128412-10129279","CLEC2D",-0.109981050439698
"chr17-74972332-74973189","CD300E",-0.109997415669071
"chr4-40563563-40564406","RHOH",-0.110212074753752
"chr19-14090548-14091426","ADGRE5",-0.110911260533608
"chr16-89957788-89958646","RPL13",-0.111116352175879
"chr19-41887289-41888223","POU2F2",-0.112016008970574
"chr14-73612280-73613191","NUMB",-0.112021988936535
"chr11-118338370-118339256","JAML",-0.112571555824307
"chr22-50469599-50470486","ODF3B",-0.112799555000744
"chr17-76752957-76753724","RHBDF2",-0.113511785748632
"chr16-89719009-89719853","RPL13",-0.11369158861449
"chr13-112968763-112969593","ATP11A",-0.114156495026527
"chr11-61163925-61164849","CD6",-0.11424351156844
"chr19-35958867-35959725","TYROBP",-0.114604537106638
"chr17-78592137-78593016","TMC8",-0.114660299991914
"chr12-10027460-10028345","CD69",-0.114696829296465
"chr16-1938079-1938956","RPS2",-0.115331301636203
"chr19-45769037-45769826","FOSB",-0.115362332060526
"chr1-153566215-153567026","RPS27",-0.115724117047915
"chr1-150281965-150282773","CTSS",-0.115896622764762
"chr14-91836126-91836967","SLC24A4",-0.11652941690568
"chr22-38951624-38952319","RPL3",-0.116570402003914
"chr7-150668176-150669104","TMEM176B",-0.116780341436266
"chr16-31487529-31488454","ITGAX",-0.116830418898548
"chr22-50525314-50526136","SCO2",-0.117244548435985
"chr11-65290458-65291341","FAU",-0.117293062488151
"chr10-97849476-97850404","RRP12",-0.11759533138142
"chr12-9669252-9670111","CLEC7A",-0.11762824065296
"chr19-39398328-39398865","RPS16",-0.118110041238082
"chr6-37502486-37503389","FGD2",-0.118373565425224
"chr4-128811121-128811669","SCLT1",-0.118737446389999
"chr19-8423596-8424403","RPS28",-0.118870974967966
"chr1-153790753-153791638","RPS27",-0.118911109117101
"chr2-60819220-60820138","BCL11A",-0.119000821492165
"chr6-132713549-132714408","RPS12",-0.119739710024606
"chr11-62640466-62641374","AHNAK",-0.120404426701031
"chr1-156816397-156817300","ARHGEF11",-0.120696040408657
"chr4-40621428-40622319","RHOH",-0.120843931919412
"chr1-160795613-160796532","FCER1G",-0.121664114956973
"chr18-63444354-63445243","BCL2",-0.12178103280795
"chr17-1293922-1294794","SLC43A2",-0.121807610963746
"chr22-38957077-38957942","RPL3",-0.122225112853172
"chr10-71637771-71638679","SPOCK2",-0.122397110237695
"chr4-40600719-40601503","RHOH",-0.122527116137118
"chr7-100344603-100345559","PILRA",-0.122925647878827
"chr16-3258790-3259672","IL32",-0.123065146627316
"chr11-118088275-118089179","CD3D",-0.123410309889618
"chr14-100159244-100160117","WARS",-0.124037633536819
"chr19-18294283-18295187","IFI30",-0.12482655415755
"chr12-9760684-9761272","CLEC12A",-0.124877192636723
"chr1-150563118-150563939","CTSS",-0.124959601285158
"chr19-49515552-49516448","RPL13A",-0.125978452650576
"chr22-41939818-41940699","NFAM1",-0.126459175853852
"chr16-31700204-31701007","ITGAX",-0.126805663773753
"chr12-10128412-10129279","CD69",-0.127332536170904
"chr5-150783335-150784242","CD74",-0.127533781753191
"chr9-113376550-113377469","SLC31A2",-0.127548846983685
"chr22-50469599-50470486","PLXNB2",-0.127823321200251
"chr22-39292286-39293171","RPL3",-0.128104693214638
"chr19-8640006-8640907","RPS28",-0.128315443784248
"chr7-100220976-100221895","PILRA",-0.128441037768543
"chr6-41723207-41724114","CCND3",-0.128760250884756
"chr10-72086871-72087768","PSAP",-0.129107093201998
"chr22-38569876-38570788","APOBEC3A",-0.129716409437702
"chr19-41409422-41410329","RPS19",-0.129759014564332
"chr1-92962292-92963079","EVI5",-0.129801538709131
"chr19-14521816-14522728","ADGRE2",-0.129822309946875
"chr4-40197762-40198521","RBM47",-0.130442210862533
"chr14-22556140-22556919","SLC7A7",-0.131414625337582
"chr11-118010668-118011531","CD3D",-0.13189078889398
"chr2-142874072-142874948","ARHGAP15",-0.132726898526786
"chr10-71888489-71889409","SPOCK2",-0.133727096967676
"chr14-61103537-61104378","PRKCH",-0.133773868677904
"chr17-78198678-78199600","TMC8",-0.135593253434408
"chr1-92961030-92961878","EVI5",-0.135682526732292
"chr1-235867936-235868646","LYST",-0.135705785204899
"chr14-100375043-100375845","EVL",-0.138538837031246
"chr4-40196496-40197329","RBM47",-0.138703836522703
"chr11-65424882-65425686","NEAT1",-0.139272240971224
"chr15-100596549-100597447","LRRK1",-0.139415741634342
"chr22-38941335-38942224","RPL3",-0.139953251205218
"chr17-78442410-78443321","TMC8",-0.140224354173061
"chr12-9741487-9742392","CLEC12A",-0.140993130167533
"chr1-167601202-167602063","CD247",-0.141541045153701
"chr4-143336157-143337040","INPP4B",-0.141754669799593
"chr11-65546202-65547094","NEAT1",-0.141797104458024
"chr19-8208952-8209844","MYO1F",-0.143455364138252
"chr10-72248398-72249178","PSAP",-0.143822469382834
"chr4-107824505-107825371","LEF1",-0.144130148802418
"chr7-2757867-2758740","CARD11",-0.14478122433321
"chr14-50038381-50039274","RPS29",-0.147710348039765
"chr4-40283762-40284612","RBM47",-0.147845701105922
"chr4-185203565-185204451","ACSL1",-0.149093862162628
"chr17-78442410-78443321","TNRC6C",-0.14935631545755
"chr18-63236183-63237065","BCL2",-0.149394425441374
"chr14-75249278-75250199","FOS",-0.149580258077976
"chr9-4596303-4597184","JAK2",-0.149739780474292
"chr4-185142810-185143710","ACSL1",-0.151763457562016
"chr11-65639407-65640228","NEAT1",-0.151851421451348
"chr7-150974249-150975148","TMEM176B",-0.152389438285662
"chr12-9741487-9742392","CLEC7A",-0.157234699988254
"chr7-140229717-140230362","TBXAS1",-0.158200911414775
"chr10-72088255-72089092","PSAP",-0.158511737022006
"chr1-150696857-150697770","CTSS",-0.158597845238879
"chr17-78198678-78199600","TNRC6C",-0.158718421528816
"chr4-40576786-40577705","RHOH",-0.158958819337163
"chr12-9647708-9648631","CLEC12A",-0.160289341295892
"chr4-185209155-185209981","ACSL1",-0.1606268008803
"chr19-45468967-45469782","FOSB",-0.160822138159425
"chr22-50469599-50470486","SCO2",-0.164365650453184
"chr8-125512747-125513646","LINC00861",-0.166312618953025
"chr22-38953719-38954616","RPL3",-0.167218263017578
"chr19-8208952-8209844","PRAM1",-0.168952413278864
"chr2-218879922-218880852","SLC11A1",-0.169516661793302
"chr22-38967490-38968394","RPL3",-0.172922099740709
"chr12-9764551-9765435","CLEC12A",-0.175365234011099
"chr7-106022037-106022979","NAMPT",-0.176960199632351
"chr12-9647708-9648631","CLEC7A",-0.177242690237245
"chr22-50525314-50526136","TYMP",-0.179090960036999
"chr4-40301364-40302273","RBM47",-0.179994456932363
"chr12-9764551-9765435","CLEC7A",-0.196890899843756
"chr20-32536092-32536923","HCK",-0.210283364467296
"chr22-25067874-25068767","GRK3",-0.21437987069095
"chr22-50469599-50470486","TYMP",-0.249558074215426
